mod_id,name_cn,local_name_en,notes,tags,nexus_url,title_en,author,category,summary,thumbnail,nexus_requirements
2400,Stardew 改装 API,SMAPI - Stardew Modding API,必装所有mod的前提,#前置,https://www.nexusmods.com/stardewvalley/mods/2400,SMAPI - Stardew Modding API,Pathoschild,未知分类,The mod loader for Stardew Valley.,https://staticdelivery.nexusmods.com/mods/1303/images/2400/2400-1739896414-1995424095.png,
1915,内容修补工具,Content Patcher,前置mod,#前置,https://www.nexusmods.com/stardewvalley/mods/1915,Content Patcher,Pathoschild,未知分类,"Loads content packs that change the game's data, images, and maps without replacing XNB files.",https://staticdelivery.nexusmods.com/mods/1303/images/1915/1915-1519967846-411398257.png,
1348,太空核心,SpaceCore,前置mod,#前置,https://www.nexusmods.com/stardewvalley/mods/1348,SpaceCore,spacechase0,未知分类,A framework mod used by some of my other mods.,https://staticdelivery.nexusmods.com/mods/1303/images/1348/1348-1757873504-1684389719.png,
2341,星尘之芯,Stardust Core,前置mod,#前置,https://www.nexusmods.com/stardewvalley/mods/2341,Stardust Core,Alpha_Omegasis,未知分类,A mod used as a core library for some of Omegasis's mods.,https://staticdelivery.nexusmods.com/mods/1303/images/2341/2341-1533756507-295583858.png,
999,肖像,Portraiture,前置mod,#前置,https://www.nexusmods.com/stardewvalley/mods/999,Portraiture,Platonymous,未知分类,Add higher resolution portraits and easily switch between different Portrait Mods.,https://staticdelivery.nexusmods.com/mods/1303/images/999/999-1708325606-396087420.png,
9246,AT替代纹理,AlternativeTextures,前置mod,#前置,https://www.nexusmods.com/stardewvalley/mods/9246,Alternative Textures,PeacefulEnd,未知分类,"Framework which enables texture variation for placeable objects, buildings and entities in Stardew Valley.",https://staticdelivery.nexusmods.com/mods/1303/images/9246/9246-1628558331-28906488.png,
1720,JA,JsonAssets,前置mod,#前置,https://www.nexusmods.com/stardewvalley/mods/1720,Json Assets,spacechase0,未知分类,Lets content packs add custom content to the game.,https://images.nexusmods.com/mod-headers/1303/1720.jpg,
5098,通用模块配置菜单（GMCM）,Generic Mod Config Menu,管理设置mod,#前置,https://www.nexusmods.com/stardewvalley/mods/5098,Generic Mod Config Menu (GMCM),spacechase0,未知分类,Adds an in-game UI to edit other mods' config options.,https://staticdelivery.nexusmods.com/mods/1303/images/5098/5098-1578097159-913064158.png,
239,npc位置,NPCMapLocation,,,https://www.nexusmods.com/stardewvalley/mods/239,NPC Map Locations,Bouhm and Pathoschild,未知分类,"See NPC and players on the map, with an optional minimap.",https://staticdelivery.nexusmods.com/mods/1303/images/239/239-1522469229-1390441983.png,
541,查找一切,LookupAnything,,,https://www.nexusmods.com/stardewvalley/mods/541,Lookup Anything,Pathoschild,未知分类,"See live info about whatever's under your cursor when you press F1. Learn a villager's favourite gifts, when a crop will be ready to harvest, how long a fence will last, why your farm animals are unhappy, and more.",https://staticdelivery.nexusmods.com/mods/1303/images/541-0-1482010183.png,
2697,跳过钓鱼,SkipFishingMinigameDotnet5,,,https://www.nexusmods.com/stardewvalley/mods/2697,Skip Fishing Minigame,DewMods,未知分类,Do fish laugh at you while escaping with your bait and tackle? <br /><br />You can now catch them without any struggle. Just hook them when they bite and you're done!<br /><br />Now updated with auto-fish (enable via config).,https://staticdelivery.nexusmods.com/mods/1303/images/2697/2697-1534647668-943019878.jpeg,
8897,水中的鱼,VisibleFish,,,https://www.nexusmods.com/stardewvalley/mods/8897,Visible Fish - see catchable fish in the water,shekurika,未知分类,This mod shows fish that are currently catchable in the water. Works with modded locations + fish!,https://staticdelivery.nexusmods.com/mods/1303/images/8897/8897-1623348043-1700818736.png,
518,随时开箱,ChestAnywhere,,,https://www.nexusmods.com/stardewvalley/mods/518,Chests Anywhere,Pathoschild,未知分类,"Access your chests, dressers, fridge, shipping bin, and Junimo huts from anywhere and organise them your way. Transfer items without having to run around, from the comfort of your bed to the deepest mine level. Includes optional balanced mode.",https://staticdelivery.nexusmods.com/mods/1303/images/518/518-1719508287-1183164544.png,
10384,一键整理箱子方便的库存,Convenient Inventory,,,https://www.nexusmods.com/stardewvalley/mods/10384,Convenient Inventory,gaussfire,未知分类,"Adds convenience features to the player's inventory, such as quick stack to nearby chests and favorited items.",https://staticdelivery.nexusmods.com/mods/1303/images/10384/10384-1640036713-75233347.png,
14494,所有宝箱菜单,All chests menu,,,https://www.nexusmods.com/stardewvalley/mods/14494,All Chests Menu,aedenthorn,未知分类,"Provides access to a menu displaying inventories of all player chests and the player backpack that can be sorted, swapped, filtered, organized, transferred between, renamed, etc.",https://staticdelivery.nexusmods.com/mods/1303/images/14494/14494-1668552527-671827710.png,
7098,ui2 信息套件,UI Info suite2,,,https://www.nexusmods.com/stardewvalley/mods/7098,UI Info Suite 2,Abs0rbed - tqdv - Annosz,未知分类,Provides helpful information about things around you designed to help you be aware of what's going on without feeling like you're cheating.,https://staticdelivery.nexusmods.com/mods/1303/images/7098/7098-1728998558-512440254.png,
7363,更高级的界面缩放,zoomLevel,,,https://www.nexusmods.com/stardewvalley/mods/7363,Zoom Level,thespbgamer,未知分类,Adds new keybindings to adjust the zoom level and UI level past the game limit with a simple config file to change the zoom amount and zoom caps.<br />Now it also has an option to change the camera's position.,https://staticdelivery.nexusmods.com/mods/1303/images/7363/7363-1671636558-1171691667.png,
8386,随时保存,Save Anywhere,,,https://www.nexusmods.com/stardewvalley/mods/8386,Save Anywhere,Aredjay and Sweet Panda,未知分类,"QuickSave should be used instead of this mod!<br />The mod let you save the game at (almost) every time and place, without you needing to pass the day and go to bed!",https://staticdelivery.nexusmods.com/mods/1303/images/8386/8386-1617066776-284504960.png,
20943,移动一切,Let’s MoveIt,,,https://www.nexusmods.com/stardewvalley/mods/20943,Let's Move It,Exblosis,未知分类,"Lets you easily move trees, crops, etc. and also to copy and remove.",https://staticdelivery.nexusmods.com/mods/1303/images/20943/20943-1711300159-1061422716.png,
5463,自动浇水,Aotowatering,,#自动,https://www.nexusmods.com/stardewvalley/mods/5463,Autowatering,stellarashes,未知分类,Automatically waters and fertilize your crops,https://staticdelivery.nexusmods.com/mods/1303/images/5463/5463-1582510898-197008360.png,
1019,自动开关动物门鸡舍畜棚,AutoAnimalDoors,,#自动,https://www.nexusmods.com/stardewvalley/mods/1019,AutoAnimalDoors,Aaron Taggart,未知分类,Automate the animal door opening/closing process for all your barns and coop.,https://staticdelivery.nexusmods.com/mods/1303/images/1019-0-1489953016.png,
1063,自动加工,Automate,,#自动,https://www.nexusmods.com/stardewvalley/mods/1063,Automate,Pathoschild,未知分类,"Place a chest next to a machine (like a furnace or crystalarium), and the machine will automatically pull raw items from the chest and push processed items into it. Connect multiple machines with a chest to link them.",https://staticdelivery.nexusmods.com/mods/1303/images/1063-0-1491361908.png,
20667,自动给宠物倒水,AutoFillPetBowl,,#自动,https://www.nexusmods.com/stardewvalley/mods/20667,AutoFillPetBowl,Siweipancc,未知分类,"At the start of everyday, it fills your pet's bowl.",https://staticdelivery.nexusmods.com/mods/1303/images/20667/20667-1710916889-1003765179.png,
23539,自动抚摸动物,AutomaticPettingOfAnimals,,#自动,https://www.nexusmods.com/stardewvalley/mods/23539,AutomaticPettingOfAnimals,YangZ,未知分类,Automatically pet all the animals on the farm and increase the animals' affection for you,https://staticdelivery.nexusmods.com/mods/1303/images/23539/23539-1714615198-381648459.png,
21705,自动收集松露,AutoGrab Truffles,,#自动,https://www.nexusmods.com/stardewvalley/mods/21705,Frostiverse - AutoGrab Truffles,Frostiverse,未知分类,Auto-Grabbers inside of barns that have a pig will pick up the truffles that that pig produces!,https://staticdelivery.nexusmods.com/mods/1303/images/21705/21705-1712168949-794981716.png,
21168,自动采集器,Deluxe Grabber Redux,,#自动,https://www.nexusmods.com/stardewvalley/mods/21168,Chinese - Deluxe Grabber Redux 1.6,sizau,未知分类,扩大自动采集器的生效范围，使自动采集器能够收获作物、史莱姆球、果树、树丛、采集类物品以及远古斑点。,https://staticdelivery.nexusmods.com/mods/1303/images/21168/21168-1711543197-1650763408.jpeg,
28908,自动攻击,AutoCombat,,#自动,https://www.nexusmods.com/stardewvalley/mods/28908,AutoCombat,YunHikari,未知分类,This mod provides the greatest assistance for combat automation.,https://staticdelivery.nexusmods.com/mods/1303/images/28908/28908-1730159879-1372048074.png,
3109,自动栅栏门,AutomaticGates,,#自动,https://www.nexusmods.com/stardewvalley/mods/3109,Automatic Gates,Rakiin aka ScheKaa,未知分类,Opens and closes gates automatically.,https://staticdelivery.nexusmods.com/mods/1303/images/3109/3109-1543346895-1093809142.jpeg,
22479,自动进食（矿洞）,Auto-Eat,,#自动,https://www.nexusmods.com/stardewvalley/mods/22479,Auto-Eat for 1.6,ruanimal,未知分类,Eat food automatically upon running out of stamina or health.,https://staticdelivery.nexusmods.com/mods/1303/images/22479/22479-1713059729-1086992409.png,
1895,自动钓鱼,AutoFish,,#自动,https://www.nexusmods.com/stardewvalley/mods/1895,AutoFish,WhiteMind,未知分类,Auto play fish minigame and fishing rod auto hit.,https://staticdelivery.nexusmods.com/mods/1303/images/1895/1895-1519009162-177703761.png,
15216,自动切换工具,,,#自动,https://www.nexusmods.com/stardewvalley/mods/15216,Tool Smart Switch,aedenthorn,未知分类,"Auto-switch tools in your tool bar when interacting with objects, nature, animals, etc.",https://staticdelivery.nexusmods.com/mods/1303/images/15216/15216-1674740901-1925041588.png,
20924,一键收货,,,,https://www.nexusmods.com/stardewvalley/mods/20924,Easy Harvest,season,未知分类,"Easy Harvest when wield scythe or weapon. (For 1.6)<br />Harvest Crops, Harvest Forages, Harvest Machine Products, Dig Up Earthworm Spot, Watering Crops, Search Garbage Can, etc.<br />Also can add crops in bulk to the kegs, add items in bulk to the machines, quickly cultivate around the sprinkler.",https://staticdelivery.nexusmods.com/mods/1303/images/20924/20924-1711279885-1336332570.jpeg,
18224,战斗无人机,,,,https://www.nexusmods.com/stardewvalley/mods/18224,Personal Combat Drone Redux,Prism 99,未知分类,"This is a redux version of cotboy's mod Pesonal Combat Drone.  This drone will keep you safe and kill any monster you encounter, so you can mine, fish, or be on your farm at night in peace. It can be toggled it on or off with a keyboard shortcut.",https://staticdelivery.nexusmods.com/mods/1303/images/18224/18224-1694371932-670764278.jpeg,
38895,农业无人机,,,,https://www.nexusmods.com/stardewvalley/mods/38895,Drone Warehouse,LodGvedeon,未知分类,"Automated farming comes to Stardew Valley! Build a Drone Warehouse and deploy animated drones that harvest crops, water fields, pet animals, and plant seeds — all on their own. Streamline your farm with style and efficiency! Ru/En/Es",https://staticdelivery.nexusmods.com/mods/1303/images/38895/38895-1761596125-317453610.png,
963,沙漠矿洞电梯,SkullCavernElevator,,,https://www.nexusmods.com/stardewvalley/mods/963,Skull Cavern Elevator,Lestoph,未知分类,Adds an elevator to the Skull Cavern,https://staticdelivery.nexusmods.com/mods/1303/images/963-1-1488218830.jpg,
13650,海滩矿车（艾利欧特门口,,,,https://www.nexusmods.com/stardewvalley/mods/13650,Beach Minecart (CP),UncleArya,未知分类,Adds an additional minecart location for the beach using Content Patcher.,https://staticdelivery.nexusmods.com/mods/1303/images/13650/13650-1672085266-1367013710.png,
1682,没有乌鸦,No Crows,,,https://www.nexusmods.com/stardewvalley/mods/1682,No Crows,Cat,未知分类,This mod stops crows from eating your crops! Now there's no need to worry about scarecrow placement!,https://staticdelivery.nexusmods.com/mods/1303/images/1682-2-1512283966.png,
21346,不需要煤炭,No Coal For Machines,,,https://www.nexusmods.com/stardewvalley/mods/21346,No Coal For Machines,voiddreams,未知分类,"Removes the need for coal when using the fish smoker, furnace, or heavy furnace, with an option to replace it with wood.",https://staticdelivery.nexusmods.com/mods/1303/images/21346/21346-1711750997-1801461203.jpeg,
12831,反射星星水中倒影,Dynamic Reflections,,,https://www.nexusmods.com/stardewvalley/mods/12831,Dynamic Reflections,PeacefulEnd,未知分类,Framework which enables mirror and water reflections within Stardew Valley.,https://staticdelivery.nexusmods.com/mods/1303/images/12831/12831-1657323446-1322585777.png,
6893,社区中心提示,,,,https://www.nexusmods.com/stardewvalley/mods/6893,Community Center Helper,vgperson,未知分类,"Adds in-game suggestions of where to find items for the Community Center when you hover over them in the bundle menu, and optionally in the Collections tab.",https://staticdelivery.nexusmods.com/mods/1303/images/6893/6893-1600567640-1532485823.png,
1401,拖拉机,Tractor Mod,,,https://www.nexusmods.com/stardewvalley/mods/1401,Tractor Mod,Pathoschild,未知分类,"Buy a tractor to more efficiently work with crops, clear twigs and rocks, etc.",https://staticdelivery.nexusmods.com/mods/1303/images/1401/1401-1609273527-2126312248.png,
27489,邮件送礼物,Pen Pals,,,https://www.nexusmods.com/stardewvalley/mods/27489,Pen Pals,focustense,未知分类,Gift-giving for busy farmers: make your mailbox work for you!,https://staticdelivery.nexusmods.com/mods/1303/images/27489/27489-1732909377-1123592464.png,
7842,邮件服务,Mail ServicesMod,前置mod,,https://www.nexusmods.com/stardewvalley/mods/7842,Mail Services Mod,Digus,未知分类,Provides some of Stardew Valley services through the mail. You can send and receive tool upgrades through the mail. You can complete delivery quests through the mail. You can receive recovered items through  the mail. You can send gifts through the mail.,https://staticdelivery.nexusmods.com/mods/1303/images/7842/7842-1611797791-2136868420.png,
1536,邮件框架模型,MailFrameworkMod,前置mod,,https://www.nexusmods.com/stardewvalley/mods/1536,Mail Framework Mod,Digus,未知分类,Framework to use the in game mailbox. Console commands to adjust the mail. Code and Content Pack interfaces.,https://staticdelivery.nexusmods.com/mods/1303/images/1536-0-1507520087.png,
17714,npc回礼,Reciprocate,,,https://www.nexusmods.com/stardewvalley/mods/17714,Reciprocate,YunHikari,未知分类,This mod adds a possibility for the villagers in Stardew Valley to trigger a gift-giving response when they receive a present. The likelihood of triggering this response is highly dependent on factors such as the frequency of gifts from the player and whether the gift is liked by the villager.,https://staticdelivery.nexusmods.com/mods/1303/images/17714/17714-1691301055-1394234718.png,
29793,回礼前置,SorryLabCore,前置mod,,https://www.nexusmods.com/stardewvalley/mods/29793,SorryLab Core,YunHikari,未知分类,Core mod for YunHikari mods.,https://staticdelivery.nexusmods.com/mods/1303/images/29793/29793-1732951474-170522397.png,
3214,更多戒指,Wear More Rings,,,https://www.nexusmods.com/stardewvalley/mods/3214,Wear More Rings,bcmpinc,未知分类,Configure the amount of ring slots in your inventory. By default adds 4 additional ring slots.,https://staticdelivery.nexusmods.com/mods/1303/images/3214/3214-1574958986-1349579255.png,
3213,更多戒指前置,Stardew Hack,前置mod,,https://www.nexusmods.com/stardewvalley/mods/3213,StardewHack,bcmpinc,未知分类,Library mod used by my other mods. Doesn't do much on its own.,https://staticdelivery.nexusmods.com/mods/1303/images/3213/3213-1546642687-905202654.png,
21449,果树调整,,,,https://www.nexusmods.com/stardewvalley/mods/21449,Fruit Tree Tweaks For 1.6,aedenthorn and chiccen,未知分类,"Lets you plant fruit trees next to other trees and on any map or tile, let them grow next to objects and crops, change their growth rate, set max fruit and fruit per day, days maturity required for quality crops, and more! I did not create this mod, but have been responsible for updating and maintaining it since 1.6 release 2024.",https://staticdelivery.nexusmods.com/mods/1303/images/21449/21449-1711873932-1051392383.png,
21001,npc最爱的礼物提示,Gift Taste Helper Continued x2,,,https://www.nexusmods.com/stardewvalley/mods/21001,Gift Taste Helper Continued x2,JoXW,未知分类,"Displays a helpful tooltip that shows an NPC's favourite gifts when hovering over their birthday on the calendar or the social page. <br />- A continuation of Gift Taster Helper by tstaples, and the continuation by Isi0",https://staticdelivery.nexusmods.com/mods/1303/images/21001/21001-1711363484-249731843.png,
1630,todolist,,,,https://www.nexusmods.com/stardewvalley/mods/1630,To Do List,eleanoot,未知分类,"Open a to do list allowing you to type in reminders for your own tasks you want to complete and stop forgetting what you were doing. Tasks are permanent in the list until clicked, and will remain even between save file loads.",https://staticdelivery.nexusmods.com/mods/1303/images/1630-1-1510444699.png,
20985,柜台自助服务店内无人购物,self serve,,,https://www.nexusmods.com/stardewvalley/mods/20985,Self Serve for 1.6,NeverToxic,未知分类,Don't want to wait for shop owners like Marnie and Clint while they're gone? You no longer have to! Access any shop services even while its owner isn't attending it.,https://staticdelivery.nexusmods.com/mods/1303/images/20985/20985-1711335170-181191808.jpeg,
23169,游泳,Swim Mod,,,https://www.nexusmods.com/stardewvalley/mods/23169,Swim - Continued,aedenthorn and FlyingTNT,未知分类,"Allows you to swim anywhere there is water, wear your swimsuit on land, and dive for treasure or swim with rainbow fishies.",https://staticdelivery.nexusmods.com/mods/1303/images/23169/23169-1714011895-681265304.png,
36259,星露谷背考研四六级词汇,VocabValley,,,https://www.nexusmods.com/stardewvalley/mods/36259,VocabValley,HahaGaming,未知分类,A vocabulary-learning Mod,https://staticdelivery.nexusmods.com/mods/1303/images/36259/36259-1754640582-439607757.jpg,
1845,更大背包（48格）,BiggerBackpack,,,https://www.nexusmods.com/stardewvalley/mods/1845,Bigger Backpack,spacechase0 and bcmpinc,未知分类,"Buy a bigger backpack at Pierre's for only 50,000g!",https://staticdelivery.nexusmods.com/mods/1303/images/1845/1845-1517873232-1890107006.png,
13827,更大背包（72格）,,,,https://www.nexusmods.com/stardewvalley/mods/13827,More Backpack Upgrades,aedenthorn,未知分类,Uses Custom Backpack Framework to add three more levels of backpack upgrades for a maximum player inventory of 72 slots (fully customizable).,https://staticdelivery.nexusmods.com/mods/1303/images/13827/13827-1663464326-776431117.png,
30323,无限容量箱,Unlimited Storage,,,https://www.nexusmods.com/stardewvalley/mods/30323,Unlimited Storage,LeFauxMatt,未知分类,Makes storages hold unlimited items.,https://staticdelivery.nexusmods.com/mods/1303/images/30323/30323-1735725390-573649807.png,
11115,更好的制作,,,,https://www.nexusmods.com/stardewvalley/mods/11115,Better Crafting,Khloe Leclair,未知分类,"A new crafting UI with support for customizable categories and favorites. Easy bulk crafting. Better Workbench functionality. And, optionally, constructing buildings right from the crafting menu using an extra mod.",https://staticdelivery.nexusmods.com/mods/1303/images/11115/11115-1712730808-1678335983.png,
15223,穿过庄稼作物,,,,https://www.nexusmods.com/stardewvalley/mods/15223,Passable Crops,ncarigon,未知分类,"Allows farmers to pass through all crops, and some crop-related objects.",https://staticdelivery.nexusmods.com/mods/1303/images/15223/15223-1674775020-615211740.png,
5450,季节服饰,,,,https://www.nexusmods.com/stardewvalley/mods/5450,Seasonal Outfits - Slightly Cuter Aesthetic,Poltergeister and various artists,未知分类,Overhauls all character sprites and portraits for a slightly cuter aesthetic,https://staticdelivery.nexusmods.com/mods/1303/images/5450/5450-1763491341-71939439.png,
1232,小马瘦身,,,,https://www.nexusmods.com/stardewvalley/mods/1232,Pony Weight Loss Program,BadNetCode,未知分类,Allows horses to pass vertically through single tile openings.,https://staticdelivery.nexusmods.com/mods/1303/images/1232-0-1497416262.gif,
2847,帽子不会遮盖头发,,,,https://www.nexusmods.com/stardewvalley/mods/2847,Hats Won't Mess Up Hair,misatse1019,未知分类,Prevents hats from changing your hairstyle while equipped.,https://staticdelivery.nexusmods.com/mods/1303/images/2847/2847-1537365306-1596165793.png,
11368,npc收礼反应,,,,https://www.nexusmods.com/stardewvalley/mods/11368,More Specific Gift Reaction - Dialogue Expansion - Chinese- (1.6 compatible),Kaori_Haruta,未知分类,覺得NPC們收禮物的台詞還不夠豐富嗎？本MOD給NPC增添了不同的收禮台詞。現在村民們會表達出他們對具體禮物的感想了！（1.6版本適用）,https://staticdelivery.nexusmods.com/mods/1303/images/11368/11368-1647704793-631935978.png,
520,生日快乐,Happy Birthday,,,https://www.nexusmods.com/stardewvalley/mods/520,Happy Birthday,Alpha_Omegasis,未知分类,A mod that adds in the player's birthday to Stardew Valley.,https://staticdelivery.nexusmods.com/mods/1303/images/520-2-1471545568.png,
31683,洗衣机每天换衣服,,,,https://www.nexusmods.com/stardewvalley/mods/31683,Laundry Machines,fireredlily,未知分类,Adds three different Laundry Machine models to Robin's shop that produce either one piece of clothing or one piece of cloth per day. Also adds the ability to recycle unwanted hats or clothing back into cloth.,https://staticdelivery.nexusmods.com/mods/1303/images/31683/31683-1739582410-528299523.png,
20865,雷神炸树｜快速清理石头和树木,Easy Cleaner,,,https://www.nexusmods.com/stardewvalley/mods/20865,Easy Cleaner,season,未知分类,"Quickly clean up weeds, twigs, and stones in Farm and Stardew Valley.  (For 1.6)",https://staticdelivery.nexusmods.com/mods/1303/images/20865/20865-1711201937-293212139.jpeg,
8374,更大的温室,Pookachu's Insane Greenhouse,,,https://www.nexusmods.com/stardewvalley/mods/8374,Pookachu's Insane Greenhouse,Pookachu,未知分类,"An insanely large greenhouse. *Now features a second layout for upgraded sprinkler users*, *and a layout with storage space and just 5x5 plots*",https://staticdelivery.nexusmods.com/mods/1303/images/8374/8374-1616985144-377763387.png,
7493,配偶对玩家死亡的反应,,,,https://www.nexusmods.com/stardewvalley/mods/7493,Spouses React to Player 'Death',CasualInvidia,未知分类,"Content pack that adds cutscenes after ""dying"" in the mines, Skull Cavern, or volcano, to add a splash of drama between you and your spouse. Special dialogue for all vanilla spouses + SVE spouses + more!",https://staticdelivery.nexusmods.com/mods/1303/images/7493/7493-1609725525-14458036.png,
7403,坐下恢复体力,,,,https://www.nexusmods.com/stardewvalley/mods/7403,Sit and Rest,Krutonium,未知分类,Lets you sit to recover your health and stamina,https://staticdelivery.nexusmods.com/mods/1303/images/7403/7403-1609211562-975770850.png,
32078,结婚纪念日,,,,https://www.nexusmods.com/stardewvalley/mods/32078,Wedding Anniversaries,Kantrip,未知分类,NPC spouses will now remember your wedding anniversary and give a custom gift. UPDATED to work with multiple spouses!,https://staticdelivery.nexusmods.com/mods/1303/images/32078/32078-1741630786-163252418.png,
20599,多婚,,,,https://www.nexusmods.com/stardewvalley/mods/20599,PolyamorySweet,ApryllForever,未知分类,"Permits multiple spouses or roommates, allows multiple spouses at weddings, and also, unlimited hugging and kissing!!! For Stardew 1.6. Compatible with SVE, RSV, ES, ARV, and any other expansion with datable NPC's!",https://staticdelivery.nexusmods.com/mods/1303/images/20599/20599-1710869743-548542258.png,
10206,全镇可娶,,,,https://www.nexusmods.com/stardewvalley/mods/10206,Looking For Love,foggywizard,未知分类,Updated Siv's Marriage Mod. Makes the older vanilla singles romanceable. And optionally younger.,https://staticdelivery.nexusmods.com/mods/1303/images/10206/10206-1638327159-1652942086.gif,
3094,矿洞梯子定位,,,,https://www.nexusmods.com/stardewvalley/mods/3094,Ladder Locator,ChaosEnergy,未知分类,Marks the stones hiding a ladder in the mines.,https://staticdelivery.nexusmods.com/mods/1303/images/3094/3094-1543087055-921696898.jpeg,
8505,事件查找剧情触发,Event Lookup,,,https://www.nexusmods.com/stardewvalley/mods/8505,Event Lookup,shekurika,未知分类,This mod adds a GUI and two commands that allow to lookup events by ID/character name. It also has a function to show all events that are available to you today in an ingame interface.,https://staticdelivery.nexusmods.com/mods/1303/images/8505/8505-1618705041-802647269.png,
19309,集镇,MarketTown,汉化19475,#扩展类,https://www.nexusmods.com/stardewvalley/mods/19309,Market Town - Food Store _ Flower Shop _ Fishery and more,HaPyke,未知分类,"Lets you open your own Restaurant, Floral Shop, Fishery, and more. Cook, harvest, and sell to villagers",https://staticdelivery.nexusmods.com/mods/1303/images/19309/19309-1704231106-789979398.png,
9991,面包店和咖啡装修家具,,,#家具,https://www.nexusmods.com/stardewvalley/mods/9991,Hxw Bakery and Cafe Furniture,Himetarts and Wildflour,未知分类,Hey kid. <br />You wanna build your own bakery?<br /> Boy do I got 50+ furniture items for you.,https://staticdelivery.nexusmods.com/mods/1303/images/9991/9991-1714920133-1403210286.png,
18814,集市装修家具,,,#家具,https://www.nexusmods.com/stardewvalley/mods/18814,HxW Farmer's Market Furniture - Core,Himetarts and Wildflour,未知分类,Farmer's Market Furniture set for all of your farmer and merchant needs! 100+ pieces for Content Patcher,https://staticdelivery.nexusmods.com/mods/1303/images/18814/18814-1697848434-1338079158.png,
33104,和刘易斯竞选市长,Mayor Mod,汉化35734、前置1915,#扩展类,https://www.nexusmods.com/stardewvalley/mods/33104,Mayor Mod,EmuEngine,未知分类,Ever dreamed of running Pelican Town your way? Now you can run for mayor of Pelican town. Say goodbye to Mayor Lewis because it's finally time for fresh leadership!,https://staticdelivery.nexusmods.com/mods/1303/images/33104/33104-1750600348-1977507714.png,
36855,模拟城市市长,,,#扩展类,https://www.nexusmods.com/stardewvalley/mods/36855,Mayor's Town,ThatKingKai,未知分类,Dwarf Fortress meets Stardew Valley! City Management layer of Gameplay layered on top of Stardew Valley!,https://staticdelivery.nexusmods.com/mods/1303/images/36855/36855-1755724334-839597145.png,
14110,立即建造不用等罗宾,,,,https://www.nexusmods.com/stardewvalley/mods/14110,Instant Building Construction and Upgrade,aedenthorn,未知分类,Causes building construction and upgrade to finish immediately upon purchase.,https://staticdelivery.nexusmods.com/mods/1303/images/14110/14110-1665694716-297506835.png,
8918,即刻升级武器,,,,https://www.nexusmods.com/stardewvalley/mods/8918,Instant Tool Upgrades,Binarynova,未知分类,This mod makes Clint give you your upgraded tools immediately. No more waiting two days for your important tools!,https://staticdelivery.nexusmods.com/mods/1303/images/8918/8918-1623480209-66187777.jpeg,
2736,加速行走,Movement Speed,,,https://www.nexusmods.com/stardewvalley/mods/2736,Movement Speed,bcmpinc,未知分类,Changes the player's movement speed and charging time of the hoe and watering can.,https://staticdelivery.nexusmods.com/mods/1303/images/2736/2736-1535391815-2029489384.png,
3782,售卖一切,ShipAnything,,,https://www.nexusmods.com/stardewvalley/mods/3782,Ship Anything,berkayylmao,未知分类,"Sell ANYTHING (boots, rings, tools,weapons, furniture, wallpapers, etc.) using the shipping bin. (Still works as of 2025 Jan 4th!)",https://staticdelivery.nexusmods.com/mods/1303/images/3782/3782-1555333133-1595287169.png,
169,时间暂停,timeSpeed,,,https://www.nexusmods.com/stardewvalley/mods/169,TimeSpeed,cantorsdust and Pathoschild,未知分类,"Control the flow of time in the game: speed it up, slow it down, or freeze it altogether. This can happen automatically or when you press a key in the game.",https://staticdelivery.nexusmods.com/mods/1303/images/169/169-1641856567-2109968487.png,
20661,合作档时间暂停,WAIT,,,https://www.nexusmods.com/stardewvalley/mods/20661,WAIT - Refined Multiplayer Time Pause,aurpine,未知分类,Configurable mod that simulates normal time pausing in multiplayer games. Compatible with Stardew 1.6. Includes optional cheats.,https://staticdelivery.nexusmods.com/mods/1303/images/20661/20661-1711003691-1606336956.jpeg,
16031,保持联络,Keep In Touch,,,https://www.nexusmods.com/stardewvalley/mods/16031,Keep In Touch,Itivuttakam,未知分类,"为农夫添加来自城市的各种对象的信件，增强与外界的联系感。<br />Add mails from outside the Pelican Town, enhancing the connection with the outside world.",https://staticdelivery.nexusmods.com/mods/1303/images/16031/16031-1679942951-703966524.png,
15497,浪漫的情书,Romantic love letters,,,https://www.nexusmods.com/stardewvalley/mods/15497,Romantic love letters,Liaodonghe,未知分类,"With this mod, NPCs will respond to your friendship (love) in the form of love letters. The content of the letter changes with the season, and there will also be invitation letters from NPCs the day before the festivals.",https://staticdelivery.nexusmods.com/mods/1303/images/15497/15497-1763906544-1365904882.png,
16892,更多信件,Life in Pelican Town,,,https://www.nexusmods.com/stardewvalley/mods/16892,More letters - Life in Pelican Town,Itivuttakam,未知分类,12位青年的生活日常来信。他们会和你说些什么呢？,https://staticdelivery.nexusmods.com/mods/1303/images/16892/16892-1685641066-1095669346.png,
27043,浪漫收入,Romantic Revenue,,,https://www.nexusmods.com/stardewvalley/mods/27043,Romantic Revenue,Astraios911,未知分类,This mod makes your spouse give you a portion of their income every month.,https://staticdelivery.nexusmods.com/mods/1303/images/27043/27043-1727041125-465124168.png,
19666,配偶有工资,,,,https://www.nexusmods.com/stardewvalley/mods/19666,,Kii,未知分类,为您的小镇添加一个ATM，您可以在这里存款，取款，贷款，还款,https://staticdelivery.nexusmods.com/mods/1303/images/headers/27517_1725543629.jpg,
10287,更好的友谊,,,,https://www.nexusmods.com/stardewvalley/mods/10287,Better Friendship,Urbanyeti,未知分类,Adds thought bubbles over villagers to indicate their favorite gifts from your inventory and when they'd like to talk.,https://staticdelivery.nexusmods.com/mods/1303/images/10287/10287-1639376641-712824772.png,
1738,永远的朋友,,,,https://www.nexusmods.com/stardewvalley/mods/1738,Friends Forever,Isaac S,未知分类,Removes friendship decay from the game! Requires SMAPI 2.11+.,https://staticdelivery.nexusmods.com/mods/1303/images/1738/1738-1514862678-1361153506.png,
2544,佳能友好对话,Canon-Friendly Dialogue Expansion,,,https://www.nexusmods.com/stardewvalley/mods/2544,Canon-Friendly Dialogue Expansion,Ben and WitchWeed,未知分类,Adds about 4200 new lines of dialogue across all 34 characters who have a heart level.,https://staticdelivery.nexusmods.com/mods/1303/images/2544/2544-1532238548-2030469797.png,
12457,来农舍参观,Farmhouse Visits,,,https://www.nexusmods.com/stardewvalley/mods/12457,Farmhouse Visits,mistyspring,未知分类,"Allows NPCs to visit your farmhouse, fully configurable. (Compatible with mod NPCs)",https://staticdelivery.nexusmods.com/mods/1303/images/12457/12457-1655096960-1314944583.png,
29931,塞巴斯蒂安来信,Letters from Sebastian,,,https://www.nexusmods.com/stardewvalley/mods/29931,Letters from Sebastian,J4ZMIN,未知分类,"Adds custom mail and gifts from Sebastian at each heart level. As you progress through heart levels with Sebastian, his gifts and letters evolve, becoming more thoughtful and personal.",https://staticdelivery.nexusmods.com/mods/1303/images/29931/29931-1733627488-993279607.png,
22714,约会之夜,Date Night Redux,,,https://www.nexusmods.com/stardewvalley/mods/22714,Date Night Redux,Agent Lyoko - original mod by LiveOnSUPERT,未知分类,Go on dates after marriage with your spouse(s)! An updated version of Date Night that works on 1.6. Requires Stardew Valley 1.6.4+.,https://staticdelivery.nexusmods.com/mods/1303/images/22714/22714-1713494221-695771954.png,
23614,电商购物,joja Express-,,#扩展类,https://www.nexusmods.com/stardewvalley/mods/23614,Joja Express,OFTS_CQM and Yuxuan,未知分类,Do you like online shopping? This mod adds an online shopping service provided by Joja Market. You can buy whatever you want from the online market and they will be automatically delivered after a short time.,https://staticdelivery.nexusmods.com/mods/1303/images/23614/23614-1714791671-2044668119.png,
6833,高亮小桶罐头瓶-遗漏高亮显示,Highlighted Jars,,,https://www.nexusmods.com/stardewvalley/mods/6833,Highlighted Jars,Annosz,未知分类,"Jars, kegs and casks are highlighted when empty to be easily recognizable.",https://staticdelivery.nexusmods.com/mods/1303/images/6833/6833-1600011203-1804235104.png,
17773,作物缺水气泡,Crop Watering Bubbles,,,https://www.nexusmods.com/stardewvalley/mods/17773,Crop Watering Bubbles,aedenthorn,未知分类,Causes unwatered crops to show their need for water via emotes on interval or key press. Optionally only trigger when the farmer is holding a watering can.,https://staticdelivery.nexusmods.com/mods/1303/images/17773/17773-1691692525-1906841428.png,
1089,快速动画,Fast Animations,,,https://www.nexusmods.com/stardewvalley/mods/1089,Fast Animations,Pathoschild,未知分类,Speed up many animations in the game (like breaking geodes or eating). Optionally configure the speed for each animation.,,
10487,更好的出货箱,Better Shipping Bin,,,https://www.nexusmods.com/stardewvalley/mods/10487,Better Shipping Bin,MindMeltMax,未知分类,Allows you to retrieve items shipped from the shipping bin,https://staticdelivery.nexusmods.com/mods/1303/images/10487/10487-1640972423-172835125.png,
20738,用镰刀收割作物,,,,https://www.nexusmods.com/stardewvalley/mods/20738,Yet Another Harvest With Scythe Mod-chinese,San,未知分类,机翻,https://staticdelivery.nexusmods.com/mods/1303/images/20738/20738-1711025504-1151836222.png,
7409,待办事项,To-Dew,,,https://www.nexusmods.com/stardewvalley/mods/7409,To-Dew,Jamie Taylor,未知分类,An in-game to-do list.,https://staticdelivery.nexusmods.com/mods/1303/images/7409/7409-1609272743-1331915001.png,
9833,身临其境的配偶,,,,https://www.nexusmods.com/stardewvalley/mods/9833,Immersive Spouses (Chinese Translation),Anonymous,未知分类,沉浸式配偶的汉化翻译。为你的伴侣增加婚后日程及相应对话，使其更加富有个性。,https://staticdelivery.nexusmods.com/mods/1303/images/9833/9833-1633537595-655459555.png,
257517,银行存款,bank,,#扩展类,https://www.nexusmods.com/stardewvalley/mods/27517,Bank,YangZ,,为您的小镇添加一个ATM，您可以在这里存款，取款，贷款，还款,https://staticdelivery.nexusmods.com/mods/1303/images/27517/27517-1725543642-505575038.png,
29332,水电费,Department of Energy and Water Bills DEWB,,#扩展类,https://www.nexusmods.com/stardewvalley/mods/29332,Department of Energy and Water Bills DEWB,13midnight,未知分类,Don't summon the wrath of the collections department.,https://staticdelivery.nexusmods.com/mods/1303/images/29332/29332-1731356818-674333806.png,
33400,夜市扩展,,,#扩展类,https://www.nexusmods.com/stardewvalley/mods/33400,Night Market Expansion,chocolatte12,未知分类,Adds more vendors to the Night Market.,https://staticdelivery.nexusmods.com/mods/1303/images/33400/33400-1745220192-506067708.png,
27049,野面粉,,,#扩展类,https://www.nexusmods.com/stardewvalley/mods/27049,Wildflour's Atelier Goods - An Artisan Goods Expansion,Wildflourmods,未知分类,"An all in one artisan good expansion mod. Add as many or as few categories as you like to run the atelier (shop) of your dreams. Adds items such as baked goods, gourmet ingredients, specialty ales and meads, floral artisan goods like perfumes and incense, frozen treats, candy and more! Highly configurable.",https://staticdelivery.nexusmods.com/mods/1303/images/27049/27049-1744039622-1012231306.png,
19508,聚宝盆作物,,,#扩展类,https://www.nexusmods.com/stardewvalley/mods/19508,Cornucopia - More Crops,Cornucopia,未知分类,"Adds more vanilla-style crops, bushes, and trees to the game. Highly configurable.",https://staticdelivery.nexusmods.com/mods/1303/images/19508/19508-1710246805-919654723.png,
20290,聚宝盆花朵,,,#扩展类,https://www.nexusmods.com/stardewvalley/mods/20290,Cornucopia - More Flowers,Cornucopia,未知分类,"Adds more flowers , flower bushes, and flower trees to the game. Fully configurable and written to rely primarily on Content Patcher.",https://staticdelivery.nexusmods.com/mods/1303/images/20290/20290-1710604648-152943893.png,
24842,聚宝盆机器,,,#扩展类,https://www.nexusmods.com/stardewvalley/mods/24842,Cornucopia - Artisan Machines,Cornucopia,未知分类,"Adds a variety of artisan machines and goods, to support different playstyles and give more vanilla-balanced avenues for making profits.",https://staticdelivery.nexusmods.com/mods/1303/images/24842/24842-1717854227-1520744239.png,
20340,聚宝盆种植,,,#扩展类,https://www.nexusmods.com/stardewvalley/mods/20340,Growable Forage and Crop Bushes,Cornucopia,未知分类,"A configurable mod that adds a few new crops to grow vanilla forage items, as well as converts some vanilla crops into perennial ""bushes"".",https://staticdelivery.nexusmods.com/mods/1303/images/20340/20340-1708809312-1644448465.png,
28324,宝石群岛,Gem Isles - Continued,,#扩展类,https://www.nexusmods.com/stardewvalley/mods/28324,Gem Isles - Continued,aedenthorn,未知分类,The Gem Sea comes alive with this mod that creates an endless horizon of islands generated randomly every day.<br /><br />Originally created by aedenthorn,https://staticdelivery.nexusmods.com/mods/1303/images/28324/28324-1727996753-658727035.jpeg,
9695,学校,Little Red School House,,#扩展类,https://www.nexusmods.com/stardewvalley/mods/9695,Little Red School House,xiddav,未知分类,Russel Elementary. Home of the Soaring Pelicans.<br /><br />The old School House needs fixed before students can return to class.,https://staticdelivery.nexusmods.com/mods/1303/images/9695/9695-1765232682-962735920.png,
32870,税收,,,#扩展类,https://www.nexusmods.com/stardewvalley/mods/32870,Another Tax Mod,BladeOfGrass445,未知分类,"Adds a Tax System to Stardew Valley. Featuring the dreaded Income Tax, the unjust Land Tax and a reasonable Building Tax.",https://staticdelivery.nexusmods.com/mods/1303/images/32870/32870-1743630075-1958072177.jpeg,
6372,水族馆,,,#扩展类,https://www.nexusmods.com/stardewvalley/mods/6372,Stardew Aquarium,Project Stardew Aquarium,未知分类,Stardew Aquarium adds an Aquarium to Stardew Valley. Here you can donate your fish to animated tanks for rewards. Includes a large new beach location with new custom shops.,https://staticdelivery.nexusmods.com/mods/1303/images/6372/6372-1593465988-1304194066.png,
30138,昆虫馆（山谷中的自然）,,扩展类,#扩展类,https://www.nexusmods.com/stardewvalley/mods/30138,Nature In The Valley (Catchable Creatures),w8AwA8w,未知分类,This mod add an animal-crossing-style animal catching system with more than 80 collectable animals spawning across the valley! Includes an insectarium for you to donate all the animals you find for unique rewards and Terrariums to keep creatures as pets!. Includes a framework for other mods to make their own creatures/animals!,https://staticdelivery.nexusmods.com/mods/1303/images/30138/30138-1734963868-1398904866.png,
22743,炼金术,,扩展类,#扩展类,https://www.nexusmods.com/stardewvalley/mods/22743,Alchemistry - A Witchy Gameplay Expansion Mod,Morghoula,未知分类,"An alchemy-driven gameplay expansion mod that introduces new crops, forage, machines, recipes, CC bundles, and more.",https://staticdelivery.nexusmods.com/mods/1303/images/22743/22743-1739478209-1734255043.png,
14510,观鸟,,,#扩展类,https://www.nexusmods.com/stardewvalley/mods/14510,Bird overhaul - Ornithologist's Guild - Nests and feeders and more,ivylovesbirds,未知分类,"Ornithologist's Guild brings a totally new birding experience to Stardew Valley, complete with overhauled bird mechanics, bird feeders and baths, seasonal birds, nests and fledglings, a progression system, a new location and shop, a new NPC with a tragic past, and sooo much more! Do you have what it takes to be Pelican Town's next great birder?",https://staticdelivery.nexusmods.com/mods/1303/images/14510/14510-1720471679-283535337.png,
22199,考古,,,#扩展类,https://www.nexusmods.com/stardewvalley/mods/22199,Archaeology Skill for 1.6,MoonSlime,未知分类,"A rewrite for a skill and general content based around the digging and panning mechanics, now updated for Stardew Valley 1.6!",https://staticdelivery.nexusmods.com/mods/1303/images/22199/22199-1712715337-1842371931.png,
21381,地图传送,,,,https://www.nexusmods.com/stardewvalley/mods/21381,Stardew Valley Map Teleport,Richard2091,未知分类,Teleport on the map with one click.,https://staticdelivery.nexusmods.com/mods/1303/images/21381/21381-1711795260-1528000378.png,
25279,地图传送,,,,https://www.nexusmods.com/stardewvalley/mods/25279,Map Teleport For Expansions,hlyvia,未知分类,This mod is based on aedenthorn's(https://www.nexusmods.com/stardewvalley/mods/7675) and Richard2091's(https://www.nexusmods.com/stardewvalley/mods/21381) map teleporting mod.<br />Compatible with 1.6 &amp; SVE &amp; RSV &amp; ES.,https://staticdelivery.nexusmods.com/mods/1303/images/25279/25279-1718728440-1395134607.png,
31344,NPC传送,,,,https://www.nexusmods.com/stardewvalley/mods/31344,Simple Teleport To NPCs,daitsuku,未知分类,"This mod allows players to teleport to NPCs, pets and animals!.<br />It comes in two versions: one showing only Social Tab NPCs and another displaying all NPCs in the game.",https://staticdelivery.nexusmods.com/mods/1303/images/31344/31344-1745852461-1508925992.png,
22538,沉浸式配偶,,,,https://www.nexusmods.com/stardewvalley/mods/22538,Immersive Spouses for 1.6,aveii,未知分类,A fix for the Immersive Spouses mod that makes the spouses not get stuck at the bus stop because of 1.6's changes to the size of the bus stop.,https://staticdelivery.nexusmods.com/mods/1303/images/22538/22538-1713135707-640335917.png,
18972,沉浸式家庭,,,,https://www.nexusmods.com/stardewvalley/mods/18972,Immersive Family- A Children's Events Expansion,xiaoleiwen,未知分类,"35 new events and over 340 additional NPC dialogues centered around your children, featuring crossover content for SVE, RSV, ES, and many more.",https://staticdelivery.nexusmods.com/mods/1303/images/18972/18972-1699249548-178478605.jpeg,
20685,连续开晶球,,,,https://www.nexusmods.com/stardewvalley/mods/20685,Auto Break Geode,weizinai,未知分类,Allows you to automatically break geode.,https://staticdelivery.nexusmods.com/mods/1303/images/20685/20685-1715830665-572194304.png,
8526,npc主动表白,,,,https://www.nexusmods.com/stardewvalley/mods/8526,Reverse Proposal,GreenOnion24,未知分类,This mod is like the reverse proposal of datable NPC to the farmer. They will ask the Farmer to be their Boyfriend/Girlfriend.,https://staticdelivery.nexusmods.com/mods/1303/images/8526/8526-1618471244-1167668185.jpeg,
2072,光线过度,,,,https://www.nexusmods.com/stardewvalley/mods/2072,Dynamic Night Time,KNakamura,未知分类,"This mod gives Stardew Valley a more dynamic daylight cycle, changing when it gets dark and adding a dawn period at the start of the day. It also adds a full light cycle, adding sunrise and sunset effects. These times will vary depending on the time of year. Can be configured to match your latitude. Does not alter start time.",https://staticdelivery.nexusmods.com/mods/1303/images/2072/2072-1524440937-751747441.png,
93,CJB拿取物品,,,,https://www.nexusmods.com/stardewvalley/mods/93,CJB Item Spawner,CJBok and Pathoschild,未知分类,An easy-to-use in-game item spawner menu.,https://staticdelivery.nexusmods.com/mods/1303/images/93/93-1604102595-721584267.png,
5,CJB显示售价,,,,https://www.nexusmods.com/stardewvalley/mods/5,CJB Show Item Sell Price,CJBok and Pathoschild,未知分类,See the sell price of items in your inventory.,https://staticdelivery.nexusmods.com/mods/1303/images/5-0-1457390293.gif,
4,CJB无限体力生命,,,,https://www.nexusmods.com/stardewvalley/mods/4,CJB Cheats Menu,CJBok and Pathoschild,未知分类,A simple in-game cheats menu with lots of cheats.,https://staticdelivery.nexusmods.com/mods/1303/images/4-0-1457716661.gif,
37571,宠物互动,,,,https://www.nexusmods.com/stardewvalley/mods/37571,Pet Interaction Redux,jahangmar,未知分类,Your pet follows you through the town and plays fetch with you. It might get distracted by birds and doesn't like your watering can.,https://staticdelivery.nexusmods.com/mods/1303/images/37571/37571-1757745362-1947092248.png,
36886,额外烹饪,,,,https://www.nexusmods.com/stardewvalley/mods/36886,The Act of Cooking - a Love of Cooking addon,Kanadeyoru,未知分类,"Instead of just picking a recipe and instantly making it, you’ll play a short interactive minigame where you go through all the ingredients in order to cook your meal - but be careful not to burn it! It’s a light, fun way to make time in the kitchen feel more engaging.",https://staticdelivery.nexusmods.com/mods/1303/images/36886/36886-1757622184-2126241105.png,
10659,更多配件,,,,https://www.nexusmods.com/stardewvalley/mods/10659,FS - SH's More Accessories and Stuff Pack,SmolHooman - plurffle,未知分类,"Adds more accessories, hats, and skirts to your game for the Fashion Sense framework.",https://staticdelivery.nexusmods.com/mods/1303/images/10659/10659-1642233760-1874759129.png,
9063,更多野生动物,,,,https://www.nexusmods.com/stardewvalley/mods/9063,SH's Wild Animals,SmolHooman - plurffle,未知分类,Adds some wild animals to the game,https://staticdelivery.nexusmods.com/mods/1303/images/9063/9063-1638969848-1016153741.jpeg,
2221,更好的祝尼魔,,,,https://www.nexusmods.com/stardewvalley/mods/2221,Better Junimos,hawkfalcon and ceruleandeep,未知分类,"Significantly improve Junimos: automatically plant crops, fertilize, work for a fee, increase range, work in the greenhouse, and more!",https://staticdelivery.nexusmods.com/mods/1303/images/2221/2221-1583559470-1230265655.png,
5263,更多巨型作物,,,,https://www.nexusmods.com/stardewvalley/mods/5263,More Giant Crops,spacechase0,未知分类,Add new giant crops to the game.,https://staticdelivery.nexusmods.com/mods/1303/images/5263/5263-1579830454-1866799634.png,
8329,怪物血条,,,,https://www.nexusmods.com/stardewvalley/mods/8329,Mini Bars - Healthbars Mod,Coldopa,未知分类,A healthbar mod that add custom healthbars to most part of the monsters.,https://staticdelivery.nexusmods.com/mods/1303/images/8329/8329-1616452469-2115837746.png,
5436,孩子能长大,,,,https://www.nexusmods.com/stardewvalley/mods/5436,The Farmer's Children (LittleNPC),xiddav,未知分类,Your two children are now big kids that walk around Pelican Town exploring their interests.,https://staticdelivery.nexusmods.com/mods/1303/images/5436/5436-1752991381-15451726.png,
6278,孩子长相随配偶,,,,https://www.nexusmods.com/stardewvalley/mods/6278,Unique Children,Shaklin,未知分类,"With this mod all players in multiplayer, depending on their spouse, have different looking children.<br />Of course, you can also use it in single player.",https://staticdelivery.nexusmods.com/mods/1303/images/6278/6278-1631108547-1664485556.png,
9540,孩子会说话,,,,https://www.nexusmods.com/stardewvalley/mods/9540,Unique Children Talk,Shaklin,未知分类,Dialogues for Children,https://staticdelivery.nexusmods.com/mods/1303/images/9540/9540-1631108652-2116899886.png,
28676,孩子美化,,,,https://www.nexusmods.com/stardewvalley/mods/28676,Kali's Less Creepy Kids,Kali Rivera,未知分类,"Retextures the Baby and Child sprites to make them less creepy-looking, with support for Stardew Valley Expanded, Ridgeside Village, and East Scarp. Also includes an Alternative Texture component for extra support for poly marriages or divorces.",https://staticdelivery.nexusmods.com/mods/1303/images/28676/28676-1729567095-368679675.png,
21525,挪动配偶房间,,,,https://www.nexusmods.com/stardewvalley/mods/21525,Custom Spouse Room Locations,kevinkidwell,未知分类,Move your spouse room(s) around within your fully upgraded farmhouse!,https://staticdelivery.nexusmods.com/mods/1303/images/21525/21525-1711942188-1610337371.png,
24272,配偶房间布置,,,,https://www.nexusmods.com/stardewvalley/mods/24272,Spouse Room Free Decoration,Tikamin557,未知分类,"Allows spouses to decorate their rooms as they wish.<br />You can freely re-cover the walls and floor.<br />There is also a setting to display default furniture, walls and floors.",https://staticdelivery.nexusmods.com/mods/1303/images/24272/24272-1716151506-1518853834.jpeg,
10213,家居精细调整,,,,https://www.nexusmods.com/stardewvalley/mods/10213,Furniture Adjustment,aedenthorn,未知分类,Lets you move furniture pixel-by-pixel (or faster) using hotkeys,https://staticdelivery.nexusmods.com/mods/1303/images/10213/10213-1638054408-1060280826.png,
14092,家具可叠放,,,,https://www.nexusmods.com/stardewvalley/mods/14092,Furniture Placement Tweaks,aedenthorn,未知分类,Stops accidental pickup of rugs that have other furniture on top of them and/or allows placement of rugs underneath already placed furniture. Also lets you overlap furniture.,https://staticdelivery.nexusmods.com/mods/1303/images/14092/14092-1665616870-1289035192.png,
32562,堆叠,,,,https://www.nexusmods.com/stardewvalley/mods/32562,Stack More Things,gellingly,未知分类,"Mod that allows you to stack things like furniture, tackle, clothing, etc. Also lets you adjust the maximum stack size for everything, merge crops of different colors into one stack, and reduce the quality of items so they can be stacked.",https://staticdelivery.nexusmods.com/mods/1303/images/32562/32562-1742684865-1651451393.png,
6304,可破坏灌木,,,,https://www.nexusmods.com/stardewvalley/mods/6304,Destroyable Bushes,Esca-MMC,未知分类,"Destroyable Bushes allows players to destroy bushes with an axe. By default, destroyed bushes drop small amounts of wood and regrow after 3 days. These features can be customized in the mod's settings.",https://staticdelivery.nexusmods.com/mods/1303/images/6304/6304-1592298114-923227839.png,
5176,非破坏性npc,,,,https://www.nexusmods.com/stardewvalley/mods/5176,Non Destructive NPCs,Madara Uchiha,未知分类,"Makes NPCs not destroy objects placed by the player in their paths. They would instead stop, glare at it, then pass through it.",https://staticdelivery.nexusmods.com/mods/1303/images/5176/5176-1578865280-1599614067.png,
19675,快乐家居,,,,https://www.nexusmods.com/stardewvalley/mods/19675,Happy Home Designer,tlitookilakin,未知分类,"A feature-rich Furniture / Wallpaper catalogue overhaul, with Alternative Textures integration and more!",https://staticdelivery.nexusmods.com/mods/1303/images/19675/19675-1704227335-960217023.png,
24026,宠物跟随,,,#宠物,https://www.nexusmods.com/stardewvalley/mods/24026,Pets Enhanced - A Pet Mechanic Overhaul,SunkenLace,未知分类,"Enhances the Pet experience, making pets able to learn tricks as well as improving their AI(Cats and Dogs only).<br /><br />New additions:<br />- Pets can enter Pet Houses now!<br />- New Mechanics for pets.<br />- Makes simple the process of putting and taking off hats on pets.<br />- You can gift treats to pets.",https://staticdelivery.nexusmods.com/mods/1303/images/24026/24026-1715727374-1711453094.png,
923,社区一份子,,,,https://www.nexusmods.com/stardewvalley/mods/923,Part of the Community,Space Baby,未知分类,"PotC is a friendship mod that allows the Farmer to gain friendship points passively, as well as actively in other ways.",https://staticdelivery.nexusmods.com/mods/1303/images/923-1-1487111643.gif,
10023,多婚大床,,,,https://www.nexusmods.com/stardewvalley/mods/10023,Bed Tweaks,aedenthorn,未知分类,Lets you resize the double bed and change the transparency of the bed's blankets.,https://staticdelivery.nexusmods.com/mods/1303/images/10023/10023-1635664305-1129169255.png,
21678,大冰箱,,,,https://www.nexusmods.com/stardewvalley/mods/21678,Bigger Fridges,Entoarox,未知分类,"Think the fridges are too small, looking at those big chests and wondering why you cant shove them into your fridges to make em bigger? WELL LOOK NO MORE! Bigger Fridges is here!",https://staticdelivery.nexusmods.com/mods/1303/images/21678/21678-1712139292-1894166232.png,
20712,大仓筒,,,,https://www.nexusmods.com/stardewvalley/mods/20712,Peehell's Big Silo,PeeH3ll,未知分类,"Only add more storage room in the silo and have it build by Robin as usual<br /><br />Remodel the silo to fit with the seasons<br /><br /> you can turn the textures off with GMCM, or in the files",https://staticdelivery.nexusmods.com/mods/1303/images/20712/20712-1715301642-462892846.png,
35779,喃喃自语的农夫,,,,https://www.nexusmods.com/stardewvalley/mods/35779,The Muttering Farmer,YunHikari,未知分类,"This mod makes the farmer verbalize all actions,<br />displaying them in speech bubbles above their head.<br />Just like how we talk to ourselves sometimes, it adds a touch of immersion and fun.",https://staticdelivery.nexusmods.com/mods/1303/images/35779/35779-1753381718-1964136350.png,
29794,跳跃,,,,https://www.nexusmods.com/stardewvalley/mods/29794,Jumping,YunHikari,未知分类,Consumes stamina to jump over certain terrains.<br />Strict detection prevents the farmer from jumping into unreasonable areas.,https://staticdelivery.nexusmods.com/mods/1303/images/29794/29794-1734343933-1130977277.png,
32558,方便的宝箱直接制作,,,,https://www.nexusmods.com/stardewvalley/mods/32558,Convenient Chests Unofficial,SummerFleur,未知分类,"Makes your life easier: Add a category menu to specify what should be contained in this chest, quick stash items to nearby chests, crafting and cooking from nearby chests.",https://staticdelivery.nexusmods.com/mods/1303/images/32558/32558-1753093204-55275789.png,
21580,法师可婚,,,#可婚,https://www.nexusmods.com/stardewvalley/mods/21580,Tsundere Wizard Marriage Mod - unofficial update,Yuzu and QyueFlamen,未知分类,完全由CP加载的莫蒂默,https://staticdelivery.nexusmods.com/mods/1303/images/21580/21580-1712024352-395936866.png,
22077,法师肖像美化,,,,https://www.nexusmods.com/stardewvalley/mods/22077,LT's Wizard RRRR Portrait,LT4823,未知分类,Wizard[RRRR] 's matching portrait,https://staticdelivery.nexusmods.com/mods/1303/images/22077/22077-1712561865-1660395627.png,
29218,皮诶尔可婚,,,#可婚,https://www.nexusmods.com/stardewvalley/mods/29218,Pierre Marriage Mod,Luo7710,未知分类,皮埃尔的可婚拓展，重写了所有对话，添加了16个事件，有不同分支结局。<br />META警告（有打破第四面墙的内容），部分内容微血腥微病娇。,https://staticdelivery.nexusmods.com/mods/1303/images/29218/29218-1733484588-583742064.png,
30091,齐先生可婚,,,#可婚,https://www.nexusmods.com/stardewvalley/mods/30091,Reverse Proposal Chinese hua,huaruoxue,未知分类,个人汉化，因为这个mod没有人汉化所以我就自己汉化了，上传只是随手，并未进行测试，请不要过于苛刻,https://staticdelivery.nexusmods.com/mods/1303/images/30091/30091-1734231725-2061479172.jpeg,
16220,卡罗琳可婚,,,#可婚,https://www.nexusmods.com/stardewvalley/mods/16220,Childhood Sweetheart Caroline (Overhaul),sorkrim and Solariaze,未知分类,"Caroline was once your best friend, but at some point she left you. When you saw her again, she was already the wife of owner of the General Store, Pierre. How and why did this happen?",https://staticdelivery.nexusmods.com/mods/1303/images/16220/16220-1715426974-396824725.png,
3239,罗宾可婚,,,#可婚,https://www.nexusmods.com/stardewvalley/mods/3239,The Robin Romance Mod,Soapierbean,未知分类,Makes Robin datable and able to be married. This is done by making her a Custom NPC. Requires Content Patcher &amp; TMXL Map Toolkit (for the spouse room).,https://staticdelivery.nexusmods.com/mods/1303/images/3239/3239-1711773259-2023341071.jpeg,
7721,乔迪可婚,,,#可婚,https://www.nexusmods.com/stardewvalley/mods/7721,Datable Jodi,Moralle,未知分类,Makes it possible to date and marry Jodi.,https://staticdelivery.nexusmods.com/mods/1303/images/7721/7721-1611010802-1729256368.png,
7102,冈瑟可婚,,,#可婚,https://www.nexusmods.com/stardewvalley/mods/7102,Make Gunther Real,WerewolfMaster,未知分类,"Transforms Gunther into a real, live, dateable character with dialogue, heart events, gift taste, and a full story arc.",https://staticdelivery.nexusmods.com/mods/1303/images/7102/7102-1604539583-693114733.png,
7018,马龙可婚,,,#可婚,https://www.nexusmods.com/stardewvalley/mods/7018,Make Marlon Real,WerewolfMaster,未知分类,"Have you ever felt like Stardew Valley needed more grumpy old marriageable men? Well then this is the mod for you! Turns Marlon from a cardboard cutout into a real, friend-able, gift-able, dance-able, marriage-able character, complete with emotional baggage and heart events!",https://staticdelivery.nexusmods.com/mods/1303/images/7018/7018-1603132183-321643160.png,
12824,莫里斯可婚,,,#可婚,https://www.nexusmods.com/stardewvalley/mods/12824,Marry Morris,Yoshimax,未知分类,Adds Morris as a marriageable NPC with his own house and gives him a redemption arc if you choose the Community Center route. This mod is fully SVE compatible (it uses SVE's Morris if SVE is installed but will also work without SVE).,https://staticdelivery.nexusmods.com/mods/1303/images/12824/12824-1657272032-274228013.png,
26199,格斯可婚,,,#可婚,https://www.nexusmods.com/stardewvalley/mods/26199,Gus's BDSM dialogue,Dyen,未知分类,未成年請勿下載，這是一個女性向成人對話擴展。<br />為格斯增加大量對話。,https://staticdelivery.nexusmods.com/mods/1303/images/26199/26199-1721389539-494135737.jpeg,
28519,克林特可婚,,,#可婚,https://www.nexusmods.com/stardewvalley/mods/28519,NPC Clint Marriage 1.6,Yuzu,未知分类,将克林特变得浪漫，为他添加新的好感事件、日常对话、婚后对话等等。A Custom Marriage Mod will bring you a sweet-talked and lovely Clint as your new bachelor! 5 custom heart events and 3 post-marriage heart events! Numerous daily+ marriage dialogues!,https://staticdelivery.nexusmods.com/mods/1303/images/28519/28519-1729216205-416763852.png,
25273,幽灵文森特,,,,https://www.nexusmods.com/stardewvalley/mods/25273,Ghost Boy Vincent - Chinese,Seqi,未知分类,这是一个含少量灵异元素的对话拓展模组，为文森特增加了71条对话，包含日常对话和节日对话。<br />对话以日常风格为主，增加了一些幽默元素，让文森特和玩家的互动变得温馨可爱(*╹▽╹*)是真的很可爱哦！,https://staticdelivery.nexusmods.com/mods/1303/images/25273/25273-1718705813-1458776267.png,
36341,吸血鬼384,,,,https://www.nexusmods.com/stardewvalley/mods/36341,Vampire Sebastian,Juppa612,未知分类,沉浸式体验闷骚理工阴湿男吸血鬼塞巴斯蒂安!! 性格以原作塞巴斯蒂安为基准加上吸血鬼设定,https://staticdelivery.nexusmods.com/mods/1303/images/36341/36341-1755047126-1727453885.png,
38698,鹈鹕镇市政厅,Pelican Town Municipal - Custom NPC,新NPC,#新NPC,https://www.nexusmods.com/stardewvalley/mods/38698,Pelican Town Municipal - Custom NPC,Midnight Voyager,未知分类,"Adds a municipal building with a sheriff's office. Also adds an Andy Griffith-style sheriff with designs on strengthening the local community, based on his bad experiences in the police system. Also stamps, community improvements, and rival hearts. Aims to integrate seamlessly with vanilla and modded games!",https://staticdelivery.nexusmods.com/mods/1303/images/38698/38698-1763675823-713120568.png,
34949,凌肖,,新NPC,#乙游｜#二次元｜#新NPC,https://www.nexusmods.com/stardewvalley/mods/34949,New NPC Shaw-evollove,hanning,未知分类,新增角色凌肖（《恋与制作人》），您可以在游戏里于他恋爱结婚生子......双坑人凌推千万不要错过！<br />mod中凌肖将会沿用考古系研究生的身份，再考古队来到鹈鹕镇的不久后‘你’从恋与市辞职继承了爷爷的农场，将会展开什么故事呢......,https://staticdelivery.nexusmods.com/mods/1303/images/34949/34949-1750242539-2019281390.jpg,
36137,白起,,新NPC,#乙游｜#二次元｜#新NPC,https://www.nexusmods.com/stardewvalley/mods/36137,All For Baiqi,MagicalStrawberryOWO,未知分类,白起独立npc模组,https://staticdelivery.nexusmods.com/mods/1303/images/36137/36137-1753787096-853960932.png,
36794,许墨,,新NPC,#乙游｜#二次元｜#新NPC,https://www.nexusmods.com/stardewvalley/mods/36794,Xumo_Lucien,Qisui,未知分类,想让许墨也来看看星露谷的美好生活~,https://staticdelivery.nexusmods.com/mods/1303/images/36794/36794-1755527303-1476912361.jpg,
12655,萧逸,Osborn Sebastian Replacement,人物,#乙游｜#二次元｜#人物,https://www.nexusmods.com/stardewvalley/mods/12655,Osborn Sebastian Replacement,Astrid,未知分类,本来是画着自用的萧逸替换塞巴~包含高清头像（不解决技术问题）~和可直接替换文件的行走图~,https://staticdelivery.nexusmods.com/mods/1303/images/12655/12655-1656181875-1336558442.jpeg,
35986,查理苏,,新NPC,#乙游｜#二次元｜#新NPC,https://www.nexusmods.com/stardewvalley/mods/35986,Charlie,mystery177my,未知分类,为游戏光与夜之恋其中一个男主，查理苏的同人可结婚mod,https://staticdelivery.nexusmods.com/mods/1303/images/35986/35986-1753367806-383261184.png,
31986,刘辩,,新NPC,#乙游｜#二次元｜#新NPC,https://www.nexusmods.com/stardewvalley/mods/31986,NPC LiuBian,acai0w0,未知分类,为游戏添加一个同人NPC刘辩  Add a fan maker NPC LiuBian to the game.,https://staticdelivery.nexusmods.com/mods/1303/images/31986/31986-1740744822-1377038683.png,
38983,祁煜,Rafayel Gift,家具,#乙游｜#二次元｜#家具,https://www.nexusmods.com/stardewvalley/mods/38983,Rafayel Gift,Daiye,未知分类,A Little Gift from Rafayel,https://staticdelivery.nexusmods.com/mods/1303/images/38983/38983-1761970601-865306644.png,
33146,秦彻,,新NPC,#乙游｜#二次元｜#新NPC,https://www.nexusmods.com/stardewvalley/mods/33146,Sylus stardew NPC (LADS),Halostar,未知分类,Adds Sylus from love and deepspace into pelican town!,https://staticdelivery.nexusmods.com/mods/1303/images/33146/33146-1744444622-1960161817.png,
32814,夏以昼,,新NPC,#乙游｜#二次元｜#新NPC,https://www.nexusmods.com/stardewvalley/mods/32814,Caleb - Custom NPC,shiiteyanyo,未知分类,"An adaptation of Caleb (夏以昼) from Love and Deepspace to Pelican Town as a new marriage candidate NPC. WIP, but functional!",https://staticdelivery.nexusmods.com/mods/1303/images/32814/32814-1747781835-1987296762.png,
38597,沈星回,,新NPC,#乙游｜#二次元｜#新NPC,https://www.nexusmods.com/stardewvalley/mods/38597,Xavier Custom NPC,Mylittlestarr,未知分类,Adds Custom NPC Character Xavier  沈星回 from Love and Deepspace to Stardew Valley.,https://staticdelivery.nexusmods.com/mods/1303/images/38597/38597-1760576724-1548181330.png,
33747,黎深,,新NPC,#乙游｜#二次元｜#新NPC,https://www.nexusmods.com/stardewvalley/mods/33747,Zayne (Love and Deepspace) - Custom NPC,zaynesbeloved,未知分类,This mod adds Zayne from Love and Deepspace as a dateable NPC in Stardew Valley. Still a WIP! (づ&gt; v &lt;)づ♡,https://staticdelivery.nexusmods.com/mods/1303/images/33747/33747-1746384847-283116499.png,
39196,黎深,,新NPC,#乙游｜#二次元｜#新NPC,https://www.nexusmods.com/stardewvalley/mods/39196,LOVE AND DEEPSPACE_Zayne Mod,MOLiNaiLvMianMianBing,未知分类,这是一个基于恋与深空男主黎深建设的MOD<br /><br />黎深作为可婚NPC，拥有对话、送礼、结婚、生孩子以及参加各种活动的功能，可触发重逢、2心、4心、6心、8心、10心、婚后剧情。,https://staticdelivery.nexusmods.com/mods/1303/images/39196/39196-1762610665-1005163989.jpg,
36812,黎深痛屋,,家具,#乙游｜#二次元｜#家具,https://www.nexusmods.com/stardewvalley/mods/36812,(CP)Happy Birthday Zayne,LS950905,未知分类,"This is a little fan-made gift for Love and Deepspace’s Zayne.<br />It’s dedicated to Little Jasmine and of course, to Zayne himself.<br />Happy Birthday, Zayne! May Little Jasmine and Zayne always be happy together, forever and ever~",https://staticdelivery.nexusmods.com/mods/1303/images/36812/36812-1755576201-1336747612.png,
36815,黎深痛屋,,家具,#乙游｜#二次元｜#家具,https://www.nexusmods.com/stardewvalley/mods/36815,(CP)ZayneWallpaperAndFloor,LS950905,未知分类,"This mod mainly includes the matching flooring and wallpaper designed to go with (CP) Happy Birthday Zayne.<br />For more details, please see (CP) Happy Birthday Zayne (36812).",https://staticdelivery.nexusmods.com/mods/1303/images/36815/36815-1755593256-1194024790.png,
21909,五条悟,,新NPC,#二次元｜#新NPC,https://www.nexusmods.com/stardewvalley/mods/21909,,MildKewy,未知分类,,,
23653,夏油杰,Suguru Geto NPC (Jujutsu Kaisen),新NPC,#二次元｜#新NPC,https://www.nexusmods.com/stardewvalley/mods/23653,Suguru Geto NPC (Jujutsu Kaisen),kryptonimus,未知分类,"A mod that adds Suguru Geto into your Stardew Valley world! Or, alternatively, live out your dating sim fantasies with your favourite, depressed long haired emo ⸜(｡˃ ᵕ ˂ )⸝♡<br />- compatible with Cursedcure Satoru Gojo mod! (have not tested others)",https://staticdelivery.nexusmods.com/mods/1303/images/23653/23653-1720125966-6183474.png,
27237,五条悟夏油杰猫猫,,新宠物,#二次元｜#宠物,https://www.nexusmods.com/stardewvalley/mods/27237,Jujutsu Cats - Gojo and Geto from Jujutsu Kaisen as cats,hanbweh,未知分类,Add two chonky cats to your lovely household in Stardew Valley!,https://staticdelivery.nexusmods.com/mods/1303/images/27237/27237-1724435582-681821526.png,
23487,宿傩,,新NPC,#二次元｜#新NPC,https://www.nexusmods.com/stardewvalley/mods/23487,Ryomen Sukuna NPC - Jujutsu Kaisen,Yujis-Hat,未知分类,"This mod adds Ryomen Sukuna of Jujutsu Kaisen into Stardew Valley as a datable and marryable NPC :) This is my first mod so please let me know if there are any issues with him &lt;3 <br /><br />He is mean in Jujutsu Kaisen and he is mean in Stardew Valley, please keep this in mind. He uses strong language and he is still a villain!!!!",https://staticdelivery.nexusmods.com/mods/1303/images/23487/23487-1714517581-1014361305.png,
23598,宿傩,,新NPC,#二次元｜#新NPC,https://www.nexusmods.com/stardewvalley/mods/23598,Ryomen Sukuna (Heian) NPC - Jujutsu Kaisen,Yujis-Hat,未知分类,"This mod adds in our best boy Sukuna, this time with four arms. He's a tad nicer than my first Sukuna mod, probably because he doesn't have to listen to Yuji cry all day.",https://staticdelivery.nexusmods.com/mods/1303/images/23598/23598-1714767992-1735615274.png,
23955,虎杖悠仁,,新NPC,#二次元｜#新NPC,https://www.nexusmods.com/stardewvalley/mods/23955,Itadori Yuji NPC - Jujutsu Kaisen,Yujis-Hat,未知分类,"A mod that gives us our precious little pal Yuji. He's delicate, please treat him with care.",https://staticdelivery.nexusmods.com/mods/1303/images/23955/23955-1715591944-1571269721.png,
23624,伏黑甚尔,,新NPC,#二次元｜#新NPC,https://www.nexusmods.com/stardewvalley/mods/23624,Toji Fushiguro NPC,Yujis-Hat,未知分类,"A mod that adds everyone's favorite deadbeat dad, Toji Fushiguro, to Pelican Town. He is datable and marryable. Compatible with Gojo, Sukuna, and Heian Sukuna mods. <br /><br />He has not yet been added to any festivals. I am one singular person please have mercy on me.",https://staticdelivery.nexusmods.com/mods/1303/images/23624/23624-1714825255-2139010283.png,
28778,狗卷,,新NPC,#二次元｜#新NPC,https://www.nexusmods.com/stardewvalley/mods/28778,InumakiToge,DUTYFISH,未知分类,包含独立事件、原创地图、原创物品的狗卷棘单人mod,https://staticdelivery.nexusmods.com/mods/1303/images/28778/28778-1729616686-372787017.png,
25973,狗卷,,新NPC,#二次元｜#新NPC,https://www.nexusmods.com/stardewvalley/mods/25973,Toge Inumaki NPC Jujutsu Kaisen,Loonimae,未知分类,Adds Toge Inumaki from Jujutsu Kaisen to Stardew Valley.,https://staticdelivery.nexusmods.com/mods/1303/images/25973/25973-1721417908-228063270.png,
38749,太宰治,Dazai Osamu,新NPC,#二次元｜#新NPC,https://www.nexusmods.com/stardewvalley/mods/38749,Dazai Osamu,AsanagiKaoru,未知分类,感谢下载，这是一个独立npc模组，此角色来自作品《文豪野犬》，属性为乙女向。太中禁止。此模组需要高清肖像模组才可以正常使用。有其他不懂欢迎来我的小红书，账号是：Asanagi_Kaoru询问。禁止把我的模组做成任何付费整合包。,https://staticdelivery.nexusmods.com/mods/1303/images/38749/38749-1761068870-297845811.jpg,
4373,初音未来,CP_Miku NPC,新NPC,#二次元｜#新NPC,https://www.nexusmods.com/stardewvalley/mods/4373,CP_Miku NPC,ChaseXavier,未知分类,"This is a NPC that will be added to the game.<br /><br />	&gt;&gt;&gt;Back up your save&lt;&lt;&lt;",https://staticdelivery.nexusmods.com/mods/1303/images/4373/4373-1566694637-2078872826.png,
12000,钟赫和斯潘纳——桑贝里村的自定义NPC,Jonghyuk and Spanner - Custom NPCs for Sunberry Village,新NPC,#二次元｜#新NPC,https://www.nexusmods.com/stardewvalley/mods/12000,Jonghyuk and Spanner - Custom NPCs for Sunberry Village,Arknir27 and The Sunberry Team,未知分类,"The world ended, but Jonghyuk survived. Adds a dateable bachelor and adoptable child NPC to Sunberry Village. From the author of Lucikiel and Lavril!",https://staticdelivery.nexusmods.com/mods/1303/images/12000/12000-1764549101-677506018.png,
40002,《无限暖暖》中的暖暖和莫莫,Nikki_and_Momo,新NPC,#二次元｜#新NPC,https://www.nexusmods.com/stardewvalley/mods/40002,Nikki_and_Momo,kakayeka,未知分类,将叠纸游戏公司旗下暖暖系列第五代无限暖暖之中的暖暖与大喵加入游戏,https://staticdelivery.nexusmods.com/mods/1303/images/40002/40002-1765099374-1517619252.png,
38746,暖暖和大喵,Nikki And Momo,新NPC,#二次元｜#新NPC,https://www.nexusmods.com/stardewvalley/mods/38746,Nikki And Momo,cuobanxiaoggou and yeyuzz,未知分类,向游戏添加新npc暖暖和大喵，目前只有中文,https://staticdelivery.nexusmods.com/mods/1303/images/38746/38746-1761129645-405655336.png,
37248,暖暖,,新NPC,#二次元｜#新NPC,https://www.nexusmods.com/stardewvalley/mods/37248,nikki NPC,cuobanxiaoggou,未知分类,此模组添加了暖暖系列游戏的主角苏暖暖到游戏里,https://staticdelivery.nexusmods.com/mods/1303/images/37248/37248-1756883934-1946528654.png,
39963,肉桂狗和朋友们经营的咖啡馆,Cinnamoroll Cafe,新NPC,#二次元｜#新NPC,https://www.nexusmods.com/stardewvalley/mods/39963,Cinnamoroll Cafe,otohimexoxo,未知分类,Adds a new cafe run by Cinnamoroll and friends! ♡,https://staticdelivery.nexusmods.com/mods/1303/images/39963/39963-1765022847-357462658.png,
38283,若叶睦,,新NPC,#二次元｜#新NPC,https://www.nexusmods.com/stardewvalley/mods/38283,Cucumber Girl - Wakaba Mutsumi - New Farmer NPC,udonDAZE,未知分类,"为你的游戏添加来自《MyGo 》,《Mujica》的角色———若叶睦",https://staticdelivery.nexusmods.com/mods/1303/images/38283/38283-1759815361-1057277298.jpg,
38271,为NPC Kirby添加新头像,New Portraits for NPC Kirby,新NPC,#二次元｜#新NPC,https://www.nexusmods.com/stardewvalley/mods/38271,New Portraits for NPC Kirby,silvermoonchan,未知分类,New portraits for NPC Kirby,https://staticdelivery.nexusmods.com/mods/1303/images/38271/38271-1759782042-246921978.png,
30797,星之卡比,Kirby,新NPC,#二次元｜#新NPC,https://www.nexusmods.com/stardewvalley/mods/30797,Kirby,Angelofthewastes33,未知分类,Kirby Comes Right Back At Ya in Stardew Valley,https://staticdelivery.nexusmods.com/mods/1303/images/30797/30797-1736637210-2492341.jpeg,
37405,托蒂（Torti）玉米饼NPC,Torti the Tortilla,新NPC,#二次元｜#新NPC,https://www.nexusmods.com/stardewvalley/mods/37405,Torti the Tortilla,sugarsbt,未知分类,Torti the Tortilla is an awesome tortilla NPC living in the Stardrop Saloon. He helps out during busy days and has lots of tortilla puns to offer!,https://staticdelivery.nexusmods.com/mods/1303/images/37405/37405-1757269639-196097845.png,
34053,利威尔·阿克曼 - NPC - 进击的巨人,Levi Ackerman - NPC - Attack on Titan,新NPC,#二次元｜#新NPC,https://www.nexusmods.com/stardewvalley/mods/34053,Levi Ackerman - NPC - Attack on Titan,LittlePippi,未知分类,"This mod adds Levi to Pelican Town. An NPC with custom dialogue, many events, story and character development. Datable and marriageable.",https://staticdelivery.nexusmods.com/mods/1303/images/34053/34053-1747897857-750903002.jpeg,
31904,鬼灭之刃谷,Demon Slayer Valley,新NPC,#二次元｜#新NPC,https://www.nexusmods.com/stardewvalley/mods/31904,Demon Slayer Valley,Hanazugawa,未知分类,"Inspired by the series as a huge fan. Currently includes Sanemi, Genya, Kyojuro and Giyu.",https://staticdelivery.nexusmods.com/mods/1303/images/31904/31904-1760013603-1070264031.jpg,
31713,akaza-鬼灭,,新NPC,#二次元｜#新NPC,https://www.nexusmods.com/stardewvalley/mods/31713,Akaza NPC - Demon Slayer,kArmag0re,未知分类,This mod adds Akaza into your Stardew Valley world as a new datable character.,https://staticdelivery.nexusmods.com/mods/1303/images/31713/31713-1740165002-1116009163.png,
39804,宝可梦饰品,,饰品,#二次元｜#饰品,https://www.nexusmods.com/stardewvalley/mods/39804,Pokemon Trinkets,Xan,未知分类,"This adds Pokemon as Trinkets to the game that are obtainable by defeating monsters and destroying crates.<br />There is also a Trinket device that works the same way as the Anvil, except it upgrades the trinket instead of giving a random level.",https://staticdelivery.nexusmods.com/mods/1303/images/39804/39804-1764486062-1592434209.png,
14080,全职猎人,,AT稻草人,#二次元｜AT稻草人,https://www.nexusmods.com/stardewvalley/mods/14080,(AT) Spooncrows - Hunter x Hunter,Spooner,未知分类,"The ""Hunter x Hunter"" entry of my Spooncrows series, a set of Alternative Textures to replace Scarecrow sprites.",https://staticdelivery.nexusmods.com/mods/1303/images/14080/14080-1665410995-33797643.jpeg,
14121,鬼灭之刃,,AT稻草人,#二次元｜AT稻草人,https://www.nexusmods.com/stardewvalley/mods/14121,(AT) Spooncrows - Demon Slayer,Spooner,未知分类,"The ""Demon Slayer"" entry of my Spooncrows series, a set of Alternative Textures to replace Scarecrow sprites.",https://staticdelivery.nexusmods.com/mods/1303/images/14121/14121-1686253714-295361698.jpeg,
14088,间谍×过家家,,AT稻草人,#二次元｜AT稻草人,https://www.nexusmods.com/stardewvalley/mods/14088,(AT) Spooncrows - Spy x Family,Spooner,未知分类,"The ""Spy x Family"" entry of my Spooncrows series, a set of Alternative Textures to replace Scarecrow sprites.",https://staticdelivery.nexusmods.com/mods/1303/images/14088/14088-1666546707-1684014426.jpeg,
14239,灵能百分百,,AT稻草人,#二次元｜AT稻草人,https://www.nexusmods.com/stardewvalley/mods/14239,(AT) Spooncrows - Mob Psycho 100,Spooner,未知分类,"The ""Mob Psycho 100"" entry of my Spooncrows series, a set of Alternative Textures to replace Scarecrow sprites.",https://staticdelivery.nexusmods.com/mods/1303/images/14239/14239-1681513999-1107508949.jpeg,
14328,致不灭的你,,AT稻草人,#二次元｜AT稻草人,https://www.nexusmods.com/stardewvalley/mods/14328,(AT) Spooncrows - To Your Eternity,Spooner,未知分类,"The ""To Your Eternity"" entry of my Spooncrows series, a set of Alternative Textures to replace Scarecrow sprites.",https://staticdelivery.nexusmods.com/mods/1303/images/14328/14328-1681513828-1241265342.jpeg,
14420,JOJO的奇妙冒险,,AT稻草人,#二次元｜AT稻草人,https://www.nexusmods.com/stardewvalley/mods/14420,(AT) Spooncrows - JJBA Stone Ocean,Spooner,未知分类,"The ""JJBA: Stone Ocean"" entry of my Spooncrows series, a set of Alternative Textures to replace Scarecrow sprites.",https://staticdelivery.nexusmods.com/mods/1303/images/14420/14420-1668040747-1590721363.jpeg,
14081,魔物学园：毕业舞会大作战,,AT稻草人,#二次元｜AT稻草人,https://www.nexusmods.com/stardewvalley/mods/14081,(AT) Spooncrows - Monster Prom,Spooner,未知分类,"The ""Monster Prom"" entry of my Spooncrows series, a set of Alternative Textures to replace Scarecrow sprites.",https://staticdelivery.nexusmods.com/mods/1303/images/14081/14081-1671234563-2034947031.jpeg,
27505,恋与深空、光夜、恋与制作人稻草人,XiangCai's scarecrow-AT,AT稻草人,#乙游｜#二次元｜AT稻草人,https://www.nexusmods.com/stardewvalley/mods/27505,XiangCai's scarecrow,XiangCai,未知分类,乙游稻草人~,https://staticdelivery.nexusmods.com/mods/1303/images/27505/27505-1725510593-1897379022.png,
33210,未定、绘旅人、世界之外稻草人,,AT稻草人,#乙游｜#二次元｜AT稻草人,https://www.nexusmods.com/stardewvalley/mods/33210,XiangCai's scarecrow 1.0,XiangCai,未知分类,乙游稻草人1.0,https://staticdelivery.nexusmods.com/mods/1303/images/33210/33210-1744565568-1500544745.jpeg,
27496,黎深小人立牌家具,,AT稻草人,#乙游｜#二次元｜AT稻草人,https://www.nexusmods.com/stardewvalley/mods/27496,(CP)Best Wishes For Lishen(Zayne)-Love and Deepspace-Furniture,Macchiato,未知分类,新增家具：黎深人物小立牌<br />-无尘（医生ver.）<br />-秋风为念（生日ver.）<br /><br />Add new Furniture: LiShen(Zayne) Character's decorations<br />-Zayne_doctor<br />-Zayne_birthday,https://staticdelivery.nexusmods.com/mods/1303/images/27496/27496-1725548499-1987276565.png,
28771,恋与深空稻草人,,AT稻草人,#乙游｜#二次元｜AT稻草人,https://www.nexusmods.com/stardewvalley/mods/28771,(CP)Sylus,jiaojiao,未知分类,增加了12只恋与深空 秦彻的稻草人，他不会赶走乌鸦，cp模式直接添加到游戏中，安装后到家具目录直接抓就好。,https://staticdelivery.nexusmods.com/mods/1303/images/28771/28771-1732785120-2084558063.jpeg,
29778,恋与深空猫耳发饰,,AT稻草人,#乙游｜#二次元｜AT稻草人,https://www.nexusmods.com/stardewvalley/mods/29778,(FS)Cat ear hairpin,jiaojiao,未知分类,8对恋与深空猫咪执事同款猫耳发卡,https://staticdelivery.nexusmods.com/mods/1303/images/29778/29778-1732873103-1578406662.jpeg,
28422,深空玩偶,Love and Deepspace Doll,AT玩偶,#乙游｜#二次元｜#CP玩偶,https://www.nexusmods.com/stardewvalley/mods/28422,Love and Deepspace Doll,Peach yogurt,未知分类,The doll furniture comes from a mobile game called "Love and Deep Space".,https://staticdelivery.nexusmods.com/mods/1303/images/28422/28422-1740833986-438619622.jpeg,
27717,光夜玩偶,Light and Night Doll,AT玩偶,#乙游｜#二次元｜#CP玩偶,https://www.nexusmods.com/stardewvalley/mods/27717,Light and Night Doll,Peach yogurt,未知分类,,https://staticdelivery.nexusmods.com/mods/1303/images/27717/27717-1726146018-1858686330.png,
16615,吉卜力风格家具,,家具,#二次元｜#家具,https://www.nexusmods.com/stardewvalley/mods/16615,(AT)Ghibli Style Furniture,ENDYLAU,未知分类,"Most of these furniture pieces are designed in Studio Ghibli's iconic style, with some unique special additions! <br />The models are now updated! Hope you love them!<br />Find me on 小红书: @el21085909",https://staticdelivery.nexusmods.com/mods/1303/images/16615/16615-1751256155-326106265.png,
39906,吉卜力卡通家具,,家具,#二次元｜#家具,https://www.nexusmods.com/stardewvalley/mods/39906,CP Ghibli cartoon furniture,Enoki,未知分类,"19 pieces of Ghibli-style cartoon furniture, taken from the furniture catalogue.",https://staticdelivery.nexusmods.com/mods/1303/images/39906/39906-1764862224-586516163.jpg,
29531,哈利波特家具,,家具,#二次元｜#家具,https://www.nexusmods.com/stardewvalley/mods/29531,Harry Potter Furniture,ICEcavities,未知分类,This mod adds purchasable furniture from Harry Potter in the Furniture Catalogue,https://staticdelivery.nexusmods.com/mods/1303/images/29531/29531-1731991062-54366163.jpeg,
39882,罗小黑家具,,家具,#二次元｜#家具,https://www.nexusmods.com/stardewvalley/mods/39882,Luoxiaohei character furniture,Yizhiyanga and miya,未知分类,"罗小黑角色动态家具，动态效果需要AT替代纹理，家具在cjb菜单搜索对应角色名字获得，<br />感谢小红书@亿只羊啊老师绘制的图片和授权。<br />Luo Xiaohei character dynamic furniture, the dynamic effects need AT to replace the texture, the furniture can be obtained by searching the corresponding charact",https://staticdelivery.nexusmods.com/mods/1303/images/39882/39882-1764761507-1531599944.jpg,
39367,罗小黑猫猫,,家具,#二次元｜#家具,https://www.nexusmods.com/stardewvalley/mods/39367,Luo Xiaohei Cat Replacement,DMT,未知分类,a mod to replace the cat<br />用于替换原有的猫外观,https://staticdelivery.nexusmods.com/mods/1303/images/39367/39367-1764686799-806704949.png,
39788,罗小黑玩偶,,家具,#二次元｜#家具,https://www.nexusmods.com/stardewvalley/mods/39788,CP Luo Xiaohei Furniture,Enoki,未知分类,"Some furniture was added,inspired by ""The Legend of HEI"".",https://staticdelivery.nexusmods.com/mods/1303/images/39788/39788-1764424569-1352869209.jpg,
39055,比奇堡农场建筑,,家具,#二次元｜#家具,https://www.nexusmods.com/stardewvalley/mods/39055,AT Bikini Bottom Farm Buildings Beautification,Enoki,未知分类,"Some of the Beach beautifications in Bikini Bottom include Farmhouse，three Shed,Greenhouse,Slime Hutch,Winery and five connected small house beautifications.",https://staticdelivery.nexusmods.com/mods/1303/images/39055/39055-1763975384-1521864281.jpg,
39638,比奇堡家具,,家具,#二次元｜#家具,https://www.nexusmods.com/stardewvalley/mods/39638,Bikini Bottom furniture,Enoki,未知分类,"Some Bikini Bottom furniture was added,Taken from the furniture catalogue.",https://staticdelivery.nexusmods.com/mods/1303/images/39638/39638-1763975968-913879619.png,
26666,chiikawa家具,,家具,#二次元｜#家具,https://www.nexusmods.com/stardewvalley/mods/26666,Chiikawa HD Furniture,SweetyStar,未知分类,Chiikawa HD Furniture 吉伊高清家具,https://staticdelivery.nexusmods.com/mods/1303/images/26666/26666-1722681639-174631590.jpeg,
2529,宝可梦,,家具,#二次元｜#家具,https://www.nexusmods.com/stardewvalley/mods/2529,Pokefy (A Pokemon Mod),StravaJD and Coupangg,未知分类,Replaces animals and various other things with Pokemon.,https://staticdelivery.nexusmods.com/mods/1303/images/2529/2529-1642735823-129054308.png,
36450,巫师的家具,Wizard's Whimsical Furniture,家具,#家具,https://www.nexusmods.com/stardewvalley/mods/36450,Wizard's Whimsical Furniture,Potatoes,未知分类,"Replaces the Wizard's catalogue with a more whimsical and maximalist version, while respecting the vanilla style. For people who want a more magical look &lt;3",https://staticdelivery.nexusmods.com/mods/1303/images/36450/36450-1764970085-305321655.png,
39989,缝纫家具-斯迪仔,,家具,#家具,https://www.nexusmods.com/stardewvalley/mods/39989,stitch Furniture,nofox,未知分类,invite stitch to your stardewvalley!,https://staticdelivery.nexusmods.com/mods/1303/images/39989/39989-1765084818-1695716830.png,
40017,极简主义猫咪,,家具,#家具,https://www.nexusmods.com/stardewvalley/mods/40017,Minimalistic Cats,Acc9000,未知分类,Wall art of minimalistic cats in various colours. Plenty of combinations!,https://staticdelivery.nexusmods.com/mods/1303/images/40017/40017-1765144417-791084425.png,
39782,艾姆的农场动物（合集）,Em's Farm Animals (collection bundle),动物美化,#动物美化｜#人气新mod,https://www.nexusmods.com/stardewvalley/mods/39782,Em's Farm Animals (collection bundle),RivalRabbit,未知分类,"A complete bundle of Em's farm animals, including all coop and barn animals. Available for CP and AT.",https://staticdelivery.nexusmods.com/mods/1303/images/39782/39782-1765307742-2043357511.png,
8587,祖祖市中心,,大型扩展mod,#大型扩展mod｜#扩展类,https://www.nexusmods.com/stardewvalley/mods/8587,Downtown Zuzu,Zuzu Development Team,未知分类,"So you're playing some Stardew Valley, and someone mentions the infamous ""Zuzu City"". This city is mentioned all through the game, haven't you ever wondered what it is like?",https://staticdelivery.nexusmods.com/mods/1303/images/8587/8587-1619353650-1203004739.png,29446-汉化    |1915-Content Patcher     |8626-Custom Companions     |3231-Farm Type Manager (FTM)     |1536-Mail Framework Mod     |2400-SMAPI - Stardew Modding API     |1348-SpaceCore     |6183-Train Station     |8630-Walk to the Desert - Redux     |21264-BusLocations
3753,SVE,Stardew Valley Expanded,大型扩展mod,#大型扩展mod｜#扩展类,https://www.nexusmods.com/stardewvalley/mods/3753,Stardew Valley Expanded,FlashShifter,未知分类,"Stardew Valley Expanded is a fanmade expansion for ConcernedApe's Stardew Valley. This mod adds 28 new NPCs,  58 locations, 278 character events, 43 fish, reimagined vanilla areas, three farm maps, a reimagined world map reflecting all changes, new music, questlines, objects, crops, festivals, and many miscellaneous additions!",https://staticdelivery.nexusmods.com/mods/1303/images/3753/3753-1764750125-1889220242.png,
5787,东斯卡普村/东崖,East Scarp,大型扩展mod,#大型扩展mod｜#扩展类,https://www.nexusmods.com/stardewvalley/mods/5787,East Scarp,LemurKat et all,未知分类,"Welcome to East Scarp, a bustling suburb adjacent to Pelican Town!<br />Adding new NPCs, events, special orders, animals, crops, recipes, items, lore, plus stories and secrets.<br />And, you can customize your experience with additional NPCs.",https://staticdelivery.nexusmods.com/mods/1303/images/5787/5787-1762204934-1288413720.png,
11666,斯托夫顿,,大型扩展mod,#大型扩展mod｜#扩展类,https://www.nexusmods.com/stardewvalley/mods/11666,Stoffton,Lizzie,未知分类,"Stoffton is a thriving mill town located north of Pelican Town. You can access Stoffton by foot if you have Fostoria installed. Otherwise, you can access Stoffton by bus. Stoffton includes two large maps, a total of 39 new locations (including 11 shops), 48 new NPCs (including 14 marriage candidates), new heart events and more.",https://staticdelivery.nexusmods.com/mods/1303/images/11666/11666-1662648044-1096227066.jpeg,
7286,里奇赛德村,,大型扩展mod,#大型扩展mod｜#扩展类,https://www.nexusmods.com/stardewvalley/mods/7286,Ridgeside Village,Rafseazz and mamaesh - Assisted by RSV Council,未知分类,"Ridgeside Village adds over 50 new NPCs, a new location, new items, new shops, new festivals, custom music, custom quests, and more!",https://staticdelivery.nexusmods.com/mods/1303/images/7286/7286-1660896468-977490496.png,
11111,阳莓村,,大型扩展mod,#大型扩展mod｜#扩展类,https://www.nexusmods.com/stardewvalley/mods/11111,Sunberry Village,skellady and sophiesalacia,未知分类,"Sunberry Village adds a new town south of Pelican Town with 15+ NPCs, new items, crops, special orders, mines and more! Explore this cozy new village to learn the stories and secrets of its people, uncover the legend behind Sunberry and what hides in the mines underground.",https://staticdelivery.nexusmods.com/mods/1303/images/11111/11111-1725120633-590148613.png,
13996,返回矿石镇,,大型扩展mod,#大型扩展mod｜#扩展类,https://www.nexusmods.com/stardewvalley/mods/13996,Return to Mineral Town,Rexstrife20 and the Mineral Town Architects,未知分类,"Welcome to the world and characters that inspired not only Stardew Valley, but fans of farming sims as a whole. With characters either familiar or brand new, expand your horizons in Mineral Town.",https://staticdelivery.nexusmods.com/mods/1303/images/13996/13996-1737842392-1896709624.png,
14635,星露角/星露岬,Cape Stardew,大型扩展mod,#大型扩展mod｜#扩展类,https://www.nexusmods.com/stardewvalley/mods/14635,Cape Stardew,Arony,未知分类,"Cape Stardew: Step into the mysteries of a hidden sea cavern, uncover forgotten treasures, and connect with Annetta as you build your story. Explore a narrative that feels right at home with your other mods, and for those seeking an extra challenge, legendary weapons await. It's not just farming; it's an unforgettable adventure.",https://staticdelivery.nexusmods.com/mods/1303/images/14635/14635-1690007478-1399277535.png,
19730,星露谷峰,Stardew Peaks,大型扩展mod,#大型扩展mod｜#扩展类,https://www.nexusmods.com/stardewvalley/mods/19730,Stardew Peaks,TariVendice,未知分类,"A quiet town, a classic diner, a missing girl. Welcome to The Peaks. (An expansion mod based on the world of Twin Peaks.)",https://staticdelivery.nexusmods.com/mods/1303/images/19730/19730-1738275208-1462302204.png,
5678,矿产工会,,大型扩展mod,#大型扩展mod｜#扩展类,https://www.nexusmods.com/stardewvalley/mods/5678,Mineral Mage,Undare,未知分类,You get a visit from the mysterious Mineral Guild to improve your mining skills with :<br />-9 new machines! (with their recipes to buy)<br />-New area!<br />-Some new faces and shops!<br />-A variety of tips and instructions!.<br />-Works with PFM-Automate!,https://staticdelivery.nexusmods.com/mods/1303/images/5678/5678-1585384133-1194871214.png,
14858,霍格沃滋,Hogwarts A School of Witchcraft and Wizardry (WIP),大型扩展mod,#大型扩展mod｜#扩展类,https://www.nexusmods.com/stardewvalley/mods/14858,Hogwarts - A School of Witchcraft and Wizardry (WIP),Hogwarts Expansion Team,未知分类,This mod is an expansion focused in the magical universe of Harry Potter.,https://staticdelivery.nexusmods.com/mods/1303/images/14858/14858-1735975668-1467622582.png,
30888,博德村,,大型扩展mod,#大型扩展mod｜#扩展类,https://www.nexusmods.com/stardewvalley/mods/30888,Baldur's Village,BV,未知分类,"Baldur's Village is a fan-made expansion that adds Baldur's Gate 3 characters to Stardew Valley. This mod adds 20+ new beautifully drawn characters, 6 new locations, new shops with special items, events, and more! <br />博德村是粉丝自制的扩展模组，将博德之门3的角色加入星露谷物语。模组内嵌语言为中文和英文。",https://staticdelivery.nexusmods.com/mods/1303/images/30888/30888-1741392125-1337242771.png,
23979,法律和秩序SV,,大型扩展mod,#大型扩展mod｜#扩展类,https://www.nexusmods.com/stardewvalley/mods/23979,Law and Order SV,sdvhead,未知分类,"Adds a sheriff's office / jail near the community center, four new NPCs (Russell, Shannon, Spork, and Ripley), and opportunities to jail the criminals of Stardew Valley (currently: Pierre, Lewis, Clint,  Pam, and Morris). Compatible with Stardew Valley: Expanded.",https://staticdelivery.nexusmods.com/mods/1303/images/23979/23979-1734932811-252275679.png,
27440,星露谷饥荒,Don't Starve in Stardew Valley,大型扩展mod,#大型扩展mod｜#扩展类,https://www.nexusmods.com/stardewvalley/mods/27440,Don't Starve in Stardew Valley,Joegosama,未知分类,Don't Starve in Stardew Valley is a large expansion mod about Don't Starve.This module adds new recipes! crops and their seeds! trees and their products! ingredients! New crab cage harvesting and new crafting machines! New monster drop items!  new emails!And so on......,https://staticdelivery.nexusmods.com/mods/1303/images/27440/27440-1733690975-877861221.png,
26055,泰拉瑞亚boss,Terraria Bosses,大型扩展mod,#大型扩展mod｜#扩展类,https://www.nexusmods.com/stardewvalley/mods/26055,Terraria Bosses,GlitchedDeveloper,未知分类,Adds bosses from Terraria.,https://staticdelivery.nexusmods.com/mods/1303/images/26055/26055-1720853135-124459052.jpeg,
6626,露娜星露谷的迷途者,,大型扩展mod,#大型扩展mod｜#扩展类,https://www.nexusmods.com/stardewvalley/mods/6626,Lunna - Astray in Stardew Valley,Rafseazz,未知分类,VISUAL OVERHAUL UPDATE!<br />Adds lots of new content! From custom NPCs to new locations to even more!!<br />Check description below!,https://staticdelivery.nexusmods.com/mods/1303/images/6626/6626-1650350746-1314796341.png,
9642,矮人扩展,The Last Smoluanu A Dwarf Expansion.,大型扩展mod,#大型扩展mod｜#扩展类,https://www.nexusmods.com/stardewvalley/mods/9642,The Last Smoluanu - A Dwarf Expansion.,LemurKat,未知分类,"Expanding on the character and lore of Dwarf, the lonely demihuman keeping shop in Pelican Town's mine. Adds dialogue, events, and a special roommate ""proposal"" item so this mischievous little gremlin can come live with you.",https://staticdelivery.nexusmods.com/mods/1303/images/9642/9642-1678009068-1588642284.png,
12345,都林之息（矮人城镇）,,大型扩展mod,#大型扩展mod｜#扩展类,https://www.nexusmods.com/stardewvalley/mods/12345,Durin's Rest,NoFogBob and PaulDunstan,未知分类,"An expansion that adds in a dwarven town! Adds in 7 NPCs, 7 monsters, 6 fish, 8 crops, 71 recipes, 3 weapons, new quests, a new mine &amp; a whole new farm!<br /><br /><br />DO NOT USE THIS WITH DWARVEN BREWING! ONE OR THE OTHER! THEY BOTH HAVE THE SAME BREWING SYSTEM!",https://staticdelivery.nexusmods.com/mods/1303/images/12345/12345-1655518639-1286020870.png,
34617,矿工休憩地采石场扩建,Miner's Retreat  A Quarry Expansion,大型扩展mod,#大型扩展mod｜#扩展类,https://www.nexusmods.com/stardewvalley/mods/34617,Miner's Retreat - A Quarry Expansion,Azathii,未知分类,"Miner's Retreat adds a cozy new player home, nestled in a peaceful, ore spawning cave found within the quarry. The home comes complete with a minecart in the basement, as well as its own mine elevator, making it an ideal location to sleep in if you're running low on time after a long, hard day in the mines",https://staticdelivery.nexusmods.com/mods/1303/images/34617/34617-1749231884-1663122233.png,
14079,夜城,,大型扩展mod,#大型扩展mod｜#扩展类,https://www.nexusmods.com/stardewvalley/mods/14079,The Night City A big expansion mod,Sarventee,未知分类,The NightTown (夜城）国人大型拓展MOD,https://staticdelivery.nexusmods.com/mods/1303/images/14079/14079-1665401262-846329339.png,
20613,The DayBreak黎明,,大型扩展mod,#大型扩展mod｜#扩展类,https://www.nexusmods.com/stardewvalley/mods/20613,The DayBreak,Sansel QinyuKIMIE,未知分类,欢迎来到TDB 这是一处从公交车站台森林左上角可进入的若干个城市地图，拥有被分割的数百个小地图和探索的建筑物，村镇，部落，人物集群等。其中包含着部分主线剧情及其都带有个人线剧情的npc。<br /><br />This is a map of several cities that can be accessed from the upper left,https://staticdelivery.nexusmods.com/mods/1303/images/20613/20613-1710818804-515595642.jpeg,
20431,墨西哥蝾螈村,Axolotl Village,大型扩展mod,#大型扩展mod｜#扩展类,https://www.nexusmods.com/stardewvalley/mods/20431,Axolotl Village,otohimexoxo,未知分类,An expansion mod that adds a new island full of axolotls to meet and befriend! ♡,https://staticdelivery.nexusmods.com/mods/1303/images/20431/20431-1715823983-2118318588.png,
19376,北部海湾,,大型扩展mod,#大型扩展mod｜#扩展类,https://www.nexusmods.com/stardewvalley/mods/19376,The Northern Gulf,The commission of The Northern Gulf,未知分类,"The Northern Gulf, a village sustained by the nearby waters, sits to the north of Pelican Town, accessible by winding through the mountains. This mod brings forth 12 new NPCs, each with special events unveiling their backgrounds, perspectives on life, ideals, and a myriad of new items for exploration!",https://staticdelivery.nexusmods.com/mods/1303/images/19376/19376-1710255119-188258122.png,
12102,冒险者工会扩大,,大型扩展mod,#大型扩展mod｜#扩展类,https://www.nexusmods.com/stardewvalley/mods/12102,Adventurer's Guild Expanded,SUPERT,未知分类,"An expansion for the Adventurer's Guild complete with new quests, 30+ story events, new romanceable NPCs, and the ability to befriend and recruit a friendly monster to live on your farm! Compatible with SVE!",https://staticdelivery.nexusmods.com/mods/1303/images/12102/12102-1653086591-22091967.png,
34390,莉莉布鲁克,Lilybrook  A Stardew Valley Expansion,大型扩展mod,#大型扩展mod｜#扩展类,https://www.nexusmods.com/stardewvalley/mods/34390,Lilybrook - A Stardew Valley Expansion,8BitAlien,未知分类,"Lilybrook adds a new village accessible via the bus which adds 17 new NPCs, new fish, locations, crops, special orders and more!",https://staticdelivery.nexusmods.com/mods/1303/images/34390/34390-1748738262-1085852280.png,
11478,福斯托里亚,,大型扩展mod,#大型扩展mod｜#扩展类,https://www.nexusmods.com/stardewvalley/mods/11478,Fostoria,Lizzie,未知分类,"Fostoria was once a bustling mining community near Pelican Town. Now largely abandoned, Fostoria is home to three new NPCs and two shops. This new location offers bountiful forage, new fishing locations, new friends, new quests, and even allows you  to walk to the desert. Fostoria also provides a walking link to my larger expansion mod, Stoffton.",https://staticdelivery.nexusmods.com/mods/1303/images/11478/11478-1649090441-494018198.jpeg,
18109,遥远的土地小型女巫沼泽扩展包,,大型扩展mod,#大型扩展mod｜#扩展类,https://www.nexusmods.com/stardewvalley/mods/18109,Distant Lands -  A Small Witch Swamp Expansion,Aimon111,未知分类,"A small expansion mod for Stardew Valley. This mod changes the look of vanilla Witch Swamp map, making it look more lively and realistic. Adds new endgame NPC, quests, items, fish, crops, forage and more!",https://staticdelivery.nexusmods.com/mods/1303/images/18109/18109-1699791363-895397758.png,
23868,天气奇观马厩,Weather Wonders  Stable,大型扩展mod,#大型扩展mod｜#扩展类,https://www.nexusmods.com/stardewvalley/mods/23868,Weather Wonders - Stable,Kanadeyoru,未知分类,"Custom weathers, lunar events and nightly events. <br />Fully configurable overhaul! Everything made to be vanilla-friendly!",https://staticdelivery.nexusmods.com/mods/1303/images/23868/23868-1715376144-329932127.png,
649,RTGOAT长寿税收,RTGOAT's Longevity,大型扩展mod,#大型扩展mod｜#扩展类,https://www.nexusmods.com/stardewvalley/mods/649,RTGOAT's Longevity,RTGOAT,未知分类,"Overhaul player progression with dynamic item pricing, a progressive tax system, and stamina balance!",https://staticdelivery.nexusmods.com/mods/1303/images/649-5-1508215709.png,
9600,雾鸣山峰卢米斯特里亚参观瓦皮乌斯山,Lumisteria Visit Mount Vapius,大型扩展mod,#大型扩展mod｜#扩展类,https://www.nexusmods.com/stardewvalley/mods/9600,Lumisteria Visit Mount Vapius,Lumisteria,未知分类,"This mod adds a new area to visit, with everything you could expect : events, npcs, items, secrets, recipes, flowers, and more.",https://staticdelivery.nexusmods.com/mods/1303/images/9600/9600-1711200911-863358232.png,
34937,米林珍奇博物馆,Mirin's Museum of Curiosities,大型扩展mod,#大型扩展mod｜#扩展类,https://www.nexusmods.com/stardewvalley/mods/34937,Mirin's Museum of Curiosities,13midnight,未知分类,A small tiny expansion that adds a little corner that acts as a museum.<br />The curator is a very interesting... cat?,https://staticdelivery.nexusmods.com/mods/1303/images/34937/34937-1750435915-134202520.png,
15261,烟花节,,大型扩展mod,#大型扩展mod｜#扩展类,https://www.nexusmods.com/stardewvalley/mods/15261,Fireworks Festival,violetlizabet,未知分类,Adds a summer fireworks festival as well as craftable fireworks.,https://staticdelivery.nexusmods.com/mods/1303/images/15261/15261-1675901960-604650643.png,
30138,山谷中的自然（昆虫馆）,,大型扩展mod,#大型扩展mod｜#扩展类,https://www.nexusmods.com/stardewvalley/mods/30138,Nature In The Valley (Catchable Creatures),w8AwA8w,未知分类,This mod add an animal-crossing-style animal catching system with more than 80 collectable animals spawning across the valley! Includes an insectarium for you to donate all the animals you find for unique rewards and Terrariums to keep creatures as pets!. Includes a framework for other mods to make their own creatures/animals!,https://staticdelivery.nexusmods.com/mods/1303/images/30138/30138-1734963868-1398904866.png,
10612,球上的不幸遭遇,Moon Misadventures,大型扩展mod,#大型扩展mod｜#扩展类,https://www.nexusmods.com/stardewvalley/mods/10612,Moon Misadventures,spacechase0 and paradigmnomad,未知分类,Want to go to the moon? Now you can!,https://staticdelivery.nexusmods.com/mods/1303/images/10612/10612-1641877842-1163628635.png,
30982,红熊猫义卖会,Red Panda Bazaar,大型扩展mod,#大型扩展mod｜#扩展类,https://www.nexusmods.com/stardewvalley/mods/30982,Red Panda Bazaar,Lilaoliu WhaleK233,未知分类,"Welcome to Red Panda Bazaar!<br />This is a new expansion mod for Stardew Valley which adds 3 new NPCs, some locations, a few shops and a new festival!<br />The entrance to the bazaar is on a new sign next to the bus.",https://staticdelivery.nexusmods.com/mods/1303/images/30982/30982-1748084735-543250678.png,
32260,被遗忘的森林秘密森林扩展包,,大型扩展mod,#大型扩展mod｜#扩展类,https://www.nexusmods.com/stardewvalley/mods/32260,The Forgotten Woods - A Secret Woods Expansion,Azathii,未知分类,"A Secret Woods expansion adding new maps to the game for foragers and adventurers alike! Plant trees for wood, create a tapping farm, gather different foragables, hunt forgotten treasure and discover hidden secrets!",https://staticdelivery.nexusmods.com/mods/1303/images/32260/32260-1741569932-1718301392.png,
18465,星露德鲁伊,Stardew Druid,大型扩展mod,#大型扩展mod｜#扩展类,https://www.nexusmods.com/stardewvalley/mods/18465,Stardew Druid,Neosinf,未知分类,"Adds unique, myth themed mechanics and content to the core game experience. New quests, locations, companions, lore and collectibles. Learn to cast wildgrowth, lightning, meteors, gravity wells, shapeshift into a dragon and more!",https://staticdelivery.nexusmods.com/mods/1303/images/18465/18465-1743997130-1283799962.png,
34093,东方Mystia的居酒屋,,大型扩展mod,#大型扩展mod｜#扩展类,https://www.nexusmods.com/stardewvalley/mods/34093,Touhou Mystia's Izakaya,Tozniz,未知分类,Adds some recipes for the cuisine and beverages of Touhou Mystia's Izakaya. English and Chinese supported.,https://staticdelivery.nexusmods.com/mods/1303/images/34093/34093-1747588912-1463890739.png,
32872,下坡计划  自定义 NPC 的扩展地图,,大型扩展mod,#大型扩展mod｜#扩展类,https://www.nexusmods.com/stardewvalley/mods/32872,Downhill Project - Expanded Map for Custom NPCs,Kiyugamods,未知分类,"An old and forgotten neighborhood. Once busy with mining, it’s now home to just three residents: a priest, a miner, and a old lady. With few visitors and a nostalgic feel, the neighborhood holds stories from the past...",https://staticdelivery.nexusmods.com/mods/1303/images/32872/32872-1752867044-545730949.png,
11689,NUVM  村庄移动版新更新,,大型扩展mod,#大型扩展mod｜#扩展类,https://www.nexusmods.com/stardewvalley/mods/11689,NUVM - New Update Village Mobile,DuduBertol,未知分类,"[Mobile Version] New Update Village is a fan-created village added to Stardew Valley. Its additions to the game include new modifications, new locations,<br />new consumables and usables as well as new extra upgrades. <br />- This version has 100% MOBILE COMPATIBILITY. Works on 1.4 Stardew Valley! (1.5 too)<br />- PC VERSION in DESCRIPTION.",https://staticdelivery.nexusmods.com/mods/1303/images/11689/11689-1650048419-1402510110.png,
11366,NUV 新更新村庄,,大型扩展mod,#大型扩展mod｜#扩展类,https://www.nexusmods.com/stardewvalley/mods/11366,NUV - New Update Village,DuduBertol,未知分类,"New Update Village is a fan-made village added to Stardew Valley. Its additions to the game include new modifications, new locations, <br />new consumables and usables, as well as new extra upgrades. Hope you Like it! &lt;3<br />- This version has 100% MOBILE COMPATIBILITY. Works on 1.4 Stardew Valley! (1.5 too)<br />- PC VERSION in DESCRIPTION.",https://staticdelivery.nexusmods.com/mods/1303/images/11366/11366-1647700940-1461520823.png,
26839,刘梓晨坐骑,,,#稀奇古怪mod,https://www.nexusmods.com/stardewvalley/mods/26839,Liu Zichen's kindness will be ridden,boxi,未知分类,Changed the pony texture to Liu Zichen,https://staticdelivery.nexusmods.com/mods/1303/images/26839/26839-1723201033-39160676.png,
24357,交税,,,#稀奇古怪mod,https://www.nexusmods.com/stardewvalley/mods/24357,Serfdom - Realistic Taxes,Arleau,未知分类,Provides realistic income and property taxation mechanics.,https://staticdelivery.nexusmods.com/mods/1303/images/24357/24357-1716581089-194532717.jpeg,
35087,新npc道尔顿,,,#新NPC,https://www.nexusmods.com/stardewvalley/mods/35087,Daulton and Maple - A Custom NPC Mod,bigsquishy0,未知分类,"Adds Daulton, a marriageable dockhand, and his bunny Maple to Pelican Town. Features 8 heart events, 2500+ dialogue lines, seasonal outfits, custom marriage room &amp; patio, and full SVE compatibility. Complete romance storyline with fun character development.",https://staticdelivery.nexusmods.com/mods/1303/images/35087/35087-1750898881-1240554120.png,
34255,玛尼x马龙,,,,https://www.nexusmods.com/stardewvalley/mods/34255,Marnie x Marlon,Jierishi,未知分类,A relationship mod expanding Marnie's storyline around Marlon.,https://staticdelivery.nexusmods.com/mods/1303/images/34255/34255-1748219698-1017209523.png,
8569,偷东西,,,#稀奇古怪mod,https://www.nexusmods.com/stardewvalley/mods/8569,Shoplifter,TheMightyAmondee,未知分类,Tired of paying high prices? Or are you just tired of Marnie staring at the microwave? This mod adds the ability to shoplift certain stores... just don't get caught!,https://staticdelivery.nexusmods.com/mods/1303/images/8569/8569-1619174319-1751496009.png,
24635,捡蘑菇,,,#稀奇古怪mod,https://www.nexusmods.com/stardewvalley/mods/24635,More Mushrooms as Forage - Chinese1.6,Tea,未知分类,是More Mushrooms as Forage（更多蘑菇作为觅食）模组的中文译本。翻译了好久我要晕了——一定要看简介！,https://staticdelivery.nexusmods.com/mods/1303/images/24635/24635-1716982734-1736716420.png,
36145,养萨摩耶,,,#动物,https://www.nexusmods.com/stardewvalley/mods/36145,Samoyed dog,Ishr,未知分类,来养一只可爱耶耶吧。Let's get a cute Samoyed.,https://staticdelivery.nexusmods.com/mods/1303/images/36145/36145-1753797420-1551447681.png,
9052,催眠,,,#稀奇古怪mod,https://www.nexusmods.com/stardewvalley/mods/9052,Hypno Valley,Kryspur,未知分类,Adds hypnotic items and tools into the game. Also adds a trance mechanic and a new character to sell the player the new items and abilities.,https://staticdelivery.nexusmods.com/mods/1303/images/9052/9052-1625465525-1723196240.png,
32045,地球农场,,,#地图,https://www.nexusmods.com/stardewvalley/mods/32045,Earth Farm,xc333222,未知分类,Added a new farm type: Earth Farm,https://staticdelivery.nexusmods.com/mods/1303/images/32045/32045-1740927042-1212176737.png,
23412,鹈鹕镇党群活动中心,,,#稀奇古怪mod,https://www.nexusmods.com/stardewvalley/mods/23412,Ferngill Party and Mass Service Center,Itivuttakam,未知分类,对星露谷方方面面的文字进行了“如在身边”的修改和编辑，想做一个很棒的中式核心。名字只是整活，传达一种感觉。,https://staticdelivery.nexusmods.com/mods/1303/images/23412/23412-1714396919-1870710615.png,
10378,开潘姆公交车,,,#稀奇古怪mod,https://www.nexusmods.com/stardewvalley/mods/10378,Calico Desert Bus,blueberry,未知分类,"There's 360 miles to the Calico Desert, we've got a full tank of gas, half a pack of parsnip seeds, it's hot out, and Pam's driving.",https://staticdelivery.nexusmods.com/mods/1303/images/10378/10378-1758195508-595768353.png,
32830,御剑飞行,,,#稀奇古怪mod,https://www.nexusmods.com/stardewvalley/mods/32830,Flying Weapon Mount Mod,Darkmushu1,未知分类,Ride your current weapon as a mount at the cost of stamina drain. Allows you to switch weapon skin to existing mod assets to ride as your flying mount. Can now be learned as an Ability with level up if you have Unified Experience System Install,https://staticdelivery.nexusmods.com/mods/1303/images/32830/32830-1743493583-257972188.jpeg,
36952,几款暖暖发型、配饰,,,#暖暖｜#服饰｜美化,https://www.nexusmods.com/stardewvalley/mods/36952,Nikki hairstyle and accessories,BeiYuan,未知分类,Hairstyles and accessories from Nikki,https://staticdelivery.nexusmods.com/mods/1303/images/36952/36952-1756024989-153130381.png,
36962,三套无限暖暖的经典服装,,,#暖暖｜#服饰｜美化,https://www.nexusmods.com/stardewvalley/mods/36962,Nikki Clothing,luoli,未知分类,三套FS模式来自于游戏无限暖暖中的服装,https://staticdelivery.nexusmods.com/mods/1303/images/36962/36962-1756027398-1274961623.png,
36925,无限暖暖的花漾梦萦套装,,,#暖暖｜#服饰｜美化,https://www.nexusmods.com/stardewvalley/mods/36925,FS Nikki_Whispering Blossom,DanTa8045,未知分类,无限暖暖里的花漾梦萦服装！恭喜联动！,https://staticdelivery.nexusmods.com/mods/1303/images/36925/36925-1755942112-298441712.png,
36944,无限暖暖作物,,,#暖暖｜#服饰｜美化,https://www.nexusmods.com/stardewvalley/mods/36944,Nikki and Love,Long,未知分类,来自《无限暖暖》游戏中的作物，通过CP格式添加为新作物,https://staticdelivery.nexusmods.com/mods/1303/images/36944/36944-1755990252-590841870.jpg,
23777,暖暖六套衣服,,,#暖暖｜#服饰｜美化,https://www.nexusmods.com/stardewvalley/mods/23777,FS-HD-Luoxue Shining Nikki,Luoxue0426,未知分类,服裝外觀來源為❤️閃耀暖暖❤️遊戲<br /><br />❤️慾望之音❤️<br /><br />❤️璀璨之約❤️<br /><br />❤️星渚之望❤️<br />-------------<br />更新日誌<br />新增<br />奇蹟暖暖系列<br />♥️璀璨星河♥️    ♥️莓粉搖滾♥️    ♥️白天鵝♥️,https://staticdelivery.nexusmods.com/mods/1303/images/23777/23777-1741793068-1882379657.png,
36870,无限暖暖公式服和看板,,,#暖暖｜#服饰｜美化,https://www.nexusmods.com/stardewvalley/mods/36870,FS Infinity Nikki Suit,Yuyan,未知分类,无限暖暖的公式服和看板两套！！<br />恭喜联动！！,https://staticdelivery.nexusmods.com/mods/1303/images/36870/36870-1755773460-349100740.png,
29879,星之海、星之梦套装,,,#暖暖｜#服饰｜美化,https://www.nexusmods.com/stardewvalley/mods/29879,GuoRen's Nikki Sea of Stars,LuoLI and GuoRen,未知分类,灵感来自于中国游戏《奇迹暖暖》《闪耀暖暖》<br />这是主角暖暖的星之海和星之梦套装 对于暖暖和玩家来说都具有特殊意义,https://staticdelivery.nexusmods.com/mods/1303/images/29879/29879-1733406890-1192060574.jpeg,
23561,主角的两套经典服装,,,#暖暖｜#服饰｜美化,https://www.nexusmods.com/stardewvalley/mods/23561,GuoRen's Nikki Poetic Blooming Clothing,GuoRen,未知分类,灵感来自于中国游戏《奇迹暖暖》《闪耀暖暖》 这是主角暖暖的两套经典服装 把星露谷变成真正的星露暖暖谷吧 希望你能喜欢^^,https://staticdelivery.nexusmods.com/mods/1303/images/23561/23561-1714658899-861144441.jpeg,
30489,无限暖暖出货箱（无限宝箱）,,,#暖暖｜美化,https://www.nexusmods.com/stardewvalley/mods/30489,Nikki Infinity Box,Sisa,未知分类,将运输箱美化为暖暖的无限宝箱。,https://staticdelivery.nexusmods.com/mods/1303/images/30489/30489-1735717355-1044047100.jpeg,
33154,闪耀暖暖的十顶稀有帽子,,,#暖暖｜#服饰｜美化,https://www.nexusmods.com/stardewvalley/mods/33154,Nikki ten rare hats,Sisa,未知分类,复刻了闪耀暖暖中稀有品质的十顶帽子。,https://staticdelivery.nexusmods.com/mods/1303/images/33154/33154-1744466965-664936524.jpeg,
33685,无限暖暖浴巾,,,#暖暖｜#服饰｜美化,https://www.nexusmods.com/stardewvalley/mods/33685,bei yuan's Dress up with an Infinity Nikki bath towel,BeiYuan23,未知分类,A new pack inspired by Infinity Nikki<br />灵感源于无限暖暖的新礼包,https://staticdelivery.nexusmods.com/mods/1303/images/33685/33685-1746154423-1172187061.png,
30039,无限暖暖服装（大喵）,,,#暖暖｜#服饰｜美化,https://www.nexusmods.com/stardewvalley/mods/30039,HDNikki,Long,未知分类,来自游戏《无限暖暖》的两套服装，包含三款发型，两件裙子，以及一件动态配饰：主角苏暖暖的伙伴大喵<br /><br />由于是高倍服饰，发型前面可能会被服装遮住，所以其中一条裙子搭配了袖子,https://staticdelivery.nexusmods.com/mods/1303/images/30039/30039-1734015673-1255569129.jpeg,
18887,Emily the Mixologist🍾 调酒师艾米丽,,,#食物｜#调酒,https://www.nexusmods.com/stardewvalley/mods/18887,Emily the Mixologist - Cocktail and Mocktail Shop and Special Orders,Airyn,未知分类,"Expands on Himetarts &amp; Wildflour's HxW Mixology 101 by adding a shop for Emily to sell them at the saloon, as well as 40 special orders involving expanding her stock and creating drinks for townspeople.",https://staticdelivery.nexusmods.com/mods/1303/images/18887/18887-1698486015-1626110461.png,
18717,🥂HXW Mixology 101 🥂 调酒101,,,#食物｜#调酒,https://www.nexusmods.com/stardewvalley/mods/18717,HXW Mixology 101,HimeTarts and WildflourMods,未知分类,"Adds 50+ new recipes and crafting items focused on craft cocktails, mocktails and mixology - new items include syrups, bitters, fruit juices, alcohols and cocktails/mocktails. Enable/disable alcohol via config option1",https://staticdelivery.nexusmods.com/mods/1303/images/18717/18717-1711205822-2084922713.png,
37197,扇鱼一巴掌,,,#稀奇古怪mod,https://www.nexusmods.com/stardewvalley/mods/37197,FishSlap,tata,未知分类,"Adds a fun tweak to fishing: if catching a fish takes more than 15 seconds, the game will display a playful message showing exactly how long it took.",https://staticdelivery.nexusmods.com/mods/1303/images/37197/37197-1756727371-189893361.png,
12186,季节性哥特式建筑,,,#建筑,https://www.nexusmods.com/stardewvalley/mods/12186,IdaIda's Seasonal Gothic Buildings (for CP and AT),IdaIda,未知分类,Gothic/witchy look for all the farm buildings.,https://staticdelivery.nexusmods.com/mods/1303/images/12186/12186-1653652628-646817222.png,
34624,沼泽的巫师农场建筑,,,#建筑,https://www.nexusmods.com/stardewvalley/mods/34624,Bog's Witchy Farm Buildings,BogWyytch and Abagaianye,未知分类,"ITS FINALLY HERE bundled together and full complete set of my Witchy Farm Buildings! SEASONAL VARIANTS GALORE and config options to customize a little bit further. For the goblins, witches, forest folk and ghouls.",https://staticdelivery.nexusmods.com/mods/1303/images/34624/34624-1761911424-1602334939.png,
27631,沼泽农场地图,,,#地图,https://www.nexusmods.com/stardewvalley/mods/27631,Aimon's Small Swamp Farm,Aimon111,未知分类,A small swamp themed farm map with some special tweaks and features.,https://staticdelivery.nexusmods.com/mods/1303/images/27631/27631-1725892096-1650694278.png,
28948,沼泽地图的泥土和草重新着色,,,#地图,https://www.nexusmods.com/stardewvalley/mods/28948,Aimon's Witchy Dirt and Grass Recolor,Aimon111,未知分类,Changes dirt and grass colors into witchy swamp themed palettes. Fully configurable and compatible with other recolor mods!,https://staticdelivery.nexusmods.com/mods/1303/images/28948/28948-1763748910-788374950.png,
30553,乡村农场建筑,,,#建筑,https://www.nexusmods.com/stardewvalley/mods/30553,Nano's Countryside Farm Buildings,NanoIsNotRobot,未知分类,"Retextures for farm buildings, including parts of SVE buildings",https://staticdelivery.nexusmods.com/mods/1303/images/30553/30553-1735914856-1276008378.png,
26892,HxW家具目录,,,#家具,https://www.nexusmods.com/stardewvalley/mods/26892,HxW Everything Catalogue,Himetarts and Wildflour,未知分类,Adds a catalogue that includes all HxW mods currently installed.,https://staticdelivery.nexusmods.com/mods/1303/images/26892/26892-1723343329-457277360.png,
28572,季节性传送塔和黄金钟,,,,https://www.nexusmods.com/stardewvalley/mods/28572,Seasonal Elfflower Obelisks and Goldclock,umganil,未知分类,更改了方尖碑和黄金钟的季节性外观,https://staticdelivery.nexusmods.com/mods/1303/images/28572/28572-1729011184-157546367.png,
29051,小动物宝箱,,,,https://www.nexusmods.com/stardewvalley/mods/29051,,Bairan,未知分类,,,
30073,魔法帽,,,#服饰,https://www.nexusmods.com/stardewvalley/mods/30073,FS Magic hat,vvyaoy,未知分类,一顶女巫的魔法帽,https://staticdelivery.nexusmods.com/mods/1303/images/30073/30073-1734173338-1989162226.png,
29703,季节性肖像美化,,,#肖像美化,https://www.nexusmods.com/stardewvalley/mods/29703,Fishking's All Seasonal Portraits,Fishking,未知分类,此版本的美化需要前置季节性服装 - 略带可爱美学,https://staticdelivery.nexusmods.com/mods/1303/images/29703/29703-1732515437-135825624.png,
28968,Guxelbit的目录（原版风格家具）,,,#家具,https://www.nexusmods.com/stardewvalley/mods/28968,Guxelbit's Catalog,guxelbit,未知分类,Adds vanilla style furnitures to the game without replacing the original.,https://staticdelivery.nexusmods.com/mods/1303/images/28968/28968-1730256663-769280229.png,
29949,性转玛尼的行走图和肖像,,,#肖像美化,https://www.nexusmods.com/stardewvalley/mods/29949,WU-Bad Marnie,xiaowugogo,未知分类,,https://staticdelivery.nexusmods.com/mods/1303/images/29949/29949-1733729068-1342825773.jpeg,
28769,sve的马龙行走图和肖像,,,#肖像美化,https://www.nexusmods.com/stardewvalley/mods/28769,WU-Marlon and Gil for Stardew Valley Expanded,xiaowugogo,未知分类,,https://staticdelivery.nexusmods.com/mods/1303/images/28769/28769-1729600949-475340371.jpeg,
29820,性转潘姆的行走图和肖像,,,#肖像美化,https://www.nexusmods.com/stardewvalley/mods/29820,WU-Pam,xiaowugogo,未知分类,,https://staticdelivery.nexusmods.com/mods/1303/images/29820/29820-1733059281-1698113939.jpeg,
26593,为星露谷添加魔法,,,#稀奇古怪mod,https://www.nexusmods.com/stardewvalley/mods/26593,Magic by Neosinf,Neosinf,未知分类,"The definitive magic experience for Stardew Valley 1.6. Six schools of magic, over twenty unique effects, with something fun for everybody!",https://staticdelivery.nexusmods.com/mods/1303/images/26593/26593-1744001031-2110376471.png,
29007,把马变成扫帚,,,#稀奇古怪mod,https://www.nexusmods.com/stardewvalley/mods/29007,Witch's Broom Horse Replacement,voltaek,未知分类,The witch visited your farm and transmogrified your horse to match her magic flying broom! Luckily it seems to still enjoy carrots and being ridden around the valley.,https://staticdelivery.nexusmods.com/mods/1303/images/29007/29007-1730393133-1113620140.png,
6647,风效果,,,#稀奇古怪mod,https://www.nexusmods.com/stardewvalley/mods/6647,Wind Effects,Cat,未知分类,"Wind now blows through Stardew Valley. Watch your crops, grass, trees, and bushes sway in the breeze!",https://staticdelivery.nexusmods.com/mods/1303/images/6647/6647-1597547305-12164500.png,
36194,快速保存和加载进度,,,,https://www.nexusmods.com/stardewvalley/mods/36194,Walk Of Life - Spanish,Eddy Stalin,未知分类,Traduccion al español de Walk Of Life - Profession Overhaul,https://staticdelivery.nexusmods.com/mods/1303/images/36194/36194-1753932410-484580473.png,
25920,第一年每天获得一份礼物,,,,https://www.nexusmods.com/stardewvalley/mods/25920,Housewarming Gifts By Mail,Br1ghtEy3s,未知分类,Gives the farmer a gift by mail everyday for the first year!,https://staticdelivery.nexusmods.com/mods/1303/images/25920/25920-1720400988-1229330274.png,
26599,新增鸟类,,,,https://www.nexusmods.com/stardewvalley/mods/26599,Eurasian Birds for Ornithologist's Guild,Mazout,未知分类,Adds 15 species of Eurasian (and Africa overwintering species!) birds for an even more lively valley and fun birding. (Traduction française intégrée !),https://staticdelivery.nexusmods.com/mods/1303/images/26599/26599-1722618864-1508545027.png,
32757,平衡性大修mod,,,#游戏平衡,https://www.nexusmods.com/stardewvalley/mods/32757,Stardew Valley Balance Overhaul - Continued (DISCONTINUED),Minothilos,未知分类,"Rebalances almost every aspect of the Vanilla Game, from sell prices of crops, artisan goods, fish, forage, minerals and food, to monster difficulty, to machine processing rules and crafting recipes. Very configurable, with added support for multiple popular mods.<br /><br />Originally created by Theoddon.",https://staticdelivery.nexusmods.com/mods/1303/images/32757/32757-1743361678-696375793.png,
31511,齐先生可婚,,汉化32229,,https://www.nexusmods.com/stardewvalley/mods/31511,(CP) Friendable Mr.Qi,AngelOfStars,未知分类,"Turns Mr.Qi into a fully friendable and marriable NPC with heart events, gift tastes, and much much more!",https://staticdelivery.nexusmods.com/mods/1303/images/31511/31511-1747085280-1515731092.png,
39379,猫露谷,,,#人气新mod｜#UI美化｜#美化,https://www.nexusmods.com/stardewvalley/mods/39379,Cat Valley(Interface),RimeNovi,未知分类,"cat-inspired UI theme,With feline friends by your side.",https://staticdelivery.nexusmods.com/mods/1303/images/39379/39379-1763273978-1367259542.jpg,
39057,五谷丰登,,,#人气新mod,https://www.nexusmods.com/stardewvalley/mods/39057,Cornucopia - Cooking Recipes,Cornucopia,未知分类,A configurable cooking expansion mod that adds lots of recipes from Ferngill and beyond for you to discover in your game!,https://staticdelivery.nexusmods.com/mods/1303/images/39057/39057-1763318555-1877361240.png,
39745,维多利亚家具,,,#人气新mod,https://www.nexusmods.com/stardewvalley/mods/39745,PC's Victorian Furniture,PlatinumCats,未知分类,A Victorian-themed furniture pack for your farmhouse.,https://staticdelivery.nexusmods.com/mods/1303/images/39745/39745-1764406621-2022367851.jpg,
39041,鹈鹕镇秘史,,,#人气新mod,https://www.nexusmods.com/stardewvalley/mods/39041,Stardew Valley Explained,Dolphin Is Not a Fish,未知分类,An assortment of events that will answer the Stardew Valley community’s most burning questions!,https://staticdelivery.nexusmods.com/mods/1303/images/39041/39041-1762555138-577891806.png,
39407,重新着色,,,#人气新mod,https://www.nexusmods.com/stardewvalley/mods/39407,Kookiefroggie's Recolor,Kookiefroggie,未知分类,"A seasonal recolor that let's you enjoy the game like never before! Keeps grass, cliffs and dirt the same all seasons and makes winter feel magical. Also replaces fences, tilled soil, fertilizer etc.~",https://staticdelivery.nexusmods.com/mods/1303/images/39407/39407-1763959246-1252008118.jpg,
38014,怪物美化,,,#人气新mod｜｜#美化,https://www.nexusmods.com/stardewvalley/mods/38014,Bog's Monster Mash,BogWyytch and Abagaianye,未知分类,OCTOBER 2025 MOD OF THE MONTH! Retextures vanilla monsters and adds different rarity based variants! Special "Super Rare" variants and special drops to spice up your time in the mines. Of course they are BOGGIFIED.,https://staticdelivery.nexusmods.com/mods/1303/images/38014/38014-1759183520-893739686.png,
38381,自动切换服装,,,#人气新mod,https://www.nexusmods.com/stardewvalley/mods/38381,Auto-change Outfits,ahomiepassingby,未知分类,Change your outfits automatically using Fashion Sense,https://staticdelivery.nexusmods.com/mods/1303/images/38381/38381-1760237282-1078796380.png,
