mod_id,name_cn,local_name_en,notes,tags,nexus_url,title_en,author,category,thumbnail,nexus_requirements,version,last_updated,mod_downloads,category_cn,summary
2400,SMAPI,SMAPI - Stardew Modding API,,#修改工具|#前置,https://www.nexusmods.com/stardewvalley/mods/2400,SMAPI - Stardew Modding API,Pathoschild,9,https://staticdelivery.nexusmods.com/mods/1303/images/2400/2400-1739896414-1995424095.png,,,2025-7-15,25.2M,修改工具,The mod loader for Stardew Valley.
1915,CP内容修补工具,Content Patcher,,#修改工具|#前置,https://www.nexusmods.com/stardewvalley/mods/1915,Content Patcher,Pathoschild,9,https://staticdelivery.nexusmods.com/mods/1303/images/1915/1915-1519967846-411398257.png,,,2025-10-27,21.2M,修改工具,Loads content packs that change the game's data
1348,太空核心,SpaceCore,,#修改工具|#前置,https://www.nexusmods.com/stardewvalley/mods/1348,SpaceCore,spacechase0,9,https://staticdelivery.nexusmods.com/mods/1303/images/1348/1348-1757873504-1684389719.png,,,2025-10-19,10.8M,修改工具,A framework mod used by some of my other mods.
2341,星尘之芯,Stardust Core,,#修改工具|#前置,https://www.nexusmods.com/stardewvalley/mods/2341,Stardust Core,Alpha_Omegasis,9,https://staticdelivery.nexusmods.com/mods/1303/images/2341/2341-1533756507-295583858.png,,,2024-11-25,1.2M,修改工具,A mod used as a core library for some of Omegasis's mods.
999,肖像,Portraiture,,#人物|#前置,https://www.nexusmods.com/stardewvalley/mods/999,Portraiture,Platonymous,5,https://staticdelivery.nexusmods.com/mods/1303/images/999/999-1708325606-396087420.png,,,2024-3-4,2.4M,人物,Add higher resolution portraits and easily switch between different Portrait Mods.
9246,AT替代纹理,AlternativeTextures,,#修改工具|#前置,https://www.nexusmods.com/stardewvalley/mods/9246,Alternative Textures,PeacefulEnd,9,https://staticdelivery.nexusmods.com/mods/1303/images/9246/9246-1628558331-28906488.png,,,2025-12-23,2.3M,修改工具,Framework which enables texture variation for placeable objects buildings and entities in Stardew Valley.
1720,JA,JsonAssets,,#修改工具|#前置,https://www.nexusmods.com/stardewvalley/mods/1720,Json Assets,spacechase0,9,https://images.nexusmods.com/mod-headers/1303/1720.jpg,,,2025-10-19,7.3M,修改工具,Lets content packs add custom content to the game.
5098,通用模块配置菜单（GMCM）,Generic Mod Config Menu,,#修改工具|#前置,https://www.nexusmods.com/stardewvalley/mods/5098,Generic Mod Config Menu (GMCM),spacechase0,9,https://staticdelivery.nexusmods.com/mods/1303/images/5098/5098-1578097159-913064158.png,,,2025-10-19,11.0M,修改工具,Adds an in-game UI to edit other mods' config options.
239,npc位置,NPCMapLocation,,#用户界面|#必下mod,https://www.nexusmods.com/stardewvalley/mods/239,NPC Map Locations,Bouhm and Pathoschild,10,https://staticdelivery.nexusmods.com/mods/1303/images/239/239-1522469229-1390441983.png,,,2025-10-22,12.3M,用户界面,See NPC and players on the map with an optional minimap.
541,查找一切,LookupAnything,,#用户界面|#必下mod,https://www.nexusmods.com/stardewvalley/mods/541,Lookup Anything,Pathoschild,10,https://staticdelivery.nexusmods.com/mods/1303/images/541-0-1482010183.png,,,2025-10-27,8.5M,用户界面,See live info about whatever's under your cursor when you press F1. Learn a villager's favourite gifts when a crop will be ready to harvest when a crop will be ready to harvest
2697,跳过钓鱼,SkipFishingMinigameDotnet5,,#钓鱼|#必下mod,https://www.nexusmods.com/stardewvalley/mods/2697,Skip Fishing Minigame,DewMods,26,https://staticdelivery.nexusmods.com/mods/1303/images/2697/2697-1534647668-943019878.jpeg,,,2024-11-5,3.1M,钓鱼,Do fish laugh at you while escaping with your bait and tackle? <br /><br />You can now catch them without any struggle. Just hook them when they bite and you're done!<br /><br />Now updated with auto-fish (enable via config).
8897,看见水中的鱼,VisibleFish,,#视觉效果和图形|#必下mod,https://www.nexusmods.com/stardewvalley/mods/8897,Visible Fish - see catchable fish in the water,shekurika,25,https://staticdelivery.nexusmods.com/mods/1303/images/8897/8897-1623348043-1700818736.png,,,2024-5-23,2.7M,视觉效果和图形,This mod shows fish that are currently catchable in the water. Works with modded locations + fish!
518,随时开箱,ChestAnywhere,,#用户界面|#必下mod,https://www.nexusmods.com/stardewvalley/mods/518,Chests Anywhere,Pathoschild,10,https://staticdelivery.nexusmods.com/mods/1303/images/518/518-1719508287-1183164544.png,,,2025-10-27,3.6M,用户界面,Access your chests
10384,一键整理箱子方便的库存,Convenient Inventory,,#游戏机制|#必下mod,https://www.nexusmods.com/stardewvalley/mods/10384,Convenient Inventory,gaussfire,3,https://staticdelivery.nexusmods.com/mods/1303/images/10384/10384-1640036713-75233347.png,,,2025-1-23,1.2M,游戏机制,Adds convenience features to the player's inventory
14494,所有宝箱菜单,All chests menu,,#用户界面|#必下mod,https://www.nexusmods.com/stardewvalley/mods/14494,All Chests Menu,aedenthorn,10,https://staticdelivery.nexusmods.com/mods/1303/images/14494/14494-1668552527-671827710.png,,,2025-9-12,22.9K,用户界面,Provides access to a menu displaying inventories of all player chests and the player backpack that can be sorted
7098,ui2 信息套件,UI Info suite2,,#用户界面|#必下mod,https://www.nexusmods.com/stardewvalley/mods/7098,UI Info Suite 2,Abs0rbed - tqdv - Annosz,10,https://staticdelivery.nexusmods.com/mods/1303/images/7098/7098-1728998558-512440254.png,,,2024-11-13,1.6M,用户界面,Provides helpful information about things around you designed to help you be aware of what's going on without feeling like you're cheating.
7363,更高级的界面缩放,zoomLevel,,#用户界面|#必下mod,https://www.nexusmods.com/stardewvalley/mods/7363,Zoom Level,thespbgamer,10,https://staticdelivery.nexusmods.com/mods/1303/images/7363/7363-1671636558-1171691667.png,,,2025-11-1,722.2K,用户界面,Adds new keybindings to adjust the zoom level and UI level past the game limit with a simple config file to change the zoom amount and zoom caps.<br />Now it also has an option to change the camera's position.
8386,随时保存,Save Anywhere,,#游戏机制|#必下mod,https://www.nexusmods.com/stardewvalley/mods/8386,Save Anywhere,Aredjay and Sweet Panda,3,https://staticdelivery.nexusmods.com/mods/1303/images/8386/8386-1617066776-284504960.png,,,2024-3-25,259.4K,游戏机制,QuickSave should be used instead of this mod!<br />The mod let you save the game at (almost) every time and place
20943,移动一切,Let’s MoveIt,,#作弊|#必下mod,https://www.nexusmods.com/stardewvalley/mods/20943,Let's Move It,Exblosis,11,https://staticdelivery.nexusmods.com/mods/1303/images/20943/20943-1711300159-1061422716.png,,,2025-12-13,539.5K,作弊,Lets you easily move trees
5463,自动浇水,Aotowatering,,#作弊|#必下mod,https://www.nexusmods.com/stardewvalley/mods/5463,Autowatering,stellarashes,11,https://staticdelivery.nexusmods.com/mods/1303/images/5463/5463-1582510898-197008360.png,,,2024-3-28,301.7K,作弊,Automatically waters and fertilize your crops
1019,自动开关动物门鸡舍畜棚,AutoAnimalDoors,,#游戏机制|#必下mod,https://www.nexusmods.com/stardewvalley/mods/1019,AutoAnimalDoors,Aaron Taggart,3,https://staticdelivery.nexusmods.com/mods/1303/images/1019-0-1489953016.png,,,2024-4-28,611.4K,游戏机制,Automate the animal door opening/closing process for all your barns and coop.
1063,自动加工,Automate,,#游戏机制|#必下mod,https://www.nexusmods.com/stardewvalley/mods/1063,Automate,Pathoschild,3,https://staticdelivery.nexusmods.com/mods/1303/images/1063-0-1491361908.png,,,2025-10-28,6.3M,游戏机制,Place a chest next to a machine (like a furnace or crystalarium)
20667,自动给宠物倒水,AutoFillPetBowl,,#宠物和马|#必下mod,https://www.nexusmods.com/stardewvalley/mods/20667,AutoFillPetBowl,Siweipancc,8,https://staticdelivery.nexusmods.com/mods/1303/images/20667/20667-1710916889-1003765179.png,,,2024-3-20,153.2K,宠物/马,At the start of everyday
23539,自动抚摸动物,AutomaticPettingOfAnimals,,#牲畜和动物|#必下mod,https://www.nexusmods.com/stardewvalley/mods/23539,AutomaticPettingOfAnimals,YangZ,7,https://staticdelivery.nexusmods.com/mods/1303/images/23539/23539-1714615198-381648459.png,,,2024-8-25,51.9K,牲畜和动物,Automatically pet all the animals on the farm and increase the animals' affection for you
21705,自动收集松露,AutoGrab Truffles,,#各种各样的|#必下mod,https://www.nexusmods.com/stardewvalley/mods/21705,Frostiverse - AutoGrab Truffles,Frostiverse,2,https://staticdelivery.nexusmods.com/mods/1303/images/21705/21705-1712168949-794981716.png,,,2025-10-6,70.8K,各种各样的,Auto-Grabbers inside of barns that have a pig will pick up the truffles that that pig produces!
21168,自动采集器,Deluxe Grabber Redux,,#游戏机制|#必下mod,https://www.nexusmods.com/stardewvalley/mods/21168,Chinese - Deluxe Grabber Redux 1.6,sizau,3,https://staticdelivery.nexusmods.com/mods/1303/images/21168/21168-1711543197-1650763408.jpeg,,,2024-4-13,27.0K,游戏机制,扩大自动采集器的生效范围，使自动采集器能够收获作物、史莱姆球、果树、树丛、采集类物品以及远古斑点。
28908,自动攻击,AutoCombat,,#游戏机制|#必下mod,https://www.nexusmods.com/stardewvalley/mods/28908,AutoCombat,YunHikari,3,https://staticdelivery.nexusmods.com/mods/1303/images/28908/28908-1730159879-1372048074.png,,,2025-7-30,23.0K,游戏机制,This mod provides the greatest assistance for combat automation.
3109,自动栅栏门,AutomaticGates,,#游戏机制|#必下mod,https://www.nexusmods.com/stardewvalley/mods/3109,Automatic Gates,Rakiin aka ScheKaa,3,https://staticdelivery.nexusmods.com/mods/1303/images/3109/3109-1543346895-1093809142.jpeg,,,2024-3-20,1.9M,游戏机制,Opens and closes gates automatically.
22479,自动进食（矿洞）,Auto-Eat,,#游戏机制,https://www.nexusmods.com/stardewvalley/mods/22479,Auto-Eat for 1.6,ruanimal,3,https://staticdelivery.nexusmods.com/mods/1303/images/22479/22479-1713059729-1086992409.png,,,2024-4-27,14.9K,游戏机制,Eat food automatically upon running out of stamina or health.
1895,自动钓鱼,AutoFish,,#钓鱼,https://www.nexusmods.com/stardewvalley/mods/1895,AutoFish,WhiteMind,26,https://staticdelivery.nexusmods.com/mods/1303/images/1895/1895-1519009162-177703761.png,,,2024-3-28,292.5K,钓鱼,Auto play fish minigame and fishing rod auto hit.
15216,自动切换工具,,,#游戏机制,https://www.nexusmods.com/stardewvalley/mods/15216,Tool Smart Switch,aedenthorn,3,https://staticdelivery.nexusmods.com/mods/1303/images/15216/15216-1674740901-1925041588.png,,,2025-5-10,158.6K,游戏机制,Auto-switch tools in your tool bar when interacting with objects
20924,一键收货,,,#游戏机制,https://www.nexusmods.com/stardewvalley/mods/20924,Easy Harvest,season,3,https://staticdelivery.nexusmods.com/mods/1303/images/20924/20924-1711279885-1336332570.jpeg,,,2025-6-8,43.4K,游戏机制,Easy Harvest when wield scythe or weapon. (For 1.6)<br />Harvest Crops
18224,战斗无人机,,,#游戏机制,https://www.nexusmods.com/stardewvalley/mods/18224,Personal Combat Drone Redux,Prism 99,3,https://staticdelivery.nexusmods.com/mods/1303/images/18224/18224-1694371932-670764278.jpeg,,,2025-9-4,93.3K,游戏机制,This is a redux version of cotboy's mod Pesonal Combat Drone. This drone will keep you safe and kill any monster you encounter
38895,农业无人机,,,#游戏机制,https://www.nexusmods.com/stardewvalley/mods/38895,Drone Warehouse,LodGvedeon,3,https://staticdelivery.nexusmods.com/mods/1303/images/38895/38895-1761596125-317453610.png,,,2025-11-6,3.5K,游戏机制,Automated farming comes to Stardew Valley! Build a Drone Warehouse and deploy animated drones that harvest crops
963,沙漠矿洞电梯,SkullCavernElevator,,#游戏机制|#必下mod,https://www.nexusmods.com/stardewvalley/mods/963,Skull Cavern Elevator,Lestoph,3,https://staticdelivery.nexusmods.com/mods/1303/images/963-1-1488218830.jpg,,,2024-11-7,5.2M,游戏机制,Adds an elevator to the Skull Cavern
13650,海滩矿车（艾利欧特门口,,,#地图,https://www.nexusmods.com/stardewvalley/mods/13650,Beach Minecart (CP),UncleArya,21,https://staticdelivery.nexusmods.com/mods/1303/images/13650/13650-1672085266-1367013710.png,,,2024-6-20,55.9K,地图,Adds an additional minecart location for the beach using Content Patcher.
1682,没有乌鸦,No Crows,,#游戏机制,https://www.nexusmods.com/stardewvalley/mods/1682,No Crows,Cat,3,https://staticdelivery.nexusmods.com/mods/1303/images/1682-2-1512283966.png,,,2018-6-4,197.1K,游戏机制,This mod stops crows from eating your crops! Now there's no need to worry about scarecrow placement!
21346,不需要煤炭,No Coal For Machines,,#作弊,https://www.nexusmods.com/stardewvalley/mods/21346,No Coal For Machines,voiddreams,11,https://staticdelivery.nexusmods.com/mods/1303/images/21346/21346-1711750997-1801461203.jpeg,,,2024-3-30,8.4K,作弊,Removes the need for coal when using the fish smoker
12831,反射星星水中倒影,Dynamic Reflections,,#修改工具|#必下mod,https://www.nexusmods.com/stardewvalley/mods/12831,Dynamic Reflections,PeacefulEnd,9,https://staticdelivery.nexusmods.com/mods/1303/images/12831/12831-1657323446-1322585777.png,,,2024-11-5,946.1K,修改工具,Framework which enables mirror and water reflections within Stardew Valley.
6893,社区中心提示,,,#用户界面,https://www.nexusmods.com/stardewvalley/mods/6893,Community Center Helper,vgperson,10,https://staticdelivery.nexusmods.com/mods/1303/images/6893/6893-1600567640-1532485823.png,,,2025-8-3,391.1K,用户界面,Adds in-game suggestions of where to find items for the Community Center when you hover over them in the bundle menu
1401,拖拉机,Tractor Mod,,#游戏机制,https://www.nexusmods.com/stardewvalley/mods/1401,Tractor Mod,Pathoschild,3,https://staticdelivery.nexusmods.com/mods/1303/images/1401/1401-1609273527-2126312248.png,,,2025-10-27,5.9M,游戏机制,Buy a tractor to more efficiently work with crops
27489,邮件送礼物,Pen Pals,,#游戏机制|#必下mod,https://www.nexusmods.com/stardewvalley/mods/27489,Pen Pals,focustense,3,https://staticdelivery.nexusmods.com/mods/1303/images/27489/27489-1732909377-1123592464.png,,,2025-2-13,61.5K,游戏机制,Gift-giving for busy farmers: make your mailbox work for you!
7842,邮件服务,Mail ServicesMod,,#游戏机制|#必下mod,https://www.nexusmods.com/stardewvalley/mods/7842,Mail Services Mod,Digus,3,https://staticdelivery.nexusmods.com/mods/1303/images/7842/7842-1611797791-2136868420.png,,,2025-3-20,438.9K,游戏机制,Provides some of Stardew Valley services through the mail. You can send and receive tool upgrades through the mail. You can complete delivery quests through the mail. You can receive recovered items through the mail. You can send gifts through the mail.
1536,邮件框架模型,MailFrameworkMod,,#修改工具|#必下mod,https://www.nexusmods.com/stardewvalley/mods/1536,Mail Framework Mod,Digus,9,https://staticdelivery.nexusmods.com/mods/1303/images/1536-0-1507520087.png,,,2025-3-28,4.0M,修改工具,Framework to use the in game mailbox. Console commands to adjust the mail. Code and Content Pack interfaces.
17714,npc回礼,Reciprocate,,#游戏机制|#必下mod,https://www.nexusmods.com/stardewvalley/mods/17714,Reciprocate,YunHikari,3,https://staticdelivery.nexusmods.com/mods/1303/images/17714/17714-1691301055-1394234718.png,,,2025-6-25,168.4K,游戏机制,This mod adds a possibility for the villagers in Stardew Valley to trigger a gift-giving response when they receive a present. The likelihood of triggering this response is highly dependent on factors such as the frequency of gifts from the player and whether the gift is liked by the villager.
29793,回礼前置,SorryLabCore,,#修改工具|#必下mod,https://www.nexusmods.com/stardewvalley/mods/29793,SorryLab Core,YunHikari,9,https://staticdelivery.nexusmods.com/mods/1303/images/29793/29793-1732951474-170522397.png,,,2025-7-29,206.5K,修改工具,Core mod for YunHikari mods.
3214,更多戒指,Wear More Rings,,#游戏机制|#必下mod,https://www.nexusmods.com/stardewvalley/mods/3214,Wear More Rings,bcmpinc,3,https://staticdelivery.nexusmods.com/mods/1303/images/3214/3214-1574958986-1349579255.png,,,2025-5-29,2.4M,游戏机制,Configure the amount of ring slots in your inventory. By default adds 4 additional ring slots.
3213,更多戒指前置,Stardew Hack,,#修改工具|#必下mod,https://www.nexusmods.com/stardewvalley/mods/3213,StardewHack,bcmpinc,9,https://staticdelivery.nexusmods.com/mods/1303/images/3213/3213-1546642687-905202654.png,,,2024-11-6,4.2M,修改工具,Library mod used by my other mods. Doesn't do much on its own.
21449,果树调整,,,#游戏机制,https://www.nexusmods.com/stardewvalley/mods/21449,Fruit Tree Tweaks For 1.6,aedenthorn and chiccen,3,https://staticdelivery.nexusmods.com/mods/1303/images/21449/21449-1711873932-1051392383.png,,,2025-8-1,55.4K,游戏机制,Lets you plant fruit trees next to other trees and on any map or tile
21001,npc最爱的礼物提示,Gift Taste Helper Continued x2,,#用户界面|#必下mod,https://www.nexusmods.com/stardewvalley/mods/21001,Gift Taste Helper Continued x2,JoXW,10,https://staticdelivery.nexusmods.com/mods/1303/images/21001/21001-1711363484-249731843.png,,,2025-2-15,726.8K,用户界面,Displays a helpful tooltip that shows an NPC's favourite gifts when hovering over their birthday on the calendar or the social page. <br />- A continuation of Gift Taster Helper by tstaples
1630,todolist,,,#用户界面,https://www.nexusmods.com/stardewvalley/mods/1630,To Do List,eleanoot,10,https://staticdelivery.nexusmods.com/mods/1303/images/1630-1-1510444699.png,,,2018-9-21,33.2K,用户界面,Open a to do list allowing you to type in reminders for your own tasks you want to complete and stop forgetting what you were doing. Tasks are permanent in the list until clicked
20985,柜台自助购物,self serve,,#作弊|#必下mod,https://www.nexusmods.com/stardewvalley/mods/20985,Self Serve for 1.6,NeverToxic,11,https://staticdelivery.nexusmods.com/mods/1303/images/20985/20985-1711335170-181191808.jpeg,,,2024-3-25,291.0K,作弊,Don't want to wait for shop owners like Marnie and Clint while they're gone? You no longer have to! Access any shop services even while its owner isn't attending it.
23169,游泳,Swim Mod,,#游戏机制,https://www.nexusmods.com/stardewvalley/mods/23169,Swim - Continued,aedenthorn and FlyingTNT,3,https://staticdelivery.nexusmods.com/mods/1303/images/23169/23169-1714011895-681265304.png,,,2025-4-5,67.0K,游戏机制,Allows you to swim anywhere there is water
36259,星露谷背考研四六级词汇,VocabValley,,#扩展,https://www.nexusmods.com/stardewvalley/mods/36259,VocabValley,HahaGaming,27,https://staticdelivery.nexusmods.com/mods/1303/images/36259/36259-1754640582-439607757.jpg,,,2025-8-8,3.7K,扩展,A vocabulary-learning Mod
1845,更大背包（48格）,BiggerBackpack,,#项目|#必下mod,https://www.nexusmods.com/stardewvalley/mods/1845,Bigger Backpack,spacechase0 and bcmpinc,15,https://staticdelivery.nexusmods.com/mods/1303/images/1845/1845-1517873232-1890107006.png,,,2024-6-2,2.2M,项目,Buy a bigger backpack at Pierre's for only 50
13827,更大背包（72格）,,,#项目,https://www.nexusmods.com/stardewvalley/mods/13827,More Backpack Upgrades,aedenthorn,15,https://staticdelivery.nexusmods.com/mods/1303/images/13827/13827-1663464326-776431117.png,,,2022-9-22,88.5K,项目,Uses Custom Backpack Framework to add three more levels of backpack upgrades for a maximum player inventory of 72 slots (fully customizable).
30323,无限容量箱,Unlimited Storage,,#游戏机制,https://www.nexusmods.com/stardewvalley/mods/30323,Unlimited Storage,LeFauxMatt,3,https://staticdelivery.nexusmods.com/mods/1303/images/30323/30323-1735725390-573649807.png,,,2025-1-21,58.4K,游戏机制,Makes storages hold unlimited items.
11115,更好的制作,,,#制作,https://www.nexusmods.com/stardewvalley/mods/11115,Better Crafting,Khloe Leclair,22,https://staticdelivery.nexusmods.com/mods/1303/images/11115/11115-1712730808-1678335983.png,,,2025-3-27,1.3M,制作,A new crafting UI with support for customizable categories and favorites. Easy bulk crafting. Better Workbench functionality. And
15223,穿过庄稼作物,,,#游戏机制|#必下mod,https://www.nexusmods.com/stardewvalley/mods/15223,Passable Crops,ncarigon,3,https://staticdelivery.nexusmods.com/mods/1303/images/15223/15223-1674775020-615211740.png,,,2025-8-12,1.0M,游戏机制,Allows farmers to pass through all crops
5450,季节服饰,,,#人物,https://www.nexusmods.com/stardewvalley/mods/5450,Seasonal Outfits - Slightly Cuter Aesthetic,Poltergeister and various artists,5,https://staticdelivery.nexusmods.com/mods/1303/images/5450/5450-1763491341-71939439.png,,,2024-5-15,3.9M,人物,Overhauls all character sprites and portraits for a slightly cuter aesthetic
1232,小马瘦身,,,#宠物和马|#必下mod,https://www.nexusmods.com/stardewvalley/mods/1232,Pony Weight Loss Program,BadNetCode,8,https://staticdelivery.nexusmods.com/mods/1303/images/1232-0-1497416262.gif,,,2024-11-25,708.4K,宠物/马,Allows horses to pass vertically through single tile openings.
2847,帽子不会遮盖头发,,,#衣服|#必下mod,https://www.nexusmods.com/stardewvalley/mods/2847,Hats Won't Mess Up Hair,misatse1019,13,https://staticdelivery.nexusmods.com/mods/1303/images/2847/2847-1537365306-1596165793.png,,,2024-3-21,1.4M,衣服,Prevents hats from changing your hairstyle while equipped.
11368,npc收礼反应,,,#对话|#必下mod,https://www.nexusmods.com/stardewvalley/mods/11368,More Specific Gift Reaction - Dialogue Expansion - Chinese- (1.6 compatible),Kaori_Haruta,20,https://staticdelivery.nexusmods.com/mods/1303/images/11368/11368-1647704793-631935978.png,,,2024-9-12,60.0K,对话,覺得NPC們收禮物的台詞還不夠豐富嗎？本MOD給NPC增添了不同的收禮台詞。現在村民們會表達出他們對具體禮物的感想了！（1.6版本適用）
520,生日快乐,Happy Birthday,,#游戏机制|#必下mod,https://www.nexusmods.com/stardewvalley/mods/520,Happy Birthday,Alpha_Omegasis,3,https://staticdelivery.nexusmods.com/mods/1303/images/520-2-1471545568.png,,,2025-7-22,1.5M,游戏机制,A mod that adds in the player's birthday to Stardew Valley.
31683,洗衣机每天换衣服,,,#项目,https://www.nexusmods.com/stardewvalley/mods/31683,Laundry Machines,fireredlily,15,https://staticdelivery.nexusmods.com/mods/1303/images/31683/31683-1739582410-528299523.png,,,2025-2-15,3.9K,项目,Adds three different Laundry Machine models to Robin's shop that produce either one piece of clothing or one piece of cloth per day. Also adds the ability to recycle unwanted hats or clothing back into cloth.
20865,雷神炸树｜快速清理石头和树木,Easy Cleaner,,#游戏机制,https://www.nexusmods.com/stardewvalley/mods/20865,Easy Cleaner,season,3,https://staticdelivery.nexusmods.com/mods/1303/images/20865/20865-1711201937-293212139.jpeg,,,2025-6-2,12.3K,游戏机制,Quickly clean up weeds
8374,更大的温室,Pookachu's Insane Greenhouse,,#地图|#必下mod,https://www.nexusmods.com/stardewvalley/mods/8374,Pookachu's Insane Greenhouse,Pookachu,21,https://staticdelivery.nexusmods.com/mods/1303/images/8374/8374-1616985144-377763387.png,,,2024-4-21,19.1K,地图,An insanely large greenhouse. *Now features a second layout for upgraded sprinkler users*
7493,配偶对玩家死亡的反应,,,#活动|#必下mod,https://www.nexusmods.com/stardewvalley/mods/7493,Spouses React to Player 'Death',CasualInvidia,18,https://staticdelivery.nexusmods.com/mods/1303/images/7493/7493-1609725525-14458036.png,,,2021-1-25,512.1K,活动,Content pack that adds cutscenes after dying in the mines
7403,坐下恢复体力,,,#作弊|#必下mod,https://www.nexusmods.com/stardewvalley/mods/7403,Sit and Rest,Krutonium,11,https://staticdelivery.nexusmods.com/mods/1303/images/7403/7403-1609211562-975770850.png,,,2024-3-29,104.4K,作弊,Lets you sit to recover your health and stamina
32078,结婚纪念日,,,#对话|#婚姻,https://www.nexusmods.com/stardewvalley/mods/32078,Wedding Anniversaries,Kantrip,20,https://staticdelivery.nexusmods.com/mods/1303/images/32078/32078-1741630786-163252418.png,,,2025-8-10,33.2K,对话,NPC spouses will now remember your wedding anniversary and give a custom gift. UPDATED to work with multiple spouses!
20599,多婚,,,#人物|#婚姻,https://www.nexusmods.com/stardewvalley/mods/20599,PolyamorySweet,ApryllForever,5,https://staticdelivery.nexusmods.com/mods/1303/images/20599/20599-1710869743-548542258.png,,,2025-11-4,1.9M,人物,Permits multiple spouses or roommates
10206,全镇可娶,,,#人物|#婚姻,https://www.nexusmods.com/stardewvalley/mods/10206,Looking For Love,foggywizard,5,https://staticdelivery.nexusmods.com/mods/1303/images/10206/10206-1638327159-1652942086.gif,,,2022-3-19,152.6K,人物,Updated Siv's Marriage Mod. Makes the older vanilla singles romanceable. And optionally younger.
3094,矿洞梯子定位,,,#作弊|#必下mod,https://www.nexusmods.com/stardewvalley/mods/3094,Ladder Locator,ChaosEnergy,11,https://staticdelivery.nexusmods.com/mods/1303/images/3094/3094-1543087055-921696898.jpeg,,,2024-6-26,1.7M,作弊,Marks the stones hiding a ladder in the mines.
8505,事件查找剧情触发,Event Lookup,,#用户界面|#必下mod,https://www.nexusmods.com/stardewvalley/mods/8505,Event Lookup,shekurika,10,https://staticdelivery.nexusmods.com/mods/1303/images/8505/8505-1618705041-802647269.png,,,2024-4-13,1.2M,用户界面,This mod adds a GUI and two commands that allow to lookup events by ID/character name. It also has a function to show all events that are available to you today in an ingame interface.
19309,集镇,MarketTown,汉化19475,#游戏机制|#必下mod,https://www.nexusmods.com/stardewvalley/mods/19309,Market Town - Food Store _ Flower Shop _ Fishery and more,HaPyke,3,https://staticdelivery.nexusmods.com/mods/1303/images/19309/19309-1704231106-789979398.png,,,2025-2-25,175.9K,游戏机制,Lets you open your own Restaurant
9991,面包店和咖啡装修家具,,,#家具,https://www.nexusmods.com/stardewvalley/mods/9991,Hxw Bakery and Cafe Furniture,Himetarts and Wildflour,23,https://staticdelivery.nexusmods.com/mods/1303/images/9991/9991-1714920133-1403210286.png,,,2025-3-30,165.9K,家具,Hey kid. <br />You wanna build your own bakery?<br /> Boy do I got 50+ furniture items for you.
18814,集市装修家具,,,#家具,https://www.nexusmods.com/stardewvalley/mods/18814,HxW Farmer's Market Furniture - Core,Himetarts and Wildflour,23,https://staticdelivery.nexusmods.com/mods/1303/images/18814/18814-1697848434-1338079158.png,,,2025-2-22,205.8K,家具,Farmer's Market Furniture set for all of your farmer and merchant needs! 100+ pieces for Content Patcher
33104,和刘易斯竞选市长,Mayor Mod,汉化35734、前置1915,#扩展,https://www.nexusmods.com/stardewvalley/mods/33104,Mayor Mod,EmuEngine,27,https://staticdelivery.nexusmods.com/mods/1303/images/33104/33104-1750600348-1977507714.png,,,2025-11-1,25.2K,扩展,Ever dreamed of running Pelican Town your way? Now you can run for mayor of Pelican town. Say goodbye to Mayor Lewis because it's finally time for fresh leadership!
36855,模拟城市市长,,,#游戏机制,https://www.nexusmods.com/stardewvalley/mods/36855,Mayor's Town,ThatKingKai,3,https://staticdelivery.nexusmods.com/mods/1303/images/36855/36855-1755724334-839597145.png,,,2025-9-3,1.0K,游戏机制,Dwarf Fortress meets Stardew Valley! City Management layer of Gameplay layered on top of Stardew Valley!
14110,立即建造不用等罗宾,,,#建筑,https://www.nexusmods.com/stardewvalley/mods/14110,Instant Building Construction and Upgrade,aedenthorn,17,https://staticdelivery.nexusmods.com/mods/1303/images/14110/14110-1665694716-297506835.png,,,2025-9-25,32.6K,建筑,Causes building construction and upgrade to finish immediately upon purchase.
8918,即刻升级武器,,,#游戏机制,https://www.nexusmods.com/stardewvalley/mods/8918,Instant Tool Upgrades,Binarynova,3,https://staticdelivery.nexusmods.com/mods/1303/images/8918/8918-1623480209-66187777.jpeg,,,2024-4-2,224.4K,游戏机制,This mod makes Clint give you your upgraded tools immediately. No more waiting two days for your important tools!
2736,加速行走,Movement Speed,,#游戏机制|#必下mod,https://www.nexusmods.com/stardewvalley/mods/2736,Movement Speed,bcmpinc,3,https://staticdelivery.nexusmods.com/mods/1303/images/2736/2736-1535391815-2029489384.png,,,2024-11-6,752.3K,游戏机制,Changes the player's movement speed and charging time of the hoe and watering can.
3782,售卖一切,ShipAnything,,#游戏机制|#必下mod,https://www.nexusmods.com/stardewvalley/mods/3782,Ship Anything,berkayylmao,3,https://staticdelivery.nexusmods.com/mods/1303/images/3782/3782-1555333133-1595287169.png,,,2024-12-7,126.3K,游戏机制,Sell ANYTHING (boots
169,时间暂停,timeSpeed,,#游戏机制,https://www.nexusmods.com/stardewvalley/mods/169,TimeSpeed,cantorsdust and Pathoschild,3,https://staticdelivery.nexusmods.com/mods/1303/images/169/169-1641856567-2109968487.png,,,2025-9-12,1.1M,游戏机制,Control the flow of time in the game: speed it up
20661,合作档时间暂停,WAIT,,#游戏机制,https://www.nexusmods.com/stardewvalley/mods/20661,WAIT - Refined Multiplayer Time Pause,aurpine,3,https://staticdelivery.nexusmods.com/mods/1303/images/20661/20661-1711003691-1606336956.jpeg,,,2024-3-22,17.4K,游戏机制,Configurable mod that simulates normal time pausing in multiplayer games. Compatible with Stardew 1.6. Includes optional cheats.
16031,保持联络,Keep In Touch,,#各种各样的|#必下mod,https://www.nexusmods.com/stardewvalley/mods/16031,Keep In Touch,Itivuttakam,2,https://staticdelivery.nexusmods.com/mods/1303/images/16031/16031-1679942951-703966524.png,,,2025-3-30,30.7K,各种各样的,为农夫添加来自城市的各种对象的信件，增强与外界的联系感。<br />Add mails from outside the Pelican Town
15497,浪漫的情书,Romantic love letters,,#扩展|#必下mod,https://www.nexusmods.com/stardewvalley/mods/15497,Romantic love letters,Liaodonghe,27,https://staticdelivery.nexusmods.com/mods/1303/images/15497/15497-1763906544-1365904882.png,,,2025-11-24,194.8K,扩展,With this mod
16892,更多信件,Life in Pelican Town,,#各种各样的|#必下mod,https://www.nexusmods.com/stardewvalley/mods/16892,More letters - Life in Pelican Town,Itivuttakam,2,https://staticdelivery.nexusmods.com/mods/1303/images/16892/16892-1685641066-1095669346.png,,,2023-7-3,21.3K,各种各样的,12位青年的生活日常来信。他们会和你说些什么呢？
27043,浪漫收入,Romantic Revenue,,#各种各样的|#婚姻|#必下mod,https://www.nexusmods.com/stardewvalley/mods/27043,Romantic Revenue,Astraios911,2,https://staticdelivery.nexusmods.com/mods/1303/images/27043/27043-1727041125-465124168.png,,,2024-9-27,64.2K,各种各样的,This mod makes your spouse give you a portion of their income every month.
10287,更好的友谊,,,#游戏机制|#必下mod,https://www.nexusmods.com/stardewvalley/mods/10287,Better Friendship,Urbanyeti,3,https://staticdelivery.nexusmods.com/mods/1303/images/10287/10287-1639376641-712824772.png,,,2024-11-13,335.1K,游戏机制,Adds thought bubbles over villagers to indicate their favorite gifts from your inventory and when they'd like to talk.
1738,永远的朋友,,,#游戏机制,https://www.nexusmods.com/stardewvalley/mods/1738,Friends Forever,Isaac S,3,https://staticdelivery.nexusmods.com/mods/1303/images/1738/1738-1514862678-1361153506.png,,,2019-6-6,1.4M,游戏机制,Removes friendship decay from the game! Requires SMAPI 2.11+.
2544,佳能友好对话,Canon-Friendly Dialogue Expansion,,#对话|#必下mod,https://www.nexusmods.com/stardewvalley/mods/2544,Canon-Friendly Dialogue Expansion,Ben and WitchWeed,20,https://staticdelivery.nexusmods.com/mods/1303/images/2544/2544-1532238548-2030469797.png,,,2025-10-9,1.9M,对话,Adds about 4200 new lines of dialogue across all 34 characters who have a heart level.
12457,来农舍参观,Farmhouse Visits,,#游戏机制,https://www.nexusmods.com/stardewvalley/mods/12457,Farmhouse Visits,mistyspring,3,https://staticdelivery.nexusmods.com/mods/1303/images/12457/12457-1655096960-1314944583.png,,,2024-10-23,115.7K,游戏机制,Allows NPCs to visit your farmhouse
29931,塞巴斯蒂安来信,Letters from Sebastian,,#人物,https://www.nexusmods.com/stardewvalley/mods/29931,Letters from Sebastian,J4ZMIN,5,https://staticdelivery.nexusmods.com/mods/1303/images/29931/29931-1733627488-993279607.png,,,2025-3-4,16.9K,人物,Adds custom mail and gifts from Sebastian at each heart level. As you progress through heart levels with Sebastian
22714,约会之夜,Date Night Redux,,#活动|#必下mod,https://www.nexusmods.com/stardewvalley/mods/22714,Date Night Redux,Agent Lyoko - original mod by LiveOnSUPERT,18,https://staticdelivery.nexusmods.com/mods/1303/images/22714/22714-1713494221-695771954.png,,,2025-10-6,498.3K,活动,Go on dates after marriage with your spouse(s)! An updated version of Date Night that works on 1.6. Requires Stardew Valley 1.6.4+.
23614,电商购物,joja Express-,,#游戏机制,https://www.nexusmods.com/stardewvalley/mods/23614,Joja Express,OFTS_CQM and Yuxuan,3,https://staticdelivery.nexusmods.com/mods/1303/images/23614/23614-1714791671-2044668119.png,,,2024-12-6,8.7K,游戏机制,Do you like online shopping? This mod adds an online shopping service provided by Joja Market. You can buy whatever you want from the online market and they will be automatically delivered after a short time.
6833,高亮小桶罐头瓶-遗漏高亮显示,Highlighted Jars,,#游戏机制|#必下mod,https://www.nexusmods.com/stardewvalley/mods/6833,Highlighted Jars,Annosz,3,https://staticdelivery.nexusmods.com/mods/1303/images/6833/6833-1600011203-1804235104.png,,,2024-10-18,28.4K,游戏机制,Jars
17773,作物缺水气泡,Crop Watering Bubbles,,#农作物|#必下mod,https://www.nexusmods.com/stardewvalley/mods/17773,Crop Watering Bubbles,aedenthorn,14,https://staticdelivery.nexusmods.com/mods/1303/images/17773/17773-1691692525-1906841428.png,,,2025-10-21,19.5K,农作物,Causes unwatered crops to show their need for water via emotes on interval or key press. Optionally only trigger when the farmer is holding a watering can.
1089,快速动画,Fast Animations,,#游戏机制|#必下mod,https://www.nexusmods.com/stardewvalley/mods/1089,Fast Animations,Pathoschild,3,,,,2025-10-27,1.5M,游戏机制,Speed up many animations in the game (like breaking geodes or eating). Optionally configure the speed for each animation.
10487,更好的出货箱,Better Shipping Bin,,#游戏机制|#必下mod,https://www.nexusmods.com/stardewvalley/mods/10487,Better Shipping Bin,MindMeltMax,3,https://staticdelivery.nexusmods.com/mods/1303/images/10487/10487-1640972423-172835125.png,,,2025-7-29,196.7K,游戏机制,Allows you to retrieve items shipped from the shipping bin
20738,用镰刀收割作物,,,#音频|#必下mod,https://www.nexusmods.com/stardewvalley/mods/20738,Yet Another Harvest With Scythe Mod-chinese,San,12,https://staticdelivery.nexusmods.com/mods/1303/images/20738/20738-1711025504-1151836222.png,,,2024-4-1,14.6K,音频,机翻
7409,待办事项,To-Dew,,#用户界面,https://www.nexusmods.com/stardewvalley/mods/7409,To-Dew,Jamie Taylor,10,https://staticdelivery.nexusmods.com/mods/1303/images/7409/7409-1609272743-1331915001.png,,,2025-12-1,861.2K,用户界面,An in-game to-do list.
9833,身临其境的配偶,,,#人物|#必下mod,https://www.nexusmods.com/stardewvalley/mods/9833,Immersive Spouses (Chinese Translation),Anonymous,5,https://staticdelivery.nexusmods.com/mods/1303/images/9833/9833-1633537595-655459555.png,,,2024-4-16,96.6K,人物,沉浸式配偶的汉化翻译。为你的伴侣增加婚后日程及相应对话，使其更加富有个性。
29332,水电费,Department of Energy and Water Bills DEWB,,#游戏机制,https://www.nexusmods.com/stardewvalley/mods/29332,Department of Energy and Water Bills DEWB,13midnight,3,https://staticdelivery.nexusmods.com/mods/1303/images/29332/29332-1731356818-674333806.png,,,2025-9-4,3.9K,游戏机制,Don't summon the wrath of the collections department.
33400,夜市扩展,,,#扩展,https://www.nexusmods.com/stardewvalley/mods/33400,Night Market Expansion,chocolatte12,27,https://staticdelivery.nexusmods.com/mods/1303/images/33400/33400-1745220192-506067708.png,,,2025-5-11,49.4K,扩展,Adds more vendors to the Night Market.
27049,野面粉,,,#项目,https://www.nexusmods.com/stardewvalley/mods/27049,Wildflour's Atelier Goods - An Artisan Goods Expansion,Wildflourmods,15,https://staticdelivery.nexusmods.com/mods/1303/images/27049/27049-1744039622-1012231306.png,,,2025-8-6,188.2K,项目,An all in one artisan good expansion mod. Add as many or as few categories as you like to run the atelier (shop) of your dreams. Adds items such as baked goods
19508,聚宝盆作物,,,#农作物,https://www.nexusmods.com/stardewvalley/mods/19508,Cornucopia - More Crops,Cornucopia,14,https://staticdelivery.nexusmods.com/mods/1303/images/19508/19508-1710246805-919654723.png,,,2025-11-19,497.4K,农作物,Adds more vanilla-style crops
20290,聚宝盆花朵,,,#农作物,https://www.nexusmods.com/stardewvalley/mods/20290,Cornucopia - More Flowers,Cornucopia,14,https://staticdelivery.nexusmods.com/mods/1303/images/20290/20290-1710604648-152943893.png,,,2025-11-19,366.3K,农作物,Adds more flowers
24842,聚宝盆机器,,,#项目,https://www.nexusmods.com/stardewvalley/mods/24842,Cornucopia - Artisan Machines,Cornucopia,15,https://staticdelivery.nexusmods.com/mods/1303/images/24842/24842-1717854227-1520744239.png,,,2025-11-23,331.3K,项目,Adds a variety of artisan machines and goods
20340,聚宝盆种植,,,#农作物,https://www.nexusmods.com/stardewvalley/mods/20340,Growable Forage and Crop Bushes,Cornucopia,14,https://staticdelivery.nexusmods.com/mods/1303/images/20340/20340-1708809312-1644448465.png,,,2024-12-10,100.1K,农作物,A configurable mod that adds a few new crops to grow vanilla forage items
28324,宝石群岛,Gem Isles - Continued,,#地点,https://www.nexusmods.com/stardewvalley/mods/28324,Gem Isles - Continued,aedenthorn,16,https://staticdelivery.nexusmods.com/mods/1303/images/28324/28324-1727996753-658727035.jpeg,,,2024-12-29,3.5K,地点,The Gem Sea comes alive with this mod that creates an endless horizon of islands generated randomly every day.<br /><br />Originally created by aedenthorn
9695,学校,Little Red School House,,#地点,https://www.nexusmods.com/stardewvalley/mods/9695,Little Red School House,xiddav,16,https://staticdelivery.nexusmods.com/mods/1303/images/9695/9695-1765232682-962735920.png,,,2025-12-8,399.8K,地点,Russel Elementary. Home of the Soaring Pelicans.<br /><br />The old School House needs fixed before students can return to class.
32870,税收,,,#游戏机制,https://www.nexusmods.com/stardewvalley/mods/32870,Another Tax Mod,BladeOfGrass445,3,https://staticdelivery.nexusmods.com/mods/1303/images/32870/32870-1743630075-1958072177.jpeg,,,2025-4-8,2.0K,游戏机制,Adds a Tax System to Stardew Valley. Featuring the dreaded Income Tax
6372,水族馆,,,#地图,https://www.nexusmods.com/stardewvalley/mods/6372,Stardew Aquarium,Project Stardew Aquarium,21,https://staticdelivery.nexusmods.com/mods/1303/images/6372/6372-1593465988-1304194066.png,,,2025-2-28,329.6K,地图,Stardew Aquarium adds an Aquarium to Stardew Valley. Here you can donate your fish to animated tanks for rewards. Includes a large new beach location with new custom shops.
22743,炼金术,,,#游戏机制,https://www.nexusmods.com/stardewvalley/mods/22743,Alchemistry - A Witchy Gameplay Expansion Mod,Morghoula,3,https://staticdelivery.nexusmods.com/mods/1303/images/22743/22743-1739478209-1734255043.png,,,2025-11-4,90.5K,游戏机制,An alchemy-driven gameplay expansion mod that introduces new crops
14510,观鸟,,,#牲畜和动物,https://www.nexusmods.com/stardewvalley/mods/14510,Bird overhaul - Ornithologist's Guild - Nests and feeders and more,ivylovesbirds,7,https://staticdelivery.nexusmods.com/mods/1303/images/14510/14510-1720471679-283535337.png,,,2025-12-17,75.5K,牲畜和动物,Ornithologist's Guild brings a totally new birding experience to Stardew Valley
22199,考古,,,#游戏机制,https://www.nexusmods.com/stardewvalley/mods/22199,Archaeology Skill for 1.6,MoonSlime,3,https://staticdelivery.nexusmods.com/mods/1303/images/22199/22199-1712715337-1842371931.png,,,2025-11-27,119.9K,游戏机制,A rewrite for a skill and general content based around the digging and panning mechanics
21381,地图传送,,,#作弊,https://www.nexusmods.com/stardewvalley/mods/21381,Stardew Valley Map Teleport,Richard2091,11,https://staticdelivery.nexusmods.com/mods/1303/images/21381/21381-1711795260-1528000378.png,,,2024-3-30,105.7K,作弊,Teleport on the map with one click.
25279,地图传送,,,#作弊,https://www.nexusmods.com/stardewvalley/mods/25279,Map Teleport For Expansions,hlyvia,11,https://staticdelivery.nexusmods.com/mods/1303/images/25279/25279-1718728440-1395134607.png,,,2024-12-11,167.8K,作弊,This mod is based on aedenthorn's(https://www.nexusmods.com/stardewvalley/mods/7675) and Richard2091's(https://www.nexusmods.com/stardewvalley/mods/21381) map teleporting mod.<br />Compatible with 1.6 &amp; SVE &amp; RSV &amp; ES.
31344,NPC传送,,,#作弊,https://www.nexusmods.com/stardewvalley/mods/31344,Simple Teleport To NPCs,daitsuku,11,https://staticdelivery.nexusmods.com/mods/1303/images/31344/31344-1745852461-1508925992.png,,,2025-4-28,25.3K,作弊,This mod allows players to teleport to NPCs
22538,沉浸式配偶,,,#人物|#婚姻,https://www.nexusmods.com/stardewvalley/mods/22538,Immersive Spouses for 1.6,aveii,5,https://staticdelivery.nexusmods.com/mods/1303/images/22538/22538-1713135707-640335917.png,,,2024-10-10,153.1K,人物,A fix for the Immersive Spouses mod that makes the spouses not get stuck at the bus stop because of 1.6's changes to the size of the bus stop.
18972,沉浸式家庭,,,#活动|#婚姻,https://www.nexusmods.com/stardewvalley/mods/18972,Immersive Family- A Children's Events Expansion,xiaoleiwen,18,https://staticdelivery.nexusmods.com/mods/1303/images/18972/18972-1699249548-178478605.jpeg,,,2025-11-5,296.2K,活动,35 new events and over 340 additional NPC dialogues centered around your children
20685,连续开晶球,,,#游戏机制,https://www.nexusmods.com/stardewvalley/mods/20685,Auto Break Geode,weizinai,3,https://staticdelivery.nexusmods.com/mods/1303/images/20685/20685-1715830665-572194304.png,,,2025-4-28,53.9K,游戏机制,Allows you to automatically break geode.
8526,npc主动表白,,,#活动|#婚姻,https://www.nexusmods.com/stardewvalley/mods/8526,Reverse Proposal,GreenOnion24,18,https://staticdelivery.nexusmods.com/mods/1303/images/8526/8526-1618471244-1167668185.jpeg,,,2024-6-21,179.6K,活动,This mod is like the reverse proposal of datable NPC to the farmer. They will ask the Farmer to be their Boyfriend/Girlfriend.
2072,光线过度,,,#游戏机制,https://www.nexusmods.com/stardewvalley/mods/2072,Dynamic Night Time,KNakamura,3,https://staticdelivery.nexusmods.com/mods/1303/images/2072/2072-1524440937-751747441.png,,,2024-5-13,721.8K,游戏机制,This mod gives Stardew Valley a more dynamic daylight cycle
93,CJB拿取物品,,,#作弊,https://www.nexusmods.com/stardewvalley/mods/93,CJB Item Spawner,CJBok and Pathoschild,11,https://staticdelivery.nexusmods.com/mods/1303/images/93/93-1604102595-721584267.png,,,2025-7-28,7.0M,作弊,An easy-to-use in-game item spawner menu.
5,CJB显示售价,,,#用户界面,https://www.nexusmods.com/stardewvalley/mods/5,CJB Show Item Sell Price,CJBok and Pathoschild,10,https://staticdelivery.nexusmods.com/mods/1303/images/5-0-1457390293.gif,,,2025-7-28,2.4M,用户界面,See the sell price of items in your inventory.
4,CJB无限体力生命,,,#作弊,https://www.nexusmods.com/stardewvalley/mods/4,CJB Cheats Menu,CJBok and Pathoschild,11,https://staticdelivery.nexusmods.com/mods/1303/images/4-0-1457716661.gif,,,2025-7-28,9.1M,作弊,A simple in-game cheats menu with lots of cheats.
37571,宠物互动,,,#宠物和马,https://www.nexusmods.com/stardewvalley/mods/37571,Pet Interaction Redux,jahangmar,8,https://staticdelivery.nexusmods.com/mods/1303/images/37571/37571-1757745362-1947092248.png,,,2025-10-26,3.6K,宠物/马,Your pet follows you through the town and plays fetch with you. It might get distracted by birds and doesn't like your watering can.
36886,额外烹饪,,,#游戏机制,https://www.nexusmods.com/stardewvalley/mods/36886,The Act of Cooking - a Love of Cooking addon,Kanadeyoru,3,https://staticdelivery.nexusmods.com/mods/1303/images/36886/36886-1757622184-2126241105.png,,,2025-9-28,19.3K,游戏机制,Instead of just picking a recipe and instantly making it
10659,更多配件,,,#衣服,https://www.nexusmods.com/stardewvalley/mods/10659,FS - SH's More Accessories and Stuff Pack,SmolHooman - plurffle,13,https://staticdelivery.nexusmods.com/mods/1303/images/10659/10659-1642233760-1874759129.png,,,2024-5-29,127.2K,衣服,Adds more accessories
9063,更多野生动物,,,#牲畜和动物,https://www.nexusmods.com/stardewvalley/mods/9063,SH's Wild Animals,SmolHooman - plurffle,7,https://staticdelivery.nexusmods.com/mods/1303/images/9063/9063-1638969848-1016153741.jpeg,,,2025-9-12,215.8K,牲畜和动物,Adds some wild animals to the game
2221,更好的祝尼魔,,,#游戏机制,https://www.nexusmods.com/stardewvalley/mods/2221,Better Junimos,hawkfalcon and ceruleandeep,3,https://staticdelivery.nexusmods.com/mods/1303/images/2221/2221-1583559470-1230265655.png,,,2025-12-15,509.6K,游戏机制,Significantly improve Junimos: automatically plant crops
5263,更多巨型作物,,,#农作物,https://www.nexusmods.com/stardewvalley/mods/5263,More Giant Crops,spacechase0,14,https://staticdelivery.nexusmods.com/mods/1303/images/5263/5263-1579830454-1866799634.png,,,2022-10-30,104.2K,农作物,Add new giant crops to the game.
8329,怪物血条,,,#用户界面,https://www.nexusmods.com/stardewvalley/mods/8329,Mini Bars - Healthbars Mod,Coldopa,10,https://staticdelivery.nexusmods.com/mods/1303/images/8329/8329-1616452469-2115837746.png,,,2025-1-10,590.7K,用户界面,A healthbar mod that add custom healthbars to most part of the monsters.
5436,孩子能长大,,,#新角色|#婚姻,https://www.nexusmods.com/stardewvalley/mods/5436,The Farmer's Children (LittleNPC),xiddav,24,https://staticdelivery.nexusmods.com/mods/1303/images/5436/5436-1752991381-15451726.png,,,2025-9-22,645.5K,新角色,Your two children are now big kids that walk around Pelican Town exploring their interests.
6278,孩子长相随配偶,,,#人物|#婚姻,https://www.nexusmods.com/stardewvalley/mods/6278,Unique Children,Shaklin,5,https://staticdelivery.nexusmods.com/mods/1303/images/6278/6278-1631108547-1664485556.png,,,2025-6-13,233.4K,人物,With this mod all players in multiplayer
9540,孩子会说话,,,#对话|#婚姻,https://www.nexusmods.com/stardewvalley/mods/9540,Unique Children Talk,Shaklin,20,https://staticdelivery.nexusmods.com/mods/1303/images/9540/9540-1631108652-2116899886.png,,,2025-7-24,271.4K,对话,Dialogues for Children
28676,孩子美化,,,#人物|#婚姻,https://www.nexusmods.com/stardewvalley/mods/28676,Kali's Less Creepy Kids,Kali Rivera,5,https://staticdelivery.nexusmods.com/mods/1303/images/28676/28676-1729567095-368679675.png,,,2025-5-13,18.7K,人物,Retextures the Baby and Child sprites to make them less creepy-looking
21525,挪动配偶房间,,,#室内设计|#婚姻,https://www.nexusmods.com/stardewvalley/mods/21525,Custom Spouse Room Locations,kevinkidwell,19,https://staticdelivery.nexusmods.com/mods/1303/images/21525/21525-1711942188-1610337371.png,,,2024-4-24,73.2K,室内设计,Move your spouse room(s) around within your fully upgraded farmhouse!
24272,配偶房间布置,,,#室内设计|#婚姻,https://www.nexusmods.com/stardewvalley/mods/24272,Spouse Room Free Decoration,Tikamin557,19,https://staticdelivery.nexusmods.com/mods/1303/images/24272/24272-1716151506-1518853834.jpeg,,,2025-3-25,15.8K,室内设计,Allows spouses to decorate their rooms as they wish.<br />You can freely re-cover the walls and floor.<br />There is also a setting to display default furniture
10213,家居精细调整,,,#家具,https://www.nexusmods.com/stardewvalley/mods/10213,Furniture Adjustment,aedenthorn,23,https://staticdelivery.nexusmods.com/mods/1303/images/10213/10213-1638054408-1060280826.png,,,2022-1-20,57.2K,家具,Lets you move furniture pixel-by-pixel (or faster) using hotkeys
14092,家具可叠放,,,#家具,https://www.nexusmods.com/stardewvalley/mods/14092,Furniture Placement Tweaks,aedenthorn,23,https://staticdelivery.nexusmods.com/mods/1303/images/14092/14092-1665616870-1289035192.png,,,2023-1-22,49.9K,家具,Stops accidental pickup of rugs that have other furniture on top of them and/or allows placement of rugs underneath already placed furniture. Also lets you overlap furniture.
32562,堆叠,,,#游戏机制,https://www.nexusmods.com/stardewvalley/mods/32562,Stack More Things,gellingly,3,https://staticdelivery.nexusmods.com/mods/1303/images/32562/32562-1742684865-1651451393.png,,,2025-9-1,33.6K,游戏机制,Mod that allows you to stack things like furniture
6304,可破坏灌木,,,#游戏机制,https://www.nexusmods.com/stardewvalley/mods/6304,Destroyable Bushes,Esca-MMC,3,https://staticdelivery.nexusmods.com/mods/1303/images/6304/6304-1592298114-923227839.png,,,2025-5-8,1.2M,游戏机制,Destroyable Bushes allows players to destroy bushes with an axe. By default
5176,非破坏性npc,,,#各种各样的|#必下mod,https://www.nexusmods.com/stardewvalley/mods/5176,Non Destructive NPCs,Madara Uchiha,2,https://staticdelivery.nexusmods.com/mods/1303/images/5176/5176-1578865280-1599614067.png,,,2020-1-13,245.6K,各种各样的,Makes NPCs not destroy objects placed by the player in their paths. They would instead stop
19675,快乐家居,,,#用户界面,https://www.nexusmods.com/stardewvalley/mods/19675,Happy Home Designer,tlitookilakin,10,https://staticdelivery.nexusmods.com/mods/1303/images/19675/19675-1704227335-960217023.png,,,2025-12-18,625.5K,用户界面,A feature-rich Furniture / Wallpaper catalogue overhaul
24026,宠物跟随,,,#宠物和马,https://www.nexusmods.com/stardewvalley/mods/24026,Pets Enhanced - A Pet Mechanic Overhaul,SunkenLace,8,https://staticdelivery.nexusmods.com/mods/1303/images/24026/24026-1715727374-1711453094.png,,,2024-12-10,54.2K,宠物/马,Enhances the Pet experience
923,社区一份子,,,#游戏机制,https://www.nexusmods.com/stardewvalley/mods/923,Part of the Community,Space Baby,3,https://staticdelivery.nexusmods.com/mods/1303/images/923-1-1487111643.gif,,,2025-4-12,1.0M,游戏机制,PotC is a friendship mod that allows the Farmer to gain friendship points passively
10023,多婚大床,,,#家具|#婚姻,https://www.nexusmods.com/stardewvalley/mods/10023,Bed Tweaks,aedenthorn,23,https://staticdelivery.nexusmods.com/mods/1303/images/10023/10023-1635664305-1129169255.png,,,2025-4-16,148.9K,家具,Lets you resize the double bed and change the transparency of the bed's blankets.
21678,大冰箱,,,#用户界面,https://www.nexusmods.com/stardewvalley/mods/21678,Bigger Fridges,Entoarox,10,https://staticdelivery.nexusmods.com/mods/1303/images/21678/21678-1712139292-1894166232.png,,,2024-4-8,165.0K,用户界面,Think the fridges are too small
20712,大仓筒,,,#建筑,https://www.nexusmods.com/stardewvalley/mods/20712,Peehell's Big Silo,PeeH3ll,17,https://staticdelivery.nexusmods.com/mods/1303/images/20712/20712-1715301642-462892846.png,,,2024-5-14,23.5K,建筑,Only add more storage room in the silo and have it build by Robin as usual<br /><br />Remodel the silo to fit with the seasons<br /><br /> you can turn the textures off with GMCM
35779,喃喃自语的农夫,,,#用户界面|#必下mod,https://www.nexusmods.com/stardewvalley/mods/35779,The Muttering Farmer,YunHikari,10,https://staticdelivery.nexusmods.com/mods/1303/images/35779/35779-1753381718-1964136350.png,,,2025-7-30,45.5K,用户界面,This mod makes the farmer verbalize all actions
29794,跳跃,,,#游戏机制,https://www.nexusmods.com/stardewvalley/mods/29794,Jumping,YunHikari,3,https://staticdelivery.nexusmods.com/mods/1303/images/29794/29794-1734343933-1130977277.png,,,2025-7-27,19.9K,游戏机制,Consumes stamina to jump over certain terrains.<br />Strict detection prevents the farmer from jumping into unreasonable areas.
32558,方便的宝箱直接制作,,,#用户界面,https://www.nexusmods.com/stardewvalley/mods/32558,Convenient Chests Unofficial,SummerFleur,10,https://staticdelivery.nexusmods.com/mods/1303/images/32558/32558-1753093204-55275789.png,,,2025-7-29,5.7K,用户界面,Makes your life easier: Add a category menu to specify what should be contained in this chest
21580,法师可婚,,,#人物|#可婚,https://www.nexusmods.com/stardewvalley/mods/21580,Tsundere Wizard Marriage Mod - unofficial update,Yuzu and QyueFlamen,5,https://staticdelivery.nexusmods.com/mods/1303/images/21580/21580-1712024352-395936866.png,,,2024-12-16,30.9K,人物,完全由CP加载的莫蒂默
22077,法师肖像美化,,,#肖像,https://www.nexusmods.com/stardewvalley/mods/22077,LT's Wizard RRRR Portrait,LT4823,6,https://staticdelivery.nexusmods.com/mods/1303/images/22077/22077-1712561865-1660395627.png,,,2024-4-8,5.4K,肖像,Wizard[RRRR] 's matching portrait
29218,皮诶尔可婚,,,#人物|#可婚,https://www.nexusmods.com/stardewvalley/mods/29218,Pierre Marriage Mod,Luo7710,5,https://staticdelivery.nexusmods.com/mods/1303/images/29218/29218-1733484588-583742064.png,,,2025-2-4,6.2K,人物,皮埃尔的可婚拓展，重写了所有对话，添加了16个事件，有不同分支结局。<br />META警告（有打破第四面墙的内容），部分内容微血腥微病娇。
16220,卡罗琳可婚,,,#人物|#可婚,https://www.nexusmods.com/stardewvalley/mods/16220,Childhood Sweetheart Caroline (Overhaul),sorkrim and Solariaze,5,https://staticdelivery.nexusmods.com/mods/1303/images/16220/16220-1715426974-396824725.png,,,2025-12-12,123.9K,人物,Caroline was once your best friend
3239,罗宾可婚,,,#人物|#可婚,https://www.nexusmods.com/stardewvalley/mods/3239,The Robin Romance Mod,Soapierbean,5,https://staticdelivery.nexusmods.com/mods/1303/images/3239/3239-1711773259-2023341071.jpeg,,,2024-4-28,132.4K,人物,Makes Robin datable and able to be married. This is done by making her a Custom NPC. Requires Content Patcher &amp; TMXL Map Toolkit (for the spouse room).
7721,乔迪可婚,,,#人物|#可婚,https://www.nexusmods.com/stardewvalley/mods/7721,Datable Jodi,Moralle,5,https://staticdelivery.nexusmods.com/mods/1303/images/7721/7721-1611010802-1729256368.png,,,2022-6-24,78.5K,人物,Makes it possible to date and marry Jodi.
7102,冈瑟可婚,,,#人物|#可婚,https://www.nexusmods.com/stardewvalley/mods/7102,Make Gunther Real,WerewolfMaster,5,https://staticdelivery.nexusmods.com/mods/1303/images/7102/7102-1604539583-693114733.png,,,2024-5-9,17.5K,人物,Transforms Gunther into a real
7018,马龙可婚,,,#人物|#可婚,https://www.nexusmods.com/stardewvalley/mods/7018,Make Marlon Real,WerewolfMaster,5,https://staticdelivery.nexusmods.com/mods/1303/images/7018/7018-1603132183-321643160.png,,,2025-7-30,24.8K,人物,Have you ever felt like Stardew Valley needed more grumpy old marriageable men? Well then this is the mod for you! Turns Marlon from a cardboard cutout into a real
12824,莫里斯可婚,,,#人物|#可婚,https://www.nexusmods.com/stardewvalley/mods/12824,Marry Morris,Yoshimax,5,https://staticdelivery.nexusmods.com/mods/1303/images/12824/12824-1657272032-274228013.png,,,2024-6-15,26.7K,人物,Adds Morris as a marriageable NPC with his own house and gives him a redemption arc if you choose the Community Center route. This mod is fully SVE compatible (it uses SVE's Morris if SVE is installed but will also work without SVE).
26199,格斯可婚,,,#对话|#可婚,https://www.nexusmods.com/stardewvalley/mods/26199,Gus's BDSM dialogue,Dyen,20,https://staticdelivery.nexusmods.com/mods/1303/images/26199/26199-1721389539-494135737.jpeg,,,2024-9-6,5.9K,对话,未成年請勿下載，這是一個女性向成人對話擴展。<br />為格斯增加大量對話。
28519,克林特可婚,,,#新角色|#可婚,https://www.nexusmods.com/stardewvalley/mods/28519,NPC Clint Marriage 1.6,Yuzu,24,https://staticdelivery.nexusmods.com/mods/1303/images/28519/28519-1729216205-416763852.png,,,2025-2-18,3.6K,新角色,将克林特变得浪漫，为他添加新的好感事件、日常对话、婚后对话等等。A Custom Marriage Mod will bring you a sweet-talked and lovely Clint as your new bachelor! 5 custom heart events and 3 post-marriage heart events! Numerous daily+ marriage dialogues!
25273,幽灵文森特,,,#对话,https://www.nexusmods.com/stardewvalley/mods/25273,Ghost Boy Vincent - Chinese,Seqi,20,https://staticdelivery.nexusmods.com/mods/1303/images/25273/25273-1718705813-1458776267.png,,,2024-7-8,1.0K,对话,这是一个含少量灵异元素的对话拓展模组，为文森特增加了71条对话，包含日常对话和节日对话。<br />对话以日常风格为主，增加了一些幽默元素，让文森特和玩家的互动变得温馨可爱(*╹▽╹*)是真的很可爱哦！
36341,吸血鬼384,,,#对话,https://www.nexusmods.com/stardewvalley/mods/36341,Vampire Sebastian,Juppa612,20,https://staticdelivery.nexusmods.com/mods/1303/images/36341/36341-1755047126-1727453885.png,,,2025-9-18,15.2K,对话,沉浸式体验闷骚理工阴湿男吸血鬼塞巴斯蒂安!! 性格以原作塞巴斯蒂安为基准加上吸血鬼设定
38698,鹈鹕镇市政厅,Pelican Town Municipal - Custom NPC,,#新角色,https://www.nexusmods.com/stardewvalley/mods/38698,Pelican Town Municipal - Custom NPC,Midnight Voyager,24,https://staticdelivery.nexusmods.com/mods/1303/images/38698/38698-1763675823-713120568.png,,,2025-12-15,2.5K,新角色,Adds a municipal building with a sheriff's office. Also adds an Andy Griffith-style sheriff with designs on strengthening the local community
34949,凌肖,,,#新角色|#二次元|#乙游,https://www.nexusmods.com/stardewvalley/mods/34949,New NPC Shaw-evollove,hanning,24,https://staticdelivery.nexusmods.com/mods/1303/images/34949/34949-1750242539-2019281390.jpg,,,2025-6-19,1.4K,新角色,新增角色凌肖（《恋与制作人》），您可以在游戏里于他恋爱结婚生子......双坑人凌推千万不要错过！<br />mod中凌肖将会沿用考古系研究生的身份，再考古队来到鹈鹕镇的不久后‘你’从恋与市辞职继承了爷爷的农场，将会展开什么故事呢......
36137,白起,,,#新角色|#二次元|#乙游,https://www.nexusmods.com/stardewvalley/mods/36137,All For Baiqi,MagicalStrawberryOWO,24,https://staticdelivery.nexusmods.com/mods/1303/images/36137/36137-1753787096-853960932.png,,,2025-11-15,671,新角色,白起独立npc模组
36794,许墨,,,#新角色|#二次元|#乙游,https://www.nexusmods.com/stardewvalley/mods/36794,Xumo_Lucien,Qisui,24,https://staticdelivery.nexusmods.com/mods/1303/images/36794/36794-1755527303-1476912361.jpg,,,2025-8-18,144,新角色,想让许墨也来看看星露谷的美好生活~
12655,萧逸,Osborn Sebastian Replacement,,#人物|#二次元|#乙游,https://www.nexusmods.com/stardewvalley/mods/12655,Osborn Sebastian Replacement,Astrid,5,https://staticdelivery.nexusmods.com/mods/1303/images/12655/12655-1656181875-1336558442.jpeg,,,2022-11-26,14.4K,人物,本来是画着自用的萧逸替换塞巴~包含高清头像（不解决技术问题）~和可直接替换文件的行走图~
35986,查理苏,,,#新角色|#二次元|#乙游,https://www.nexusmods.com/stardewvalley/mods/35986,Charlie,mystery177my,24,https://staticdelivery.nexusmods.com/mods/1303/images/35986/35986-1753367806-383261184.png,,,2025-7-24,451,新角色,为游戏光与夜之恋其中一个男主，查理苏的同人可结婚mod
31986,刘辩,,,#新角色|#二次元|#乙游,https://www.nexusmods.com/stardewvalley/mods/31986,NPC LiuBian,acai0w0,24,https://staticdelivery.nexusmods.com/mods/1303/images/31986/31986-1740744822-1377038683.png,,,2025-9-22,2.0K,新角色,为游戏添加一个同人NPC刘辩 Add a fan maker NPC LiuBian to the game.
38983,祁煜,Rafayel Gift,,#家具|#二次元|#乙游,https://www.nexusmods.com/stardewvalley/mods/38983,Rafayel Gift,Daiye,23,https://staticdelivery.nexusmods.com/mods/1303/images/38983/38983-1761970601-865306644.png,,,2025-11-1,56,家具,A Little Gift from Rafayel
33146,秦彻,,,#新角色|#二次元|#乙游,https://www.nexusmods.com/stardewvalley/mods/33146,Sylus stardew NPC (LADS),Halostar,24,https://staticdelivery.nexusmods.com/mods/1303/images/33146/33146-1744444622-1960161817.png,,,2025-5-5,4.3K,新角色,Adds Sylus from love and deepspace into pelican town!
32814,夏以昼,,,#新角色|#二次元|#乙游,https://www.nexusmods.com/stardewvalley/mods/32814,Caleb - Custom NPC,shiiteyanyo,24,https://staticdelivery.nexusmods.com/mods/1303/images/32814/32814-1747781835-1987296762.png,,,2025-6-8,33.0K,新角色,An adaptation of Caleb (夏以昼) from Love and Deepspace to Pelican Town as a new marriage candidate NPC. WIP
38597,沈星回,,,#新角色|#二次元|#乙游,https://www.nexusmods.com/stardewvalley/mods/38597,Xavier Custom NPC,Mylittlestarr,24,https://staticdelivery.nexusmods.com/mods/1303/images/38597/38597-1760576724-1548181330.png,,,2025-12-20,3.4K,新角色,Adds Custom NPC Character Xavier 沈星回 from Love and Deepspace to Stardew Valley.
33747,黎深,,,#新角色|#二次元|#乙游,https://www.nexusmods.com/stardewvalley/mods/33747,Zayne (Love and Deepspace) - Custom NPC,zaynesbeloved,24,https://staticdelivery.nexusmods.com/mods/1303/images/33747/33747-1746384847-283116499.png,,,2025-5-5,2.0K,新角色,This mod adds Zayne from Love and Deepspace as a dateable NPC in Stardew Valley. Still a WIP! (づ&gt; v &lt;)づ♡
39196,黎深,,,#新角色|#二次元|#乙游,https://www.nexusmods.com/stardewvalley/mods/39196,LOVE AND DEEPSPACE_Zayne Mod,MOLiNaiLvMianMianBing,24,https://staticdelivery.nexusmods.com/mods/1303/images/39196/39196-1762610665-1005163989.jpg,,,2025-11-8,371,新角色,这是一个基于恋与深空男主黎深建设的MOD<br /><br />黎深作为可婚NPC，拥有对话、送礼、结婚、生孩子以及参加各种活动的功能，可触发重逢、2心、4心、6心、8心、10心、婚后剧情。
36812,黎深痛屋,,,#家具|#二次元|#乙游,https://www.nexusmods.com/stardewvalley/mods/36812,(CP)Happy Birthday Zayne,LS950905,23,https://staticdelivery.nexusmods.com/mods/1303/images/36812/36812-1755576201-1336747612.png,,,2025-9-4,657,家具,This is a little fan-made gift for Love and Deepspace’s Zayne.<br />It’s dedicated to Little Jasmine and of course
36815,黎深痛屋,,,#家具|#二次元|#乙游,https://www.nexusmods.com/stardewvalley/mods/36815,(CP)ZayneWallpaperAndFloor,LS950905,23,https://staticdelivery.nexusmods.com/mods/1303/images/36815/36815-1755593256-1194024790.png,,,2025-8-20,327,家具,This mod mainly includes the matching flooring and wallpaper designed to go with (CP) Happy Birthday Zayne.<br />For more details
23653,夏油杰,Suguru Geto NPC (Jujutsu Kaisen),,#人物|#二次元,https://www.nexusmods.com/stardewvalley/mods/23653,Suguru Geto NPC (Jujutsu Kaisen),kryptonimus,5,https://staticdelivery.nexusmods.com/mods/1303/images/23653/23653-1720125966-6183474.png,,,2024-7-4,20.4K,人物,A mod that adds Suguru Geto into your Stardew Valley world! Or
27237,五条悟夏油杰猫猫,,,#宠物和马|#二次元,https://www.nexusmods.com/stardewvalley/mods/27237,Jujutsu Cats - Gojo and Geto from Jujutsu Kaisen as cats,hanbweh,8,https://staticdelivery.nexusmods.com/mods/1303/images/27237/27237-1724435582-681821526.png,,,2024-8-24,6.7K,宠物/马,Add two chonky cats to your lovely household in Stardew Valley!
23487,宿傩,,,#新角色|#二次元,https://www.nexusmods.com/stardewvalley/mods/23487,Ryomen Sukuna NPC - Jujutsu Kaisen,Yujis-Hat,24,https://staticdelivery.nexusmods.com/mods/1303/images/23487/23487-1714517581-1014361305.png,,,2024-6-12,14.4K,新角色,This mod adds Ryomen Sukuna of Jujutsu Kaisen into Stardew Valley as a datable and marryable NPC :) This is my first mod so please let me know if there are any issues with him &lt;3 <br /><br />He is mean in Jujutsu Kaisen and he is mean in Stardew Valley
23598,宿傩,,,#新角色|#二次元,https://www.nexusmods.com/stardewvalley/mods/23598,Ryomen Sukuna (Heian) NPC - Jujutsu Kaisen,Yujis-Hat,24,https://staticdelivery.nexusmods.com/mods/1303/images/23598/23598-1714767992-1735615274.png,,,2024-6-14,5.7K,新角色,This mod adds in our best boy Sukuna
23955,虎杖悠仁,,,#新角色|#二次元,https://www.nexusmods.com/stardewvalley/mods/23955,Itadori Yuji NPC - Jujutsu Kaisen,Yujis-Hat,24,https://staticdelivery.nexusmods.com/mods/1303/images/23955/23955-1715591944-1571269721.png,,,2024-7-7,6.8K,新角色,A mod that gives us our precious little pal Yuji. He's delicate
23624,伏黑甚尔,,,#新角色|#二次元,https://www.nexusmods.com/stardewvalley/mods/23624,Toji Fushiguro NPC,Yujis-Hat,24,https://staticdelivery.nexusmods.com/mods/1303/images/23624/23624-1714825255-2139010283.png,,,2024-5-4,3.9K,新角色,A mod that adds everyone's favorite deadbeat dad
28778,狗卷,,,#新角色|#二次元,https://www.nexusmods.com/stardewvalley/mods/28778,InumakiToge,DUTYFISH,24,https://staticdelivery.nexusmods.com/mods/1303/images/28778/28778-1729616686-372787017.png,,,2024-10-23,157,新角色,包含独立事件、原创地图、原创物品的狗卷棘单人mod
25973,狗卷,,,#新角色|#二次元,https://www.nexusmods.com/stardewvalley/mods/25973,Toge Inumaki NPC Jujutsu Kaisen,Loonimae,24,https://staticdelivery.nexusmods.com/mods/1303/images/25973/25973-1721417908-228063270.png,,,2024-12-28,6.3K,新角色,Adds Toge Inumaki from Jujutsu Kaisen to Stardew Valley.
38749,太宰治,Dazai Osamu,,#新角色|#二次元,https://www.nexusmods.com/stardewvalley/mods/38749,Dazai Osamu,AsanagiKaoru,24,https://staticdelivery.nexusmods.com/mods/1303/images/38749/38749-1761068870-297845811.jpg,,,2025-11-12,559,新角色,感谢下载，这是一个独立npc模组，此角色来自作品《文豪野犬》，属性为乙女向。太中禁止。此模组需要高清肖像模组才可以正常使用。有其他不懂欢迎来我的小红书，账号是：Asanagi_Kaoru询问。禁止把我的模组做成任何付费整合包。
4373,初音未来,CP_Miku NPC,,#新角色|#二次元,https://www.nexusmods.com/stardewvalley/mods/4373,CP_Miku NPC,ChaseXavier,24,https://staticdelivery.nexusmods.com/mods/1303/images/4373/4373-1566694637-2078872826.png,,,2019-9-19,10.8K,新角色,This is a NPC that will be added to the game.<br /><br /> &gt;&gt;&gt;Back up your save&lt;&lt;&lt;
12000,钟赫和斯潘纳——桑贝里村的自定义NPC,Jonghyuk and Spanner - Custom NPCs for Sunberry Village,,#新角色|#二次元,https://www.nexusmods.com/stardewvalley/mods/12000,Jonghyuk and Spanner - Custom NPCs for Sunberry Village,Arknir27 and The Sunberry Team,24,https://staticdelivery.nexusmods.com/mods/1303/images/12000/12000-1764549101-677506018.png,,,2025-12-1,81.9K,新角色,The world ended
40002,《无限暖暖》中的暖暖和莫莫,Nikki_and_Momo,,#新角色|#二次元,https://www.nexusmods.com/stardewvalley/mods/40002,Nikki_and_Momo,kakayeka,24,https://staticdelivery.nexusmods.com/mods/1303/images/40002/40002-1765099374-1517619252.png,,,2025-12-7,70,新角色,将叠纸游戏公司旗下暖暖系列第五代无限暖暖之中的暖暖与大喵加入游戏
38746,暖暖和大喵,Nikki And Momo,,#新角色|#二次元,https://www.nexusmods.com/stardewvalley/mods/38746,Nikki And Momo,cuobanxiaoggou and yeyuzz,24,https://staticdelivery.nexusmods.com/mods/1303/images/38746/38746-1761129645-405655336.png,,,2025-10-22,156,新角色,向游戏添加新npc暖暖和大喵，目前只有中文
37248,暖暖,,,#人物|#二次元,https://www.nexusmods.com/stardewvalley/mods/37248,nikki NPC,cuobanxiaoggou,5,https://staticdelivery.nexusmods.com/mods/1303/images/37248/37248-1756883934-1946528654.png,,,2025-9-3,435,人物,此模组添加了暖暖系列游戏的主角苏暖暖到游戏里
39963,肉桂狗和朋友们经营的咖啡馆,Cinnamoroll Cafe,,#新角色|#二次元,https://www.nexusmods.com/stardewvalley/mods/39963,Cinnamoroll Cafe,otohimexoxo,24,https://staticdelivery.nexusmods.com/mods/1303/images/39963/39963-1765022847-357462658.png,,,2025-12-6,711,新角色,Adds a new cafe run by Cinnamoroll and friends! ♡
38283,若叶睦,,,#新角色|#二次元,https://www.nexusmods.com/stardewvalley/mods/38283,Cucumber Girl - Wakaba Mutsumi - New Farmer NPC,udonDAZE,24,https://staticdelivery.nexusmods.com/mods/1303/images/38283/38283-1759815361-1057277298.jpg,,,2025-11-13,715,新角色,为你的游戏添加来自《MyGo 》
38271,为NPC Kirby添加新头像,New Portraits for NPC Kirby,,#新角色|#二次元,https://www.nexusmods.com/stardewvalley/mods/38271,New Portraits for NPC Kirby,silvermoonchan,24,https://staticdelivery.nexusmods.com/mods/1303/images/38271/38271-1759782042-246921978.png,,,2025-10-7,84,新角色,New portraits for NPC Kirby
30797,星之卡比,Kirby,,#新角色|#二次元,https://www.nexusmods.com/stardewvalley/mods/30797,Kirby,Angelofthewastes33,24,https://staticdelivery.nexusmods.com/mods/1303/images/30797/30797-1736637210-2492341.jpeg,,,2025-2-14,988,新角色,Kirby Comes Right Back At Ya in Stardew Valley
37405,托蒂（Torti）玉米饼NPC,Torti the Tortilla,,#新角色|#二次元,https://www.nexusmods.com/stardewvalley/mods/37405,Torti the Tortilla,sugarsbt,24,https://staticdelivery.nexusmods.com/mods/1303/images/37405/37405-1757269639-196097845.png,,,2025-9-8,11.9K,新角色,Torti the Tortilla is an awesome tortilla NPC living in the Stardrop Saloon. He helps out during busy days and has lots of tortilla puns to offer!
34053,利威尔·阿克曼 - NPC - 进击的巨人,Levi Ackerman - NPC - Attack on Titan,,#新角色|#二次元,https://www.nexusmods.com/stardewvalley/mods/34053,Levi Ackerman - NPC - Attack on Titan,LittlePippi,24,https://staticdelivery.nexusmods.com/mods/1303/images/34053/34053-1747897857-750903002.jpeg,,,2025-10-21,15.5K,新角色,This mod adds Levi to Pelican Town. An NPC with custom dialogue
31904,鬼灭之刃谷,Demon Slayer Valley,,#新角色|#二次元,https://www.nexusmods.com/stardewvalley/mods/31904,Demon Slayer Valley,Hanazugawa,24,https://staticdelivery.nexusmods.com/mods/1303/images/31904/31904-1760013603-1070264031.jpg,,,2025-10-23,11.6K,新角色,Inspired by the series as a huge fan. Currently includes Sanemi
31713,akaza-鬼灭,,,#人物|#二次元,https://www.nexusmods.com/stardewvalley/mods/31713,Akaza NPC - Demon Slayer,kArmag0re,5,https://staticdelivery.nexusmods.com/mods/1303/images/31713/31713-1740165002-1116009163.png,,,2025-3-19,1.0K,人物,This mod adds Akaza into your Stardew Valley world as a new datable character.
39804,宝可梦饰品,,,#项目|#二次元,https://www.nexusmods.com/stardewvalley/mods/39804,Pokemon Trinkets,Xan,15,https://staticdelivery.nexusmods.com/mods/1303/images/39804/39804-1764486062-1592434209.png,,,2025-11-30,427,项目,This adds Pokemon as Trinkets to the game that are obtainable by defeating monsters and destroying crates.<br />There is also a Trinket device that works the same way as the Anvil
14080,全职猎人,,,#视觉效果和图形|#二次元,https://www.nexusmods.com/stardewvalley/mods/14080,(AT) Spooncrows - Hunter x Hunter,Spooner,25,https://staticdelivery.nexusmods.com/mods/1303/images/14080/14080-1665410995-33797643.jpeg,,,2024-4-1,1.2K,视觉效果和图形,The Hunter x Hunter entry of my Spooncrows series
14121,鬼灭之刃,,,#视觉效果和图形|#二次元,https://www.nexusmods.com/stardewvalley/mods/14121,(AT) Spooncrows - Demon Slayer,Spooner,25,https://staticdelivery.nexusmods.com/mods/1303/images/14121/14121-1686253714-295361698.jpeg,,,2023-6-9,3.0K,视觉效果和图形,The Demon Slayer entry of my Spooncrows series
14088,间谍×过家家,,,#视觉效果和图形|#二次元,https://www.nexusmods.com/stardewvalley/mods/14088,(AT) Spooncrows - Spy x Family,Spooner,25,https://staticdelivery.nexusmods.com/mods/1303/images/14088/14088-1666546707-1684014426.jpeg,,,2022-10-24,1.0K,视觉效果和图形,The Spy x Family entry of my Spooncrows series
14239,灵能百分百,,,#视觉效果和图形|#二次元,https://www.nexusmods.com/stardewvalley/mods/14239,(AT) Spooncrows - Mob Psycho 100,Spooner,25,https://staticdelivery.nexusmods.com/mods/1303/images/14239/14239-1681513999-1107508949.jpeg,,,2022-11-4,861,视觉效果和图形,The Mob Psycho 100 entry of my Spooncrows series
14328,致不灭的你,,,#视觉效果和图形|#二次元,https://www.nexusmods.com/stardewvalley/mods/14328,(AT) Spooncrows - To Your Eternity,Spooner,25,https://staticdelivery.nexusmods.com/mods/1303/images/14328/14328-1681513828-1241265342.jpeg,,,2023-4-15,340,视觉效果和图形,The To Your Eternity entry of my Spooncrows series
14420,JOJO的奇妙冒险,,,#视觉效果和图形|#二次元,https://www.nexusmods.com/stardewvalley/mods/14420,(AT) Spooncrows - JJBA Stone Ocean,Spooner,25,https://staticdelivery.nexusmods.com/mods/1303/images/14420/14420-1668040747-1590721363.jpeg,,,2022-11-10,624,视觉效果和图形,The JJBA: Stone Ocean entry of my Spooncrows series
14081,魔物学园：毕业舞会大作战,,,#视觉效果和图形|#二次元,https://www.nexusmods.com/stardewvalley/mods/14081,(AT) Spooncrows - Monster Prom,Spooner,25,https://staticdelivery.nexusmods.com/mods/1303/images/14081/14081-1671234563-2034947031.jpeg,,,2022-12-17,570,视觉效果和图形,The Monster Prom entry of my Spooncrows series
27505,恋与深空、光夜、恋与制作人稻草人,XiangCai's scarecrow-AT,,#各种各样的|#二次元|#乙游,https://www.nexusmods.com/stardewvalley/mods/27505,XiangCai's scarecrow,XiangCai,2,https://staticdelivery.nexusmods.com/mods/1303/images/27505/27505-1725510593-1897379022.png,,,2024-9-5,6.1K,各种各样的,乙游稻草人~
33210,未定、绘旅人、世界之外稻草人,,,#各种各样的|#二次元|#乙游,https://www.nexusmods.com/stardewvalley/mods/33210,XiangCai's scarecrow 1.0,XiangCai,2,https://staticdelivery.nexusmods.com/mods/1303/images/33210/33210-1744565568-1500544745.jpeg,,,2025-4-14,798,各种各样的,乙游稻草人1.0
27496,黎深小人立牌家具,,,#家具|#二次元|#乙游,https://www.nexusmods.com/stardewvalley/mods/27496,(CP)Best Wishes For Lishen(Zayne)-Love and Deepspace-Furniture,Macchiato,23,https://staticdelivery.nexusmods.com/mods/1303/images/27496/27496-1725548499-1987276565.png,,,2025-9-4,2.2K,家具,新增家具：黎深人物小立牌<br />-无尘（医生ver.）<br />-秋风为念（生日ver.）<br /><br />Add new Furniture: LiShen(Zayne) Character's decorations<br />-Zayne_doctor<br />-Zayne_birthday
28771,恋与深空稻草人,,,#家具|#二次元|#乙游,https://www.nexusmods.com/stardewvalley/mods/28771,(CP)Sylus,jiaojiao,23,https://staticdelivery.nexusmods.com/mods/1303/images/28771/28771-1732785120-2084558063.jpeg,,,2025-5-3,6.1K,家具,增加了12只恋与深空 秦彻的稻草人，他不会赶走乌鸦，cp模式直接添加到游戏中，安装后到家具目录直接抓就好。
29778,恋与深空猫耳发饰,,,#衣服|#二次元|#乙游,https://www.nexusmods.com/stardewvalley/mods/29778,(FS)Cat ear hairpin,jiaojiao,13,https://staticdelivery.nexusmods.com/mods/1303/images/29778/29778-1732873103-1578406662.jpeg,,,2024-11-29,15.6K,衣服,8对恋与深空猫咪执事同款猫耳发卡
28422,深空玩偶,Love and Deepspace Doll,,#家具|#二次元|#乙游,https://www.nexusmods.com/stardewvalley/mods/28422,Love and Deepspace Doll,Peach yogurt,23,https://staticdelivery.nexusmods.com/mods/1303/images/28422/28422-1740833986-438619622.jpeg,,,2025-3-2,7.5K,家具,The doll furniture comes from a mobile game called Love and Deep Space.
27717,光夜玩偶,Light and Night Doll,,#家具|#二次元|#乙游,https://www.nexusmods.com/stardewvalley/mods/27717,Light and Night Doll,Peach yogurt,23,https://staticdelivery.nexusmods.com/mods/1303/images/27717/27717-1726146018-1858686330.png,,,2024-9-13,2.1K,家具,
16615,吉卜力风格家具,,,#家具|#二次元,https://www.nexusmods.com/stardewvalley/mods/16615,(AT)Ghibli Style Furniture,ENDYLAU,23,https://staticdelivery.nexusmods.com/mods/1303/images/16615/16615-1751256155-326106265.png,,,2025-6-30,89.8K,家具,Most of these furniture pieces are designed in Studio Ghibli's iconic style
39906,吉卜力卡通家具,,,#家具|#二次元,https://www.nexusmods.com/stardewvalley/mods/39906,CP Ghibli cartoon furniture,Enoki,23,https://staticdelivery.nexusmods.com/mods/1303/images/39906/39906-1764862224-586516163.jpg,,,2025-12-5,249,家具,19 pieces of Ghibli-style cartoon furniture
29531,哈利波特家具,,,#家具|#二次元,https://www.nexusmods.com/stardewvalley/mods/29531,Harry Potter Furniture,ICEcavities,23,https://staticdelivery.nexusmods.com/mods/1303/images/29531/29531-1731991062-54366163.jpeg,,,2024-11-19,4.2K,家具,This mod adds purchasable furniture from Harry Potter in the Furniture Catalogue
39882,罗小黑家具,,,#家具|#二次元,https://www.nexusmods.com/stardewvalley/mods/39882,Luoxiaohei character furniture,Yizhiyanga and miya,23,https://staticdelivery.nexusmods.com/mods/1303/images/39882/39882-1764761507-1531599944.jpg,,,2025-12-3,339,家具,罗小黑角色动态家具，动态效果需要AT替代纹理，家具在cjb菜单搜索对应角色名字获得，<br />感谢小红书@亿只羊啊老师绘制的图片和授权。<br />Luo Xiaohei character dynamic furniture
39367,罗小黑猫猫,,,#宠物和马|#二次元,https://www.nexusmods.com/stardewvalley/mods/39367,Luo Xiaohei Cat Replacement,DMT,8,https://staticdelivery.nexusmods.com/mods/1303/images/39367/39367-1764686799-806704949.png,,,2025-12-2,476,宠物/马,a mod to replace the cat<br />用于替换原有的猫外观
39788,罗小黑玩偶,,,#家具|#二次元,https://www.nexusmods.com/stardewvalley/mods/39788,CP Luo Xiaohei Furniture,Enoki,23,https://staticdelivery.nexusmods.com/mods/1303/images/39788/39788-1764424569-1352869209.jpg,,,2025-11-29,354,家具,Some furniture was added
39055,比奇堡农场建筑,,,#建筑|#二次元,https://www.nexusmods.com/stardewvalley/mods/39055,AT Bikini Bottom Farm Buildings Beautification,Enoki,17,https://staticdelivery.nexusmods.com/mods/1303/images/39055/39055-1763975384-1521864281.jpg,,,2025-12-4,308,建筑,Some of the Beach beautifications in Bikini Bottom include Farmhouse，three Shed
39638,比奇堡家具,,,#家具|#二次元,https://www.nexusmods.com/stardewvalley/mods/39638,Bikini Bottom furniture,Enoki,23,https://staticdelivery.nexusmods.com/mods/1303/images/39638/39638-1763975968-913879619.png,,,2025-11-24,247,家具,Some Bikini Bottom furniture was added
26666,chiikawa家具,,,#家具|#二次元,https://www.nexusmods.com/stardewvalley/mods/26666,Chiikawa HD Furniture,SweetyStar,23,https://staticdelivery.nexusmods.com/mods/1303/images/26666/26666-1722681639-174631590.jpeg,,,2024-8-5,2.3K,家具,Chiikawa HD Furniture 吉伊高清家具
2529,宝可梦,,,#视觉效果和图形|#二次元,https://www.nexusmods.com/stardewvalley/mods/2529,Pokefy (A Pokemon Mod),StravaJD and Coupangg,25,https://staticdelivery.nexusmods.com/mods/1303/images/2529/2529-1642735823-129054308.png,,,2024-4-13,25.8K,视觉效果和图形,Replaces animals and various other things with Pokemon.
36450,巫师的家具,Wizard's Whimsical Furniture,,#家具,https://www.nexusmods.com/stardewvalley/mods/36450,Wizard's Whimsical Furniture,Potatoes,23,https://staticdelivery.nexusmods.com/mods/1303/images/36450/36450-1764970085-305321655.png,,,2025-12-6,3.7K,家具,Replaces the Wizard's catalogue with a more whimsical and maximalist version
39989,缝纫家具-斯迪仔,,,#家具,https://www.nexusmods.com/stardewvalley/mods/39989,stitch Furniture,nofox,23,https://staticdelivery.nexusmods.com/mods/1303/images/39989/39989-1765084818-1695716830.png,,,2025-12-7,163,家具,invite stitch to your stardewvalley!
40017,极简主义猫咪,,,#家具,https://www.nexusmods.com/stardewvalley/mods/40017,Minimalistic Cats,Acc9000,23,https://staticdelivery.nexusmods.com/mods/1303/images/40017/40017-1765144417-791084425.png,,,2025-12-8,115,家具,Wall art of minimalistic cats in various colours. Plenty of combinations!
39782,艾姆的农场动物（合集）,Em's Farm Animals (collection bundle),,#牲畜和动物|#人气新mod,https://www.nexusmods.com/stardewvalley/mods/39782,Em's Farm Animals (collection bundle),RivalRabbit,7,https://staticdelivery.nexusmods.com/mods/1303/images/39782/39782-1765307742-2043357511.png,,,2025-12-11,10.3K,牲畜和动物,A complete bundle of Em's farm animals
8587,祖祖市中心,,,#扩展,https://www.nexusmods.com/stardewvalley/mods/8587,Downtown Zuzu,Zuzu Development Team,27,https://staticdelivery.nexusmods.com/mods/1303/images/8587/8587-1619353650-1203004739.png,,,2024-11-8,453.1K,扩展,So you're playing some Stardew Valley
3753,SVE,Stardew Valley Expanded,,#扩展,https://www.nexusmods.com/stardewvalley/mods/3753,Stardew Valley Expanded,FlashShifter,27,https://staticdelivery.nexusmods.com/mods/1303/images/3753/3753-1764750125-1889220242.png,,,2025-7-1,19.0M,扩展,Stardew Valley Expanded is a fanmade expansion for ConcernedApe's Stardew Valley. This mod adds 28 new NPCs
5787,东斯卡普村/东崖,East Scarp,,#扩展,https://www.nexusmods.com/stardewvalley/mods/5787,East Scarp,LemurKat et all,27,https://staticdelivery.nexusmods.com/mods/1303/images/5787/5787-1762204934-1288413720.png,,,2025-12-18,1.6M,扩展,Welcome to East Scarp
11666,斯托夫顿,,,#扩展,https://www.nexusmods.com/stardewvalley/mods/11666,Stoffton,Lizzie,27,https://staticdelivery.nexusmods.com/mods/1303/images/11666/11666-1662648044-1096227066.jpeg,,,2024-6-5,37.6K,扩展,Stoffton is a thriving mill town located north of Pelican Town. You can access Stoffton by foot if you have Fostoria installed. Otherwise
7286,里奇赛德村,,,#扩展,https://www.nexusmods.com/stardewvalley/mods/7286,Ridgeside Village,Rafseazz and mamaesh - Assisted by RSV Council,27,https://staticdelivery.nexusmods.com/mods/1303/images/7286/7286-1660896468-977490496.png,,,2024-11-13,3.8M,扩展,Ridgeside Village adds over 50 new NPCs
11111,阳莓村,,,#扩展,https://www.nexusmods.com/stardewvalley/mods/11111,Sunberry Village,skellady and sophiesalacia,27,https://staticdelivery.nexusmods.com/mods/1303/images/11111/11111-1725120633-590148613.png,,,2025-12-2,206.2K,扩展,Sunberry Village adds a new town south of Pelican Town with 15+ NPCs
13996,返回矿石镇,,,#扩展,https://www.nexusmods.com/stardewvalley/mods/13996,Return to Mineral Town,Rexstrife20 and the Mineral Town Architects,27,https://staticdelivery.nexusmods.com/mods/1303/images/13996/13996-1737842392-1896709624.png,,,2025-4-13,58.3K,扩展,Welcome to the world and characters that inspired not only Stardew Valley
14635,星露角/星露岬,Cape Stardew,,#扩展,https://www.nexusmods.com/stardewvalley/mods/14635,Cape Stardew,Arony,27,https://staticdelivery.nexusmods.com/mods/1303/images/14635/14635-1690007478-1399277535.png,,,2025-7-14,213.3K,扩展,Cape Stardew: Step into the mysteries of a hidden sea cavern
19730,星露谷峰,Stardew Peaks,,#扩展,https://www.nexusmods.com/stardewvalley/mods/19730,Stardew Peaks,TariVendice,27,https://staticdelivery.nexusmods.com/mods/1303/images/19730/19730-1738275208-1462302204.png,,,2025-1-31,3.8K,扩展,A quiet town
5678,矿产工会,,,#地点,https://www.nexusmods.com/stardewvalley/mods/5678,Mineral Mage,Undare,16,https://staticdelivery.nexusmods.com/mods/1303/images/5678/5678-1585384133-1194871214.png,,,2020-4-30,9.7K,地点,You get a visit from the mysterious Mineral Guild to improve your mining skills with :<br />-9 new machines! (with their recipes to buy)<br />-New area!<br />-Some new faces and shops!<br />-A variety of tips and instructions!.<br />-Works with PFM-Automate!
14858,霍格沃滋,Hogwarts A School of Witchcraft and Wizardry (WIP),,#扩展,https://www.nexusmods.com/stardewvalley/mods/14858,Hogwarts - A School of Witchcraft and Wizardry (WIP),Hogwarts Expansion Team,27,https://staticdelivery.nexusmods.com/mods/1303/images/14858/14858-1735975668-1467622582.png,,,2025-11-30,7.7K,扩展,This mod is an expansion focused in the magical universe of Harry Potter.
30888,博德村,,,#扩展,https://www.nexusmods.com/stardewvalley/mods/30888,Baldur's Village,BV,27,https://staticdelivery.nexusmods.com/mods/1303/images/30888/30888-1741392125-1337242771.png,,,2025-4-5,120.8K,扩展,Baldur's Village is a fan-made expansion that adds Baldur's Gate 3 characters to Stardew Valley. This mod adds 20+ new beautifully drawn characters
23979,法律和秩序SV,,,#扩展,https://www.nexusmods.com/stardewvalley/mods/23979,Law and Order SV,sdvhead,27,https://staticdelivery.nexusmods.com/mods/1303/images/23979/23979-1734932811-252275679.png,,,2025-11-13,86.7K,扩展,Adds a sheriff's office / jail near the community center
27440,星露谷饥荒,Don't Starve in Stardew Valley,,#扩展,https://www.nexusmods.com/stardewvalley/mods/27440,Don't Starve in Stardew Valley,Joegosama,27,https://staticdelivery.nexusmods.com/mods/1303/images/27440/27440-1733690975-877861221.png,,,2025-4-15,6.9K,扩展,Don't Starve in Stardew Valley is a large expansion mod about Don't Starve.This module adds new recipes! crops and their seeds! trees and their products! ingredients! New crab cage harvesting and new crafting machines! New monster drop items! new emails!And so on......
26055,泰拉瑞亚boss,Terraria Bosses,,#扩展,https://www.nexusmods.com/stardewvalley/mods/26055,Terraria Bosses,GlitchedDeveloper,27,https://staticdelivery.nexusmods.com/mods/1303/images/26055/26055-1720853135-124459052.jpeg,,,2024-9-5,1.6K,扩展,Adds bosses from Terraria.
6626,露娜星露谷的迷途者,,,#扩展,https://www.nexusmods.com/stardewvalley/mods/6626,Lunna - Astray in Stardew Valley,Rafseazz,27,https://staticdelivery.nexusmods.com/mods/1303/images/6626/6626-1650350746-1314796341.png,,,2024-4-19,428.9K,扩展,VISUAL OVERHAUL UPDATE!<br />Adds lots of new content! From custom NPCs to new locations to even more!!<br />Check description below!
9642,矮人扩展,The Last Smoluanu A Dwarf Expansion.,,#人物,https://www.nexusmods.com/stardewvalley/mods/9642,The Last Smoluanu - A Dwarf Expansion.,LemurKat,5,https://staticdelivery.nexusmods.com/mods/1303/images/9642/9642-1678009068-1588642284.png,,,2025-11-7,157.9K,人物,Expanding on the character and lore of Dwarf
12345,都林之息（矮人城镇）,,,#扩展,https://www.nexusmods.com/stardewvalley/mods/12345,Durin's Rest,NoFogBob and PaulDunstan,27,https://staticdelivery.nexusmods.com/mods/1303/images/12345/12345-1655518639-1286020870.png,,,2022-11-7,20.1K,扩展,An expansion that adds in a dwarven town! Adds in 7 NPCs
34617,矿工休憩地采石场扩建,Miner's Retreat A Quarry Expansion,,#扩展,https://www.nexusmods.com/stardewvalley/mods/34617,Miner's Retreat - A Quarry Expansion,Azathii,27,https://staticdelivery.nexusmods.com/mods/1303/images/34617/34617-1749231884-1663122233.png,,,2025-7-31,12.7K,扩展,Miner's Retreat adds a cozy new player home
14079,夜城,,,#扩展,https://www.nexusmods.com/stardewvalley/mods/14079,The Night City A big expansion mod,Sarventee,27,https://staticdelivery.nexusmods.com/mods/1303/images/14079/14079-1665401262-846329339.png,,,2024-10-4,20.2K,扩展,The NightTown (夜城）国人大型拓展MOD
20613,The DayBreak黎明,,,#扩展,https://www.nexusmods.com/stardewvalley/mods/20613,The DayBreak,Sansel QinyuKIMIE,27,https://staticdelivery.nexusmods.com/mods/1303/images/20613/20613-1710818804-515595642.jpeg,,,2024-10-4,9.0K,扩展,欢迎来到TDB 这是一处从公交车站台森林左上角可进入的若干个城市地图，拥有被分割的数百个小地图和探索的建筑物，村镇，部落，人物集群等。其中包含着部分主线剧情及其都带有个人线剧情的npc。<br /><br />This is a map of several cities that can be accessed from the upper left
20431,墨西哥蝾螈村,Axolotl Village,,#扩展,https://www.nexusmods.com/stardewvalley/mods/20431,Axolotl Village,otohimexoxo,27,https://staticdelivery.nexusmods.com/mods/1303/images/20431/20431-1715823983-2118318588.png,,,2025-12-14,22.3K,扩展,An expansion mod that adds a new island full of axolotls to meet and befriend! ♡
19376,北部海湾,,,#扩展,https://www.nexusmods.com/stardewvalley/mods/19376,The Northern Gulf,The commission of The Northern Gulf,27,https://staticdelivery.nexusmods.com/mods/1303/images/19376/19376-1710255119-188258122.png,,,2024-3-12,12.3K,扩展,The Northern Gulf
12102,冒险者工会扩大,,,#扩展,https://www.nexusmods.com/stardewvalley/mods/12102,Adventurer's Guild Expanded,SUPERT,27,https://staticdelivery.nexusmods.com/mods/1303/images/12102/12102-1653086591-22091967.png,,,2022-6-28,254.8K,扩展,An expansion for the Adventurer's Guild complete with new quests
34390,莉莉布鲁克,Lilybrook A Stardew Valley Expansion,,#扩展,https://www.nexusmods.com/stardewvalley/mods/34390,Lilybrook - A Stardew Valley Expansion,8BitAlien,27,https://staticdelivery.nexusmods.com/mods/1303/images/34390/34390-1748738262-1085852280.png,,,2025-6-26,45.6K,扩展,Lilybrook adds a new village accessible via the bus which adds 17 new NPCs
11478,福斯托里亚,,,#扩展,https://www.nexusmods.com/stardewvalley/mods/11478,Fostoria,Lizzie,27,https://staticdelivery.nexusmods.com/mods/1303/images/11478/11478-1649090441-494018198.jpeg,,,2024-6-3,35.6K,扩展,Fostoria was once a bustling mining community near Pelican Town. Now largely abandoned
18109,遥远的土地小型女巫沼泽扩展包,,,#扩展,https://www.nexusmods.com/stardewvalley/mods/18109,Distant Lands - A Small Witch Swamp Expansion,Aimon111,27,https://staticdelivery.nexusmods.com/mods/1303/images/18109/18109-1699791363-895397758.png,,,2025-11-28,209.8K,扩展,A small expansion mod for Stardew Valley. This mod changes the look of vanilla Witch Swamp map
23868,天气奇观马厩,Weather Wonders Stable,,#扩展,https://www.nexusmods.com/stardewvalley/mods/23868,Weather Wonders - Stable,Kanadeyoru,27,https://staticdelivery.nexusmods.com/mods/1303/images/23868/23868-1715376144-329932127.png,,,2025-9-26,193.3K,扩展,Custom weathers
649,RTGOAT长寿税收,RTGOAT's Longevity,,#扩展,https://www.nexusmods.com/stardewvalley/mods/649,RTGOAT's Longevity,RTGOAT,27,https://staticdelivery.nexusmods.com/mods/1303/images/649-5-1508215709.png,,,2025-8-24,133.1K,扩展,Overhaul player progression with dynamic item pricing
9600,雾鸣山峰卢米斯特里亚参观瓦皮乌斯山,Lumisteria Visit Mount Vapius,,#扩展,https://www.nexusmods.com/stardewvalley/mods/9600,Lumisteria Visit Mount Vapius,Lumisteria,27,https://staticdelivery.nexusmods.com/mods/1303/images/9600/9600-1711200911-863358232.png,,,2025-5-3,149.6K,扩展,This mod adds a new area to visit
34937,米林珍奇博物馆,Mirin's Museum of Curiosities,,#扩展,https://www.nexusmods.com/stardewvalley/mods/34937,Mirin's Museum of Curiosities,13midnight,27,https://staticdelivery.nexusmods.com/mods/1303/images/34937/34937-1750435915-134202520.png,,,2025-7-20,3.2K,扩展,A small tiny expansion that adds a little corner that acts as a museum.<br />The curator is a very interesting... cat?
15261,烟花节,,,#活动,https://www.nexusmods.com/stardewvalley/mods/15261,Fireworks Festival,violetlizabet,18,https://staticdelivery.nexusmods.com/mods/1303/images/15261/15261-1675901960-604650643.png,,,2024-4-4,22.3K,活动,Adds a summer fireworks festival as well as craftable fireworks.
30138,山谷中的自然（昆虫馆）,,,#扩展,https://www.nexusmods.com/stardewvalley/mods/30138,Nature In The Valley (Catchable Creatures),w8AwA8w,27,https://staticdelivery.nexusmods.com/mods/1303/images/30138/30138-1734963868-1398904866.png,,,2025-7-21,63.7K,扩展,This mod add an animal-crossing-style animal catching system with more than 80 collectable animals spawning across the valley! Includes an insectarium for you to donate all the animals you find for unique rewards and Terrariums to keep creatures as pets!. Includes a framework for other mods to make their own creatures/animals!
10612,【已不兼容】月球上的不幸遭遇,Moon Misadventures,,#扩展,https://www.nexusmods.com/stardewvalley/mods/10612,Moon Misadventures,spacechase0 and paradigmnomad,27,https://staticdelivery.nexusmods.com/mods/1303/images/10612/10612-1641877842-1163628635.png,,,2022-10-30,30.5K,扩展,Want to go to the moon? Now you can!
30982,红熊猫义卖会,Red Panda Bazaar,,#扩展,https://www.nexusmods.com/stardewvalley/mods/30982,Red Panda Bazaar,Lilaoliu WhaleK233,27,https://staticdelivery.nexusmods.com/mods/1303/images/30982/30982-1748084735-543250678.png,,,2025-6-8,37.2K,扩展,Welcome to Red Panda Bazaar!<br />This is a new expansion mod for Stardew Valley which adds 3 new NPCs
32260,被遗忘的森林秘密森林扩展包,,,#扩展,https://www.nexusmods.com/stardewvalley/mods/32260,The Forgotten Woods - A Secret Woods Expansion,Azathii,27,https://staticdelivery.nexusmods.com/mods/1303/images/32260/32260-1741569932-1718301392.png,,,2025-12-15,32.4K,扩展,A Secret Woods expansion adding new maps to the game for foragers and adventurers alike! Plant trees for wood
18465,星露德鲁伊,Stardew Druid,,#扩展,https://www.nexusmods.com/stardewvalley/mods/18465,Stardew Druid,Neosinf,27,https://staticdelivery.nexusmods.com/mods/1303/images/18465/18465-1743997130-1283799962.png,,,2025-4-20,113.2K,扩展,Adds unique
34093,东方Mystia的居酒屋,,,#扩展,https://www.nexusmods.com/stardewvalley/mods/34093,Touhou Mystia's Izakaya,Tozniz,27,https://staticdelivery.nexusmods.com/mods/1303/images/34093/34093-1747588912-1463890739.png,,,2025-9-1,3.7K,扩展,Adds some recipes for the cuisine and beverages of Touhou Mystia's Izakaya. English and Chinese supported.
32872,下坡计划 自定义 NPC 的扩展地图,,,#扩展,https://www.nexusmods.com/stardewvalley/mods/32872,Downhill Project - Expanded Map for Custom NPCs,Kiyugamods,27,https://staticdelivery.nexusmods.com/mods/1303/images/32872/32872-1752867044-545730949.png,,,2025-11-16,68.9K,扩展,An old and forgotten neighborhood. Once busy with mining
11689,NUVM 村庄移动版新更新,,,#扩展,https://www.nexusmods.com/stardewvalley/mods/11689,NUVM - New Update Village Mobile,DuduBertol,27,https://staticdelivery.nexusmods.com/mods/1303/images/11689/11689-1650048419-1402510110.png,,,2022-4-16,1.5K,扩展,[Mobile Version] New Update Village is a fan-created village added to Stardew Valley. Its additions to the game include new modifications
11366,NUV 新更新村庄,,,#扩展,https://www.nexusmods.com/stardewvalley/mods/11366,NUV - New Update Village,DuduBertol,27,https://staticdelivery.nexusmods.com/mods/1303/images/11366/11366-1647700940-1461520823.png,,,2022-6-21,4.8K,扩展,New Update Village is a fan-made village added to Stardew Valley. Its additions to the game include new modifications
26839,刘梓晨坐骑,,,#宠物和马|#稀奇古怪,https://www.nexusmods.com/stardewvalley/mods/26839,Liu Zichen's kindness will be ridden,boxi,8,https://staticdelivery.nexusmods.com/mods/1303/images/26839/26839-1723201033-39160676.png,,,2024-8-9,6.3K,宠物/马,Changed the pony texture to Liu Zichen
24357,交税,,,#游戏机制|#稀奇古怪,https://www.nexusmods.com/stardewvalley/mods/24357,Serfdom - Realistic Taxes,Arleau,3,https://staticdelivery.nexusmods.com/mods/1303/images/24357/24357-1716581089-194532717.jpeg,,,2025-9-15,9.1K,游戏机制,Provides realistic income and property taxation mechanics.
35087,新npc道尔顿,,,#新角色,https://www.nexusmods.com/stardewvalley/mods/35087,Daulton and Maple - A Custom NPC Mod,bigsquishy0,24,https://staticdelivery.nexusmods.com/mods/1303/images/35087/35087-1750898881-1240554120.png,,,2025-10-26,72.5K,新角色,Adds Daulton
34255,玛尼x马龙,,,#活动,https://www.nexusmods.com/stardewvalley/mods/34255,Marnie x Marlon,Jierishi,18,https://staticdelivery.nexusmods.com/mods/1303/images/34255/34255-1748219698-1017209523.png,,,2025-9-25,10.3K,活动,A relationship mod expanding Marnie's storyline around Marlon.
8569,偷东西,,,#作弊|#稀奇古怪,https://www.nexusmods.com/stardewvalley/mods/8569,Shoplifter,TheMightyAmondee,11,https://staticdelivery.nexusmods.com/mods/1303/images/8569/8569-1619174319-1751496009.png,,,2025-7-10,93.5K,作弊,Tired of paying high prices? Or are you just tired of Marnie staring at the microwave? This mod adds the ability to shoplift certain stores... just don't get caught!
24635,捡蘑菇,,,#农作物|#稀奇古怪,https://www.nexusmods.com/stardewvalley/mods/24635,More Mushrooms as Forage - Chinese1.6,Tea,14,https://staticdelivery.nexusmods.com/mods/1303/images/24635/24635-1716982734-1736716420.png,,,2024-5-29,3.1K,农作物,是More Mushrooms as Forage（更多蘑菇作为觅食）模组的中文译本。翻译了好久我要晕了——一定要看简介！
36145,养萨摩耶,,,#宠物和马,https://www.nexusmods.com/stardewvalley/mods/36145,Samoyed dog,Ishr,8,https://staticdelivery.nexusmods.com/mods/1303/images/36145/36145-1753797420-1551447681.png,,,2025-7-29,5.3K,宠物/马,来养一只可爱耶耶吧。Let's get a cute Samoyed.
9052,催眠,,,#游戏机制|#稀奇古怪,https://www.nexusmods.com/stardewvalley/mods/9052,Hypno Valley,Kryspur,3,https://staticdelivery.nexusmods.com/mods/1303/images/9052/9052-1625465525-1723196240.png,,,2025-1-14,66.6K,游戏机制,Adds hypnotic items and tools into the game. Also adds a trance mechanic and a new character to sell the player the new items and abilities.
32045,地球农场,,,#地图,https://www.nexusmods.com/stardewvalley/mods/32045,Earth Farm,xc333222,21,https://staticdelivery.nexusmods.com/mods/1303/images/32045/32045-1740927042-1212176737.png,,,2025-3-2,202,地图,Added a new farm type: Earth Farm
23412,鹈鹕镇党群活动中心,,,#各种各样的|#稀奇古怪,https://www.nexusmods.com/stardewvalley/mods/23412,Ferngill Party and Mass Service Center,Itivuttakam,2,https://staticdelivery.nexusmods.com/mods/1303/images/23412/23412-1714396919-1870710615.png,,,2025-3-28,1.7K,各种各样的,对星露谷方方面面的文字进行了“如在身边”的修改和编辑，想做一个很棒的中式核心。名字只是整活，传达一种感觉。
10378,开潘姆公交车,,,#游戏机制|#稀奇古怪,https://www.nexusmods.com/stardewvalley/mods/10378,Calico Desert Bus,blueberry,3,https://staticdelivery.nexusmods.com/mods/1303/images/10378/10378-1758195508-595768353.png,,,2025-9-13,655,游戏机制,There's 360 miles to the Calico Desert
32830,御剑飞行,,,#游戏机制|#稀奇古怪,https://www.nexusmods.com/stardewvalley/mods/32830,Flying Weapon Mount Mod,Darkmushu1,3,https://staticdelivery.nexusmods.com/mods/1303/images/32830/32830-1743493583-257972188.jpeg,,,2025-9-12,1.2K,游戏机制,Ride your current weapon as a mount at the cost of stamina drain. Allows you to switch weapon skin to existing mod assets to ride as your flying mount. Can now be learned as an Ability with level up if you have Unified Experience System Install
36952,几款暖暖发型、配饰,,,#衣服|#暖暖,https://www.nexusmods.com/stardewvalley/mods/36952,Nikki hairstyle and accessories,BeiYuan,13,https://staticdelivery.nexusmods.com/mods/1303/images/36952/36952-1756024989-153130381.png,,,2025-8-24,699,衣服,Hairstyles and accessories from Nikki
36962,三套无限暖暖的经典服装,,,#衣服|#暖暖,https://www.nexusmods.com/stardewvalley/mods/36962,Nikki Clothing,luoli,13,https://staticdelivery.nexusmods.com/mods/1303/images/36962/36962-1756027398-1274961623.png,,,2025-8-24,6.9K,衣服,三套FS模式来自于游戏无限暖暖中的服装
36925,无限暖暖的花漾梦萦套装,,,#衣服|#暖暖,https://www.nexusmods.com/stardewvalley/mods/36925,FS Nikki_Whispering Blossom,DanTa8045,13,https://staticdelivery.nexusmods.com/mods/1303/images/36925/36925-1755942112-298441712.png,,,2025-8-23,1.1K,衣服,无限暖暖里的花漾梦萦服装！恭喜联动！
36944,无限暖暖作物,,,#农作物|#暖暖,https://www.nexusmods.com/stardewvalley/mods/36944,Nikki and Love,Long,14,https://staticdelivery.nexusmods.com/mods/1303/images/36944/36944-1755990252-590841870.jpg,,,2025-8-24,1.9K,农作物,来自《无限暖暖》游戏中的作物，通过CP格式添加为新作物
23777,暖暖六套衣服,,,#衣服|#暖暖,https://www.nexusmods.com/stardewvalley/mods/23777,FS-HD-Luoxue Shining Nikki,Luoxue0426,13,https://staticdelivery.nexusmods.com/mods/1303/images/23777/23777-1741793068-1882379657.png,,,2025-3-12,1.8K,衣服,服裝外觀來源為❤️閃耀暖暖❤️遊戲<br /><br />❤️慾望之音❤️<br /><br />❤️璀璨之約❤️<br /><br />❤️星渚之望❤️<br />-------------<br />更新日誌<br />新增<br />奇蹟暖暖系列<br />♥️璀璨星河♥️ ♥️莓粉搖滾♥️ ♥️白天鵝♥️
36870,无限暖暖公式服和看板,,,#衣服|#暖暖,https://www.nexusmods.com/stardewvalley/mods/36870,FS Infinity Nikki Suit,Yuyan,13,https://staticdelivery.nexusmods.com/mods/1303/images/36870/36870-1755773460-349100740.png,,,2025-8-27,10.0K,衣服,无限暖暖的公式服和看板两套！！<br />恭喜联动！！
29879,星之海、星之梦套装,,,#衣服|#暖暖,https://www.nexusmods.com/stardewvalley/mods/29879,GuoRen's Nikki Sea of Stars,LuoLI and GuoRen,13,https://staticdelivery.nexusmods.com/mods/1303/images/29879/29879-1733406890-1192060574.jpeg,,,2024-12-5,11.4K,衣服,灵感来自于中国游戏《奇迹暖暖》《闪耀暖暖》<br />这是主角暖暖的星之海和星之梦套装 对于暖暖和玩家来说都具有特殊意义
23561,主角的两套经典服装,,,#衣服|#暖暖,https://www.nexusmods.com/stardewvalley/mods/23561,GuoRen's Nikki Poetic Blooming Clothing,GuoRen,13,https://staticdelivery.nexusmods.com/mods/1303/images/23561/23561-1714658899-861144441.jpeg,,,2024-5-2,21.7K,衣服,灵感来自于中国游戏《奇迹暖暖》《闪耀暖暖》 这是主角暖暖的两套经典服装 把星露谷变成真正的星露暖暖谷吧 希望你能喜欢^^
30489,无限暖暖出货箱（无限宝箱）,,,#建筑|#暖暖,https://www.nexusmods.com/stardewvalley/mods/30489,Nikki Infinity Box,Sisa,17,https://staticdelivery.nexusmods.com/mods/1303/images/30489/30489-1735717355-1044047100.jpeg,,,2025-1-1,2.4K,建筑,将运输箱美化为暖暖的无限宝箱。
33154,闪耀暖暖的十顶稀有帽子,,,#衣服|#暖暖,https://www.nexusmods.com/stardewvalley/mods/33154,Nikki ten rare hats,Sisa,13,https://staticdelivery.nexusmods.com/mods/1303/images/33154/33154-1744466965-664936524.jpeg,,,2025-4-17,5.9K,衣服,复刻了闪耀暖暖中稀有品质的十顶帽子。
33685,无限暖暖浴巾,,,#衣服|#暖暖,https://www.nexusmods.com/stardewvalley/mods/33685,bei yuan's Dress up with an Infinity Nikki bath towel,BeiYuan23,13,https://staticdelivery.nexusmods.com/mods/1303/images/33685/33685-1746154423-1172187061.png,,,2025-5-2,244,衣服,A new pack inspired by Infinity Nikki<br />灵感源于无限暖暖的新礼包
30039,无限暖暖服装（大喵）,,,#衣服|#暖暖,https://www.nexusmods.com/stardewvalley/mods/30039,HDNikki,Long,13,https://staticdelivery.nexusmods.com/mods/1303/images/30039/30039-1734015673-1255569129.jpeg,,,2024-12-12,2.9K,衣服,来自游戏《无限暖暖》的两套服装，包含三款发型，两件裙子，以及一件动态配饰：主角苏暖暖的伙伴大喵<br /><br />由于是高倍服饰，发型前面可能会被服装遮住，所以其中一条裙子搭配了袖子
18887,Emily the Mixologist🍾 调酒师艾米丽,,,#游戏机制,https://www.nexusmods.com/stardewvalley/mods/18887,Emily the Mixologist - Cocktail and Mocktail Shop and Special Orders,Airyn,3,https://staticdelivery.nexusmods.com/mods/1303/images/18887/18887-1698486015-1626110461.png,,,2025-5-18,36.3K,游戏机制,Expands on Himetarts &amp; Wildflour's HxW Mixology 101 by adding a shop for Emily to sell them at the saloon
18717,HxW Mixology 101 调酒101,,,#项目,https://www.nexusmods.com/stardewvalley/mods/18717,HXW Mixology 101,HimeTarts and WildflourMods,15,https://staticdelivery.nexusmods.com/mods/1303/images/18717/18717-1711205822-2084922713.png,,,2024-11-22,78.3K,项目,Adds 50+ new recipes and crafting items focused on craft cocktails
37197,扇鱼一巴掌,,,#钓鱼|#稀奇古怪,https://www.nexusmods.com/stardewvalley/mods/37197,FishSlap,tata,26,https://staticdelivery.nexusmods.com/mods/1303/images/37197/37197-1756727371-189893361.png,,,2025-9-2,1.4K,钓鱼,Adds a fun tweak to fishing: if catching a fish takes more than 15 seconds
12186,季节性哥特式建筑,,,#建筑,https://www.nexusmods.com/stardewvalley/mods/12186,IdaIda's Seasonal Gothic Buildings (for CP and AT),IdaIda,17,https://staticdelivery.nexusmods.com/mods/1303/images/12186/12186-1653652628-646817222.png,,,2024-4-14,116.7K,建筑,Gothic/witchy look for all the farm buildings.
34624,沼泽的巫师农场建筑,,,#建筑,https://www.nexusmods.com/stardewvalley/mods/34624,Bog's Witchy Farm Buildings,BogWyytch and Abagaianye,17,https://staticdelivery.nexusmods.com/mods/1303/images/34624/34624-1761911424-1602334939.png,,,2025-12-11,19.6K,建筑,ITS FINALLY HERE bundled together and full complete set of my Witchy Farm Buildings! SEASONAL VARIANTS GALORE and config options to customize a little bit further. For the goblins
27631,沼泽农场地图,,,#地图,https://www.nexusmods.com/stardewvalley/mods/27631,Aimon's Small Swamp Farm,Aimon111,21,https://staticdelivery.nexusmods.com/mods/1303/images/27631/27631-1725892096-1650694278.png,,,2025-12-5,19.2K,地图,A small swamp themed farm map with some special tweaks and features.
28948,沼泽地图的泥土和草重新着色,,,#视觉效果和图形,https://www.nexusmods.com/stardewvalley/mods/28948,Aimon's Witchy Dirt and Grass Recolor,Aimon111,25,https://staticdelivery.nexusmods.com/mods/1303/images/28948/28948-1763748910-788374950.png,,,2025-12-3,13.5K,视觉效果和图形,Changes dirt and grass colors into witchy swamp themed palettes. Fully configurable and compatible with other recolor mods!
30553,乡村农场建筑,,,#建筑,https://www.nexusmods.com/stardewvalley/mods/30553,Nano's Countryside Farm Buildings,NanoIsNotRobot,17,https://staticdelivery.nexusmods.com/mods/1303/images/30553/30553-1735914856-1276008378.png,,,2025-7-28,78.8K,建筑,Retextures for farm buildings
26892,HxW家具目录,,,#家具,https://www.nexusmods.com/stardewvalley/mods/26892,HxW Everything Catalogue,Himetarts and Wildflour,23,https://staticdelivery.nexusmods.com/mods/1303/images/26892/26892-1723343329-457277360.png,,,2025-2-22,103.1K,家具,Adds a catalogue that includes all HxW mods currently installed.
28572,季节性传送塔和黄金钟,,,#建筑,https://www.nexusmods.com/stardewvalley/mods/28572,Seasonal Elfflower Obelisks and Goldclock,umganil,17,https://staticdelivery.nexusmods.com/mods/1303/images/28572/28572-1729011184-157546367.png,,,2024-10-16,15.4K,建筑,更改了方尖碑和黄金钟的季节性外观
30073,魔法帽,,,#衣服,https://www.nexusmods.com/stardewvalley/mods/30073,FS Magic hat,vvyaoy,13,https://staticdelivery.nexusmods.com/mods/1303/images/30073/30073-1734173338-1989162226.png,,,2024-12-14,2.7K,衣服,一顶女巫的魔法帽
29703,季节性肖像美化,,,#肖像,https://www.nexusmods.com/stardewvalley/mods/29703,Fishking's All Seasonal Portraits,Fishking,6,https://staticdelivery.nexusmods.com/mods/1303/images/29703/29703-1732515437-135825624.png,,,2025-1-13,11.0K,肖像,此版本的美化需要前置季节性服装 - 略带可爱美学
28968,Guxelbit的目录（原版风格家具）,,,#家具,https://www.nexusmods.com/stardewvalley/mods/28968,Guxelbit's Catalog,guxelbit,23,https://staticdelivery.nexusmods.com/mods/1303/images/28968/28968-1730256663-769280229.png,,,2024-12-27,37.1K,家具,Adds vanilla style furnitures to the game without replacing the original.
29949,性转玛尼的行走图和肖像,,,#肖像,https://www.nexusmods.com/stardewvalley/mods/29949,WU-Bad Marnie,xiaowugogo,6,https://staticdelivery.nexusmods.com/mods/1303/images/29949/29949-1733729068-1342825773.jpeg,,,2025-1-24,10.1K,肖像,
28769,sve的马龙行走图和肖像,,,#肖像,https://www.nexusmods.com/stardewvalley/mods/28769,WU-Marlon and Gil for Stardew Valley Expanded,xiaowugogo,6,https://staticdelivery.nexusmods.com/mods/1303/images/28769/28769-1729600949-475340371.jpeg,,,2025-3-7,5.8K,肖像,
29820,性转潘姆的行走图和肖像,,,#肖像,https://www.nexusmods.com/stardewvalley/mods/29820,WU-Pam,xiaowugogo,6,https://staticdelivery.nexusmods.com/mods/1303/images/29820/29820-1733059281-1698113939.jpeg,,,2025-1-23,4.2K,肖像,
26593,为星露谷添加魔法,,,#游戏机制|#稀奇古怪,https://www.nexusmods.com/stardewvalley/mods/26593,Magic by Neosinf,Neosinf,3,https://staticdelivery.nexusmods.com/mods/1303/images/26593/26593-1744001031-2110376471.png,,,2024-8-2,3.9K,游戏机制,The definitive magic experience for Stardew Valley 1.6. Six schools of magic
29007,把马变成扫帚,,,#宠物和马|#稀奇古怪,https://www.nexusmods.com/stardewvalley/mods/29007,Witch's Broom Horse Replacement,voltaek,8,https://staticdelivery.nexusmods.com/mods/1303/images/29007/29007-1730393133-1113620140.png,,,2024-11-1,5.7K,宠物/马,The witch visited your farm and transmogrified your horse to match her magic flying broom! Luckily it seems to still enjoy carrots and being ridden around the valley.
6647,风效果,,,#视觉效果和图形|#稀奇古怪,https://www.nexusmods.com/stardewvalley/mods/6647,Wind Effects,Cat,25,https://staticdelivery.nexusmods.com/mods/1303/images/6647/6647-1597547305-12164500.png,,,2020-8-17,344.0K,视觉效果和图形,Wind now blows through Stardew Valley. Watch your crops
36194,快速保存和加载进度,,,#对话|#必下mod,https://www.nexusmods.com/stardewvalley/mods/36194,Walk Of Life - Spanish,Eddy Stalin,20,https://staticdelivery.nexusmods.com/mods/1303/images/36194/36194-1753932410-484580473.png,,,2025-8-11,278,对话,Traduccion al español de Walk Of Life - Profession Overhaul
25920,第一年每天获得一份礼物,,,#作弊,https://www.nexusmods.com/stardewvalley/mods/25920,Housewarming Gifts By Mail,Br1ghtEy3s,11,https://staticdelivery.nexusmods.com/mods/1303/images/25920/25920-1720400988-1229330274.png,,,2024-7-8,10.6K,作弊,Gives the farmer a gift by mail everyday for the first year!
26599,新增鸟类,,,#牲畜和动物,https://www.nexusmods.com/stardewvalley/mods/26599,Eurasian Birds for Ornithologist's Guild,Mazout,7,https://staticdelivery.nexusmods.com/mods/1303/images/26599/26599-1722618864-1508545027.png,,,2024-8-16,12.2K,牲畜和动物,Adds 15 species of Eurasian (and Africa overwintering species!) birds for an even more lively valley and fun birding. (Traduction française intégrée !)
32757,平衡性大修mod,,,#游戏机制,https://www.nexusmods.com/stardewvalley/mods/32757,Stardew Valley Balance Overhaul - Continued (DISCONTINUED),Minothilos,3,https://staticdelivery.nexusmods.com/mods/1303/images/32757/32757-1743361678-696375793.png,,,2025-6-9,4.4K,游戏机制,Rebalances almost every aspect of the Vanilla Game
31511,齐先生可婚,,汉化32229,#人物|#可婚,https://www.nexusmods.com/stardewvalley/mods/31511,(CP) Friendable Mr.Qi,AngelOfStars,5,https://staticdelivery.nexusmods.com/mods/1303/images/31511/31511-1747085280-1515731092.png,,,2025-10-19,28.0K,人物,Turns Mr.Qi into a fully friendable and marriable NPC with heart events
39379,猫露谷,,,#用户界面|#人气新mod,https://www.nexusmods.com/stardewvalley/mods/39379,Cat Valley(Interface),RimeNovi,10,https://staticdelivery.nexusmods.com/mods/1303/images/39379/39379-1763273978-1367259542.jpg,,,2025-11-22,48.4K,用户界面,cat-inspired UI theme
39057,五谷丰登,,,#项目|#人气新mod,https://www.nexusmods.com/stardewvalley/mods/39057,Cornucopia - Cooking Recipes,Cornucopia,15,https://staticdelivery.nexusmods.com/mods/1303/images/39057/39057-1763318555-1877361240.png,,,2025-12-5,26.8K,项目,A configurable cooking expansion mod that adds lots of recipes from Ferngill and beyond for you to discover in your game!
39745,维多利亚家具,,,#家具|#人气新mod,https://www.nexusmods.com/stardewvalley/mods/39745,PC's Victorian Furniture,PlatinumCats,23,https://staticdelivery.nexusmods.com/mods/1303/images/39745/39745-1764406621-2022367851.jpg,,,2025-11-29,9.9K,家具,A Victorian-themed furniture pack for your farmhouse.
39041,鹈鹕镇秘史,,,#活动|#人气新mod,https://www.nexusmods.com/stardewvalley/mods/39041,Stardew Valley Explained,Dolphin Is Not a Fish,18,https://staticdelivery.nexusmods.com/mods/1303/images/39041/39041-1762555138-577891806.png,,,2025-11-29,4.0K,活动,An assortment of events that will answer the Stardew Valley community’s most burning questions!
39407,重新着色,,,#视觉效果和图形|#人气新mod,https://www.nexusmods.com/stardewvalley/mods/39407,Kookiefroggie's Recolor,Kookiefroggie,25,https://staticdelivery.nexusmods.com/mods/1303/images/39407/39407-1763959246-1252008118.jpg,,,2025-12-23,4.4K,视觉效果和图形,A seasonal recolor that let's you enjoy the game like never before! Keeps grass
38014,怪物美化,,,#视觉效果和图形|#人气新mod,https://www.nexusmods.com/stardewvalley/mods/38014,Bog's Monster Mash,BogWyytch and Abagaianye,25,https://staticdelivery.nexusmods.com/mods/1303/images/38014/38014-1759183520-893739686.png,,,2025-11-20,13.2K,视觉效果和图形,OCTOBER 2025 MOD OF THE MONTH! Retextures vanilla monsters and adds different rarity based variants! Special Super Rare variants and special drops to spice up your time in the mines. Of course they are BOGGIFIED.
38381,自动切换服装,,,#衣服|#人气新mod,https://www.nexusmods.com/stardewvalley/mods/38381,Auto-change Outfits,ahomiepassingby,13,https://staticdelivery.nexusmods.com/mods/1303/images/38381/38381-1760237282-1078796380.png,,,2025-11-17,7.9K,衣服,Change your outfits automatically using Fashion Sense
13426,平衡性大修,,,#游戏机制,https://www.nexusmods.com/stardewvalley/mods/13426,Stardew Valley Balance Overhaul,Theoddon and Minothilos,3,https://staticdelivery.nexusmods.com/mods/1303/images/13426/13426-1755460367-103055413.png,,,2025-11-21,23.4K,游戏机制,"Rebalances sell prices, shops, crafting recipes, artisan goods processing, monsters, building costs, food buffs, community center bundles, and just about everything."
40112,CP风铃邮局家具,,添加200件新家具,#家具|#人气新mod,https://www.nexusmods.com/stardewvalley/mods/40112,Wind Bell Post Office Furniture (CP Add),labixiaoluwan,23,https://staticdelivery.nexusmods.com/mods/1303/images/40112/40112-1765435451-261930385.jpg,,,2025-12-11,3.5K,家具,Add 200 new pieces of furniture to your game.
15618,天空农场,,,#地图,https://www.nexusmods.com/stardewvalley/mods/15618,Zenith Farm,DaisyNiko,21,https://staticdelivery.nexusmods.com/mods/1303/images/15618/15618-1677287232-1199846628.png,,1.5,2025-7-14,90.5K,地图,a farm map high atop the mountains with a beautiful view of the valley below
40483,光影,,,#视觉效果和图形,https://www.nexusmods.com/stardewvalley/mods/40483,Global God Rays,Spiderbuttons,25,https://staticdelivery.nexusmods.com/mods/1303/images/40483/40483-1766431559-1603908778.png,,1.0.1,2025-12-23,3.3K,视觉效果和图形,Render gorgeous sun beams in outdoor locations during the day.
23098,土地着色,,,#游戏机制,https://www.nexusmods.com/stardewvalley/mods/23098,Groceries,cupoflifenoodles,3,https://staticdelivery.nexusmods.com/mods/1303/images/23098/23098-1713900160-1914947932.png,,,2024-4-25,21.7K,游戏机制,"Marnie now sells basic milk and eggs to help with cooking. Once the sewing machine is unlocked, she also sells cloth."
23742,滤镜,,,#视觉效果和图形,https://www.nexusmods.com/stardewvalley/mods/23742,Nightshade - In-Game Color Reshader,ichortower,25,https://staticdelivery.nexusmods.com/mods/1303/images/23742/23742-1715095397-1476653573.png,,1.0.5,2024-5-27,21.7K,视觉效果和图形,"Recolor your entire game with a pixel shader! This alternative to ReShade is a SMAPI mod, so it also works on Mac and Linux. <br />Also includes a depth-of-field (""tilt-shift"") shader, for fun."
27190,可口可乐,,将joja可乐替换贴图为红罐可口可乐,#地图|#稀奇古怪,https://www.nexusmods.com/stardewvalley/mods/27190,cocacola,fantaz,21,https://staticdelivery.nexusmods.com/mods/1303/images/27190/27190-1724322771-165950819.png,,,2024-8-22,76,地图,将joja可乐替换贴图为红罐可口可乐 后续更新版本将陆续把joja的内容替换为红色系列
27236,麦当劳,,增加了9款麦当劳食物，在GUS酒吧购买配方,#地图|#稀奇古怪,https://www.nexusmods.com/stardewvalley/mods/27236,Mcdonalds,fantaz,21,https://staticdelivery.nexusmods.com/mods/1303/images/27236/27236-1724427734-322739828.png,,,2024-8-23,638,地图,在鹈鹕镇吃点麦当劳吧！
25088,三丽鸥玩偶,,AT为游戏增加了二十多个三丽鸥毛绒玩具,#家具|#二次元,https://www.nexusmods.com/stardewvalley/mods/25088,Sanrio Plushies,otohimexoxo,23,https://staticdelivery.nexusmods.com/mods/1303/images/25088/25088-1730016779-143089140.png,,,2024-10-27,15.5K,家具,Adds 20+ Sanrio plushies to the game
40300,黎深新NPC,,黎深 可婚独立NPC，可与女性玩家生育小孩，黎深专属地图、小屋,#新角色|#二次元|#乙游,https://www.nexusmods.com/stardewvalley/mods/40300,LYSK_Zayne's Mod,MOLiNaiLvMianMianBing,24,https://staticdelivery.nexusmods.com/mods/1303/images/40300/40300-1765941389-258341686.jpg,,2.0.0,2025-12-24,609,新角色,这是一个基于恋与深空男主黎深建设的MOD<br />黎深作为可婚NPC，拥有对话、送礼、结婚、生孩子以及参加各种节日活动的功能，可触发多个好感剧情。<br />特别制作茉莉花、马卡龙、开心番茄、老棒冰、黎深婚戒等专属物品、新建黎深专属地图与专属小屋
40309,冬季树简单的叶片,,,#视觉效果和图形,https://www.nexusmods.com/stardewvalley/mods/40309,(CP x SC) Animated Festive Winter Tree - Simple Foliage,Shyzie,25,https://staticdelivery.nexusmods.com/mods/1303/images/40309/40309-1766277938-1034716898.gif,,1.0.0,2025-12-21,680,视觉效果和图形,"Now for Content Patcher and Spacecore! Inspired by Animal Crossing, on the days before the Feast of the Winter Star, all pine trees will have animated holiday lights on them, or optionally have them on all Winter!<br />A remake of the original Animated Festive Winter Tree mod by Paradigmnomad using Simple Foliage retexture and various recolors."
26027,地图着色,,,#视觉效果和图形,https://www.nexusmods.com/stardewvalley/mods/26027,(CP) Dustbeauty's Stardew Foliage and Recolor,Novaphene,25,https://staticdelivery.nexusmods.com/mods/1303/images/26027/26027-1720792495-2088811656.png,,2.0.0,2024-8-3,37.1K,视觉效果和图形,An updated version of the foliage and recolor.
5255,地图着色,,,#视觉效果和图形,https://www.nexusmods.com/stardewvalley/mods/5255,DaisyNiko's Earthy Recolour,DaisyNiko,25,https://staticdelivery.nexusmods.com/mods/1303/images/5255/5255-1663637218-706652866.png,,1.4.4,2024-11-9,2.3M,视觉效果和图形,"a warm, earth-toned recolour that's easy on the eyes"
36292,地图着色,,,#视觉效果和图形,https://www.nexusmods.com/stardewvalley/mods/36292,Yri's Retro Recolor-1.6 Community Patch by Wu,Wuxi859359 Original author-YriKururu,25,https://staticdelivery.nexusmods.com/mods/1303/images/36292/36292-1754238056-1879497664.jpg,,,2025-8-30,5.4K,视觉效果和图形,"the update version of old recolor mod,now can work on 1.6"
1213,自然色滤镜,,,#视觉效果和图形,https://www.nexusmods.com/stardewvalley/mods/1213,Natural Color - ReShade,Illuzio,25,https://staticdelivery.nexusmods.com/mods/1303/images/1213/1213-1638665102-608383252.png,,,2024-3-23,567.7K,视觉效果和图形,Changes the colors of the game to make them more natural.
14524,城镇外部美化,,,#建筑,https://www.nexusmods.com/stardewvalley/mods/14524,Elle's Town Buildings,Elle,17,https://staticdelivery.nexusmods.com/mods/1303/images/14524/14524-1698440370-854772416.png,,1.0.0,2024-8-17,272.6K,建筑,A Content Patcher pack for seasonal replacements of all the buildings around Pelican Town.
6098,城镇内部美化,,,#室内设计,https://www.nexusmods.com/stardewvalley/mods/6098,Rustic Country Town Interiors,Hesper,19,https://staticdelivery.nexusmods.com/mods/1303/images/6098/6098-1590571367-2115628251.gif,,,2021-1-2,645.7K,室内设计,Rustic country style is trending in Stardew Valley. The new interior designer was hired to do a home makeover for all the townsfolk.
27560,中式鸡舍,,,#建筑,https://www.nexusmods.com/stardewvalley/mods/27560,(AT)Chinese Coop by Song Ke,SongKe,17,https://staticdelivery.nexusmods.com/mods/1303/images/27560/27560-1725699973-836093099.jpeg,,,2024-9-7,8.5K,建筑,This is a seasonal Chinese coop.
30986,中式畜棚&谷仓,,,#建筑,https://www.nexusmods.com/stardewvalley/mods/30986,(AT)Chinese Barn and Silo by Song Ke,SongKe,17,https://staticdelivery.nexusmods.com/mods/1303/images/30986/30986-1737276083-295441714.jpeg,,,2025-1-19,5.1K,建筑,Seasonal Chinese barn and silo. Two types of barns and four types of silos.
31797,Cocumit的季节性农舍,,,#建筑,https://www.nexusmods.com/stardewvalley/mods/31797,CocumiT's Farmhouse (Seasonal),Tcocumi,17,https://staticdelivery.nexusmods.com/mods/1303/images/31797/31797-1740057254-1426852046.jpeg,,,2025-3-18,24.8K,建筑,Seasonal farmhouse with at and cp modes
32222,19世纪的季节性农舍,,,#建筑,https://www.nexusmods.com/stardewvalley/mods/32222,19'S SEASONAL BUILDINGS,19,17,https://staticdelivery.nexusmods.com/mods/1303/images/32222/32222-1741471339-90441776.jpeg,,,2025-5-6,40.1K,建筑,农夫第一次做自建房~
16718,仙女喷泉,,,#建筑,https://www.nexusmods.com/stardewvalley/mods/16718,HxW Fairy Fountain Furniture,Himetarts and Wildflour,17,https://staticdelivery.nexusmods.com/mods/1303/images/16718/16718-1715728982-1730309246.png,,,2024-11-4,143.8K,建筑,.Whimsical fountains for Content Patcher
26752,仙女喷泉的重新着色,,,#家具,https://www.nexusmods.com/stardewvalley/mods/26752,(AT) Muski's Recolor of HxW's Fairy Fountain Furniture,KawaiiMuski,23,https://staticdelivery.nexusmods.com/mods/1303/images/26752/26752-1740960009-1500667276.png,,1.1.0,2025-3-3,21.8K,家具,"An Alternative Textures pack featuring a few softer, more toned-down recolors of HimeTarts and Wildflourmods's ""HxW Fairy Fountain Furniture"".<br />Includes recolored tilesheets for the original CP mod if you prefer :)<br />Feel free to suggest more color options!"
26026,季节性地板美化,,,#家具,https://www.nexusmods.com/stardewvalley/mods/26026,(AT) Dustbeauty's Seasonal Path and Flooring,Novaphene,23,https://staticdelivery.nexusmods.com/mods/1303/images/26026/26026-1720791564-1493856932.png,,1.0.0,2024-7-12,35.4K,家具,Bless your floors and paths with Dustbeauty's seasonal flooring~ Now compatible with SDV 1.6!
20973,灯笼美化,,,#家具,https://www.nexusmods.com/stardewvalley/mods/20973,(CP x AT) Shyzie's String Lights,Shyzie,23,https://staticdelivery.nexusmods.com/mods/1303/images/20973/20973-1711321054-1984885024.gif,,2.0.1,2025-8-5,58.9K,家具,A variety of fairy string lights for decoration. ✩ Indoors + Outdoors! ✩ For Content Patcher and Alternative Textures.
26211,魔法山谷UI,,,#用户界面,https://www.nexusmods.com/stardewvalley/mods/26211,Magical Valley (Interface),HReenna,10,https://staticdelivery.nexusmods.com/mods/1303/images/26211/26211-1721430874-1456645380.png,,,2024-11-23,71.3K,用户界面,The mod file for the Interface in the Magical Valley theme.
25905,魔法山谷工具包,,,#项目,https://www.nexusmods.com/stardewvalley/mods/25905,Magical Valley (ToolsnWeapons),HReenna,15,https://staticdelivery.nexusmods.com/mods/1303/images/25905/25905-1720358002-1228488891.png,,,2024-11-23,54.0K,项目,The mod file for the Tools&amp;Weapons in the Magical Valley theme.
23095,柔和缓慢的季节,,,#视觉效果和图形,https://www.nexusmods.com/stardewvalley/mods/23095,Soft Slow Seasons,nuupon,25,https://staticdelivery.nexusmods.com/mods/1303/images/23095/23095-1714282599-417735382.png,,1.6.4-beta,2025-5-14,188.6K,视觉效果和图形,"bugfix update and added zh, ja, kr translation<br /><br />Changes the terrain, grass, and foliage to soft colored, slow changing seasons. Spring will slowly become Summer and each seasons change is not immediate but a slow fade."
16935,CP和AT-花园风制造物品,,,#制作,https://www.nexusmods.com/stardewvalley/mods/16935,(CP and AT) Nano's Garden Style Craftables,NanoIsNotRobot,22,https://staticdelivery.nexusmods.com/mods/1303/images/16935/16935-1685978086-414553388.png,,,2024-12-1,206.7K,制作,"Retexture for some frequently-used craftables, especially those used often outdoors（based on my own habbit）. Support both AT and CP mode."
24758,小动物邮箱,,,#视觉效果和图形,https://www.nexusmods.com/stardewvalley/mods/24758,Kari's Delivery Service - A Seasonal Mailbox Mod,kariiiii,25,https://staticdelivery.nexusmods.com/mods/1303/images/24758/24758-1717587795-465742077.png,,1.0.2,2024-6-6,74.3K,视觉效果和图形,This mod replaces the mailbox texture with seasonal variations of cute critters.
6102,可爱的小猪和牛,,,#牲畜和动物,https://www.nexusmods.com/stardewvalley/mods/6102,Qute Animals,Cx330i,7,https://staticdelivery.nexusmods.com/mods/1303/images/6102/6102-1589770651-456614124.gif,,,2024-3-20,64.8K,牲畜和动物,Cute little pigs and cows
3169,阳光彩虹小白马,,,#宠物和马,https://www.nexusmods.com/stardewvalley/mods/3169,Elle's New Horses,Elle,8,https://staticdelivery.nexusmods.com/mods/1303/images/3169/3169-1582817739-2077010190.png,,,2020-12-15,706.1K,宠物/马,31 new and improved horse replacements for Content Patcher. Also includes skins for Adopt 'n Skin.
828,配偶房间重新设计,,,#地点,https://www.nexusmods.com/stardewvalley/mods/828,Spouse Rooms Redesigned,endermaryn,16,https://staticdelivery.nexusmods.com/mods/1303/images/828-13-1484430112.png,,,2019-7-21,137.4K,地点,Redesigns all of the spouse rooms.
10455,Stardrop-管理Mod工具,,,#修改工具,https://www.nexusmods.com/stardewvalley/mods/10455,Stardrop,PeacefulEnd,9,https://staticdelivery.nexusmods.com/mods/1303/images/10455/10455-1640800123-1170868965.png,,1.1.0,2025-12-19,396.9K,修改工具,"An open-source, cross-platform mod manager for Stardew Valley. <br /><br />Includes mod profiles, update checking, SMAPI integration and Nexus Mods API support!"
20998,夏天无苍蝇声音,,,#音频,https://www.nexusmods.com/stardewvalley/mods/20998,Summer Bird and Cicada Sounds (no flies sound),Chread,12,https://staticdelivery.nexusmods.com/mods/1303/images/20998/20998-1711360841-1808575809.png,,1.0.3,2025-5-1,34.3K,音频,This mod replaces the summer ambience so there are no buzzing flies sounds. Only birds and cicadas.
30146,地图显示事件,,,#用户界面,https://www.nexusmods.com/stardewvalley/mods/30146,Map Event Markers,irocendar,10,https://staticdelivery.nexusmods.com/mods/1303/images/30146/30146-1734465422-127834888.png,,,2025-1-1,14.7K,用户界面,Marks pending player events on the map with question marks.
28290,更好的电脑,,,#各种各样的,https://www.nexusmods.com/stardewvalley/mods/28290,Better Farm Computer,forestlyn,2,https://staticdelivery.nexusmods.com/mods/1303/images/28290/28290-1729498412-1171202620.png,,1.3.2,2025-8-10,6.0K,各种各样的,"a better farm computer, you can see your farm infos in everywhere, just tap L<br />it shows more infos than farm computer<br />and it support GenericModConfigMenu, you can choose show infos<br />now it has been translated to english,french(thanks to Caranud<br /><br />一个更好的农场电脑，按下L键显示比农场电脑更多的信息"
8808,放大缩小,,,#用户界面,https://www.nexusmods.com/stardewvalley/mods/8808,Infinite Zoom,berkayylmao,10,https://staticdelivery.nexusmods.com/mods/1303/images/8808/8808-1625817778-1242382606.png,,1.1.0,2024-3-21,191.9K,用户界面,Unlock zoom and UI scale levels! (Still works as of 2025 Jan 4th!)
173,即时成熟树木,,,#作弊,https://www.nexusmods.com/stardewvalley/mods/173,Instant Grow Trees,cantorsdust and Pathoschild,11,,,1.4.0,2025-9-12,131.1K,作弊,Makes trees grow instantly overnight if they have enough space.
20874,自动捡松露,,,#游戏机制,https://www.nexusmods.com/stardewvalley/mods/20874,QiXing AutoGrab Truffles,QiXing,3,https://staticdelivery.nexusmods.com/mods/1303/images/20874/20874-1711210361-883943253.png,,,2024-3-24,25.7K,游戏机制,Allow barn auto-grabbers to collect truffles.
21294,更好的工作台,,,#游戏机制,https://www.nexusmods.com/stardewvalley/mods/21294,Workbench Helper,ballom41,3,https://staticdelivery.nexusmods.com/mods/1303/images/21294/21294-1711677616-1848416357.png,,1.2.3,2024-11-8,61.3K,游戏机制,Makes Workbenches look at all chests directly connected to chests surrounding the Workbench. Configurable to instead set a specific distance from the workbench or look at all chests in the current area.<br />Also adds stash button to Workbench to upload items to connected chests.
21030,农场主助手,,,#游戏机制,https://www.nexusmods.com/stardewvalley/mods/21030,Farmer Helper (Updated),Fiorbeth,3,https://staticdelivery.nexusmods.com/mods/1303/images/21030/21030-1711385907-2141380582.png,,,2024-4-24,86.1K,游戏机制,Updated version of the Farmer Helper mod by aedenthorn to work with 1.6 following their retirement from modding.
21233,随时随地放置任何物品,,,#游戏机制,https://www.nexusmods.com/stardewvalley/mods/21233,Build and Place Anything Anywhere,Espy,3,https://staticdelivery.nexusmods.com/mods/1303/images/21233/21233-1714232791-1125687538.jpeg,,1.8.1,2024-6-13,91.6K,游戏机制,"Build and Place Anything Anywhere lets you build, farm, or place furniture / objects anywhere, including things like beds and rugs! It adds the greenhouse as a blueprint to build and adds functionality for casks, mini-fridges, mini-obelisks, and jukeboxes outside of the farm. There are also toggles that let you build / place inside of walls."
7834,可移动邮箱,,,#地图,https://www.nexusmods.com/stardewvalley/mods/7834,Moveable Mailbox,aedenthorn,21,https://staticdelivery.nexusmods.com/mods/1303/images/7834/7834-1611744273-1379936812.png,,0.2.1,2025-4-13,8.4K,地图,Converts the farm's mailbox into a moveable object that you can place anywhere on your farm.
17190,传送到NPC位置,,,#游戏机制,https://www.nexusmods.com/stardewvalley/mods/17190,Teleport NPC Location,MangoPuPuPudding,3,https://staticdelivery.nexusmods.com/mods/1303/images/17190/17190-1688047708-853013661.png,,,2024-3-24,87.9K,游戏机制,Teleport to NPC Location
31165,皮埃尔卖电池,,,#各种各样的,https://www.nexusmods.com/stardewvalley/mods/31165,(CP) Pierre Sells Batteries,NamelessPlayer06,2,https://staticdelivery.nexusmods.com/mods/1303/images/31165/31165-1737835276-1622515757.png,,1.0.0,2025-1-26,14.2K,各种各样的,Pierre Sells Batteries for 500g
11440,皮埃尔卖洒水器,,,#各种各样的,https://www.nexusmods.com/stardewvalley/mods/11440,Pierre Sells Sprinklers,MortaliB,2,https://staticdelivery.nexusmods.com/mods/1303/images/11440/11440-1648301908-299948022.png,,,2025-4-25,36.3K,各种各样的,Updated for 1.6<br />You can now buy Sprinklers at Pierre's
31402,玛尼卖动物制品,,,#制作,https://www.nexusmods.com/stardewvalley/mods/31402,Marnie Sells Animal Products (1.6 compatible),TaisceRayne,22,https://staticdelivery.nexusmods.com/mods/1303/images/31402/31402-1738468759-448901299.jpeg,,,2025-2-2,1.9K,制作,"Adds all animal products to Marnie's store, because she should have them and sometimes you just want to cook an omelet without needing your own chickens! Prices configurable with Generic Mod Config Menu, with the ability to enable/disable items!"
31435,罗宾卖纤维,,,#各种各样的,https://www.nexusmods.com/stardewvalley/mods/31435,Robin Sells Fiber,CalculusMaster,2,https://staticdelivery.nexusmods.com/mods/1303/images/31435/31435-1738563605-1421627781.png,,1.0.0,2025-2-3,1.3K,各种各样的,"Robin now sells hardwood at her shop in the late game, intended as an easier way to finish off perfection goals."
11588,罗宾卖蜂箱,,,#各种各样的,https://www.nexusmods.com/stardewvalley/mods/11588,Robin Sells Bee House,MortaliB,2,https://staticdelivery.nexusmods.com/mods/1303/images/11588/11588-1649379272-1164190478.png,,,2022-4-8,6.6K,各种各样的,Robin Sells Bee House
11582,罗宾卖果酱罐,,,#各种各样的,https://www.nexusmods.com/stardewvalley/mods/11582,Robin Sells Preserves Jar,MortaliB,2,https://staticdelivery.nexusmods.com/mods/1303/images/11582/11582-1649351591-1592900154.png,,,2022-4-8,8.1K,各种各样的,Robin Sells Preserves Jar
31878,罗宾卖酒桶,,,#各种各样的,https://www.nexusmods.com/stardewvalley/mods/31878,Robin Sells Hardwood Redux,Tschetschpi,2,https://staticdelivery.nexusmods.com/mods/1303/images/31878/31878-1740327596-926918708.png,,,2025-2-24,1.2K,各种各样的,The 1.6 compatible update to HungryRaccon's STF Robin Sells Hardwood
20651,罗宾卖机器,,,#制作,https://www.nexusmods.com/stardewvalley/mods/20651,Robin Sells Big Craftables,yourdorkbrains,22,https://staticdelivery.nexusmods.com/mods/1303/images/20651/20651-1710895519-1274392119.png,,,2024-3-20,7.2K,制作,A simple mod that adds big craftables to robins shop
28491,威利卖熏鱼机和凝胶,,,#游戏机制,https://www.nexusmods.com/stardewvalley/mods/28491,Willy Sells Smoker and Jellies,imclueless0,3,https://staticdelivery.nexusmods.com/mods/1303/images/28491/28491-1728620615-1006834323.png,,,2024-10-11,1.7K,游戏机制,Willy now sells smokers and the three fishing jellies.
3521,撬锁,,,#游戏机制,https://www.nexusmods.com/stardewvalley/mods/3521,Lockpicks,bwdy,3,https://staticdelivery.nexusmods.com/mods/1303/images/3521/3521-1575062541-141611827.png,,3,2024-12-6,37.2K,游戏机制,► Lockpicks is a mod for criminals. Visiting hours are merely a suggestion.
20186,随时进入NPC的家,,,#游戏机制,https://www.nexusmods.com/stardewvalley/mods/20186,Always Welcome,DrSpactacus,3,https://staticdelivery.nexusmods.com/mods/1303/images/20186/20186-1707787814-654958937.png,,2,2024-3-30,28.0K,游戏机制,This mod allows the player to enter NPC's homes at earlier/later hours once they have a high enough relationship.
174,学习所有技能,,,#作弊,https://www.nexusmods.com/stardewvalley/mods/174,All Professions,cantorsdust and Pathoschild,11,,,1.4.0,2025-9-12,306.8K,作弊,"Get all possible professions when you level up, not just the one you choose."
21129,没有乌鸦,,,#游戏机制,https://www.nexusmods.com/stardewvalley/mods/21129,NoCrows Revisited,Siweipancc,3,https://staticdelivery.nexusmods.com/mods/1303/images/21129/21129-1711483679-1160151470.png,,,2024-3-28,44.3K,游戏机制,Remove Crows in Farm.
2731,镰刀收割作物,,,#游戏机制,https://www.nexusmods.com/stardewvalley/mods/2731,Yet Another Harvest With Scythe Mod,bcmpinc,3,https://staticdelivery.nexusmods.com/mods/1303/images/2731/2731-1535290349-741617960.png,,7.5,2025-3-2,1.7M,游戏机制,Allows you to harvest all crops (including seasonal crops) and forage using the scythe. They can also still be plucked.
21428,农作物浇水气泡,,,#农作物,https://www.nexusmods.com/stardewvalley/mods/21428,Crop Watering Bubbles Continued,aedenthorn and temisthem,14,https://staticdelivery.nexusmods.com/mods/1303/images/21428/21428-1711845463-752913205.jpg,,,2024-6-14,53.1K,农作物,Causes unwatered crops to show their need for water via emotes on interval or key press. Optionally only trigger when the farmer is holding a watering can.
23946,更好的洒水壶和锄头,,,#游戏机制,https://www.nexusmods.com/stardewvalley/mods/23946,Better Watering Can And Hoe,Aflojack45,3,https://staticdelivery.nexusmods.com/mods/1303/images/23946/23946-1715593534-1104847918.png,,,2024-12-18,4.9K,游戏机制,This mod allow you to use upgraded tool option as your single click. You don't have to wait out the animation to use it.
12077,一击必杀,,,#各种各样的,https://www.nexusmods.com/stardewvalley/mods/12077,Harmless Monsters,Haoran101,2,https://staticdelivery.nexusmods.com/mods/1303/images/12077/12077-1711030700-617335517.png,,,2024-4-1,6.6K,各种各样的,Harmless monsters with less health.<br />[Updated 2.0.0 version for stardew valley 1.6]
3201,怪物生成,,,#作弊,https://www.nexusmods.com/stardewvalley/mods/3201,Spawn Monsters,Berisan,11,https://staticdelivery.nexusmods.com/mods/1303/images/3201/3201-1546211668-2125170888.png,,,2024-4-11,98.0K,作弊,Use the menu or the command line to spawn monsters at will!
5039,一键抚摸动物,,,#游戏机制,https://www.nexusmods.com/stardewvalley/mods/5039,FastPetting,DerTod2,3,https://staticdelivery.nexusmods.com/mods/1303/images/5039/5039-1577574623-1665675560.jpeg,,1.0.0,2019-12-30,43.4K,游戏机制,Allows to pet all animals on the farm by pressing an configurable button.
11148,生日快乐内容包,,,#各种各样的,https://www.nexusmods.com/stardewvalley/mods/11148,Happy Birthday English Content Pack,Omegasis and cerreli,2,https://staticdelivery.nexusmods.com/mods/1303/images/11148/11148-1645998000-476628041.png,,1.4.4,2025-6-12,818.9K,各种各样的,English content pack containing gift and dialogue information for the Stardew Valley Mod Happy Birthday.
27517,ATM,,,#游戏机制,https://www.nexusmods.com/stardewvalley/mods/27517,Bank,YangZ,3,https://staticdelivery.nexusmods.com/mods/1303/images/27517/27517-1725543642-505575038.png,,v0.0.2,2024-9-7,7.2K,游戏机制,"Add an ATM to your town where you can make deposits, withdrawals, loans, and repayments<br />为您的小镇添加一个ATM，您可以在这里存款，取款，贷款，还款"
15593,标准农场扩大,,,#地图,https://www.nexusmods.com/stardewvalley/mods/15593,Lnh's Standard Farm,LiuNianHui,21,https://staticdelivery.nexusmods.com/mods/1303/images/15593/15593-1677116770-130652111.png,,,2024-4-22,997,地图,修改之后的标准农场
15595,森林农场扩大,,,#地图,https://www.nexusmods.com/stardewvalley/mods/15595,Lnh's Forest Farm,LiuNianHui,21,https://staticdelivery.nexusmods.com/mods/1303/images/15595/15595-1677116939-1543474050.png,,,2024-4-22,995,地图,修改之后的森林农场
14758,简单农场,,替换的标准农场，从上面的小道走进去，还附带了一片特别大的采石场采集区和砍伐区,#地图,https://www.nexusmods.com/stardewvalley/mods/14758,Lnh's Simple Farm,LiuNianHui,21,https://staticdelivery.nexusmods.com/mods/1303/images/14758/14758-1690179895-1172016013.jpeg,,,2024-5-30,11.1K,地图,一个四四方方的农场，拥有非常多的种植地块，有2个小型的采石场，觅食区，有泳池，有便捷的路，拥有预先规划的布局。
19907,简单农场2,,,#地图,https://www.nexusmods.com/stardewvalley/mods/19907,Lnh's Simple Farm2,LiuNianHui,21,https://staticdelivery.nexusmods.com/mods/1303/images/19907/19907-1715429648-1952708946.png,,,2024-4-20,10.6K,地图,简单的农场（强迫症专用）Simple Farm2
12575,整洁农场,,,#地图,https://www.nexusmods.com/stardewvalley/mods/12575,Lnh's The Tidy Farm,LiuNianHui,21,https://staticdelivery.nexusmods.com/mods/1303/images/12575/12575-1655656298-1824636775.png,,,2024-4-28,8.2K,地图,一个整洁的农场，拥有足够大的种植地块，拥有采石场，硬木林和一个矿车系统（可觅食），亮点在于我将木匠店，种子店和铁匠铺搬到了农场。
15939,姜岛地图优化,,,#地图,https://www.nexusmods.com/stardewvalley/mods/15939,Lnh's Ginger Island Overhaul,LiuNianHui,21,https://staticdelivery.nexusmods.com/mods/1303/images/15939/15939-1679379280-1717238491.png,,,2024-5-19,26.9K,地图,修改了姜岛（Island）大部分地图，使他们看起来更像丛林，增加了15个金核桃，便捷的路，新增了新地图。
20600,姜岛建筑,,,#建筑,https://www.nexusmods.com/stardewvalley/mods/20600,Buildable Ginger Island Farm,mouahrara,17,https://staticdelivery.nexusmods.com/mods/1303/images/20600/20600-1710717504-982664235.jpeg,,1.1.2,2025-9-9,264.5K,建筑,The Buildable Ginger Island Farm mod allows you to build on Ginger Island farm!
28043,农舍分为12个多功能小房间,,,#地图,https://www.nexusmods.com/stardewvalley/mods/28043,(CR) Kisaa's Tiny Rooms Pack for PIF,crystalinerose,21,https://staticdelivery.nexusmods.com/mods/1303/images/28043/28043-1738090007-1071331963.png,,,2025-2-8,49.4K,地图,A pack of 12 versatile tiny rooms to spice up your farmhouse or cabin. Some rooms upgrade alongside the farmhouse. Now with 7 new rooms!
26488,幽咪的房间扩展美化,,,#地图,https://www.nexusmods.com/stardewvalley/mods/26488,Yomi's Welfare Farmhouse Room Beautification-CP (Applicable 1.6),Yomi,21,https://staticdelivery.nexusmods.com/mods/1303/images/26488/26488-1722327446-1928707048.png,,,2024-8-26,19.9K,地图,小红薯：@幽咪<br />B站：@爱游戏的幽咪 (Applicable 1.6)
20628,卡西法,,,#修改工具,https://www.nexusmods.com/stardewvalley/mods/20628,Calcifer,sophie,9,https://staticdelivery.nexusmods.com/mods/1303/images/20628/20628-1710990744-939075779.png,,0.1.0,2024-3-22,653.4K,修改工具,"Calcifer is a core mod consisting of commonly shared code across my various mods, as well as a place for features that I don't think justify their own mod release but may be used by my mods or by other modder's creations. This mod will not do anything on its own, it is simply a utility for other mods."
20139,HxW的瓦片家具,,,#视觉效果和图形,https://www.nexusmods.com/stardewvalley/mods/20139,HxW Tilesheets,Himetarts and Wildflour,25,https://staticdelivery.nexusmods.com/mods/1303/images/20139/20139-1707423014-1593109988.png,,,2025-7-19,465.5K,视觉效果和图形,A resource for modders including (most) of the H&amp;W furniture suite to be used for your maps!
32162,HxW的酒庄家具,,,#家具,https://www.nexusmods.com/stardewvalley/mods/32162,HxW Winery Furniture,Himetarts and Wildflour,23,https://staticdelivery.nexusmods.com/mods/1303/images/32162/32162-1741321108-80119812.png,,,2025-3-8,109.9K,家具,Adds 50+ furniture items fitting for an Italian inspired build.
32163,HxW的季节性酿酒厂,,,#建筑,https://www.nexusmods.com/stardewvalley/mods/32163,HxW Buildable Winery,Himetarts and Wildflour,17,https://staticdelivery.nexusmods.com/mods/1303/images/32163/32163-1741360861-527374541.png,,,2025-8-10,83.1K,建筑,Adds a Winery building to age your casks in style!
28031,HxW的季节性面包房,,,#建筑,https://www.nexusmods.com/stardewvalley/mods/28031,HxW Buildable Bakery,Himetarts and Wildflour,17,https://staticdelivery.nexusmods.com/mods/1303/images/28031/28031-1729461345-1807761473.png,,,2025-8-10,83.2K,建筑,"Adds a bakery-style custom building or shed upgrade! Includes bonuses to cooking, crafting and two upgrades to make it more spacious. Enjoy the small business of your dreams!"
28730,HxW的季节性茶店,,,#建筑,https://www.nexusmods.com/stardewvalley/mods/28730,HxW Buildable Tea Shop,Himetarts and Wildflour,17,https://staticdelivery.nexusmods.com/mods/1303/images/28730/28730-1729457234-359844084.png,,,2025-8-11,79.7K,建筑,Adds a tea shop style custom building or shed upgrade! Includes an upgrade to make it more spacious. Enjoy the small business of your dreams!
12489,更大的棚屋,,,#地图,https://www.nexusmods.com/stardewvalley/mods/12489,Lnh's Big Shed,LiuNianHui,21,https://staticdelivery.nexusmods.com/mods/1303/images/12489/12489-1655200685-618070686.png,,,2024-5-30,5.4K,地图,一个简单的棚屋，扩大了空间，可以种植作物，可以放置木桶。
18231,更大的畜棚,,,#地图,https://www.nexusmods.com/stardewvalley/mods/18231,Lnh's Leisure Barn,LiuNianHui,21,https://staticdelivery.nexusmods.com/mods/1303/images/18231/18231-1694414137-1426783463.png,,,2024-3-28,16.2K,地图,"一个新的畜棚，扩大了空间，3级畜棚会增加一个休闲区域(A new barn, It has expanded the space, and it will add a leisure area in level 3 barn )"
18215,更大的鸡舍,,,#地图,https://www.nexusmods.com/stardewvalley/mods/18215,Lnh's Leisure Coop,LiuNianHui,21,https://staticdelivery.nexusmods.com/mods/1303/images/18215/18215-1694320040-1410281530.png,,,2024-3-26,15.1K,地图,"一个新的鸡舍，扩大了空间，3级鸡舍会增加一个休闲区域(A new coop, It has expanded the space, and it will add a leisure area in level 3 coop )"
4226,鸡舍畜棚内部拓展,,,#地图,https://www.nexusmods.com/stardewvalley/mods/4226,Cuter Coops and Better Barns,DaisyNiko,21,https://staticdelivery.nexusmods.com/mods/1303/images/4226/4226-1563604868-348798800.png,,1.2,2025-8-2,120.8K,地图,"slightly bigger, cuter coops and the same size but also cuter barns"
27052,带工作间的鸡舍畜棚,,,#地图,https://www.nexusmods.com/stardewvalley/mods/27052,Practical Barn and Coop,7Kana,21,https://staticdelivery.nexusmods.com/mods/1303/images/27052/27052-1723851078-34390614.png,,,2024-11-2,8.5K,地图,"Renovated and cleaned Barn and Coop, now has a useful little room for working and a working water source. Now also recolored versions as an option configurable from Generic Mod Config Menu."
4736,DaisyNiko的家具瓦片,,,#修改工具,https://www.nexusmods.com/stardewvalley/mods/4736,DaisyNiko's Tilesheets,DaisyNiko,9,https://staticdelivery.nexusmods.com/mods/1303/images/4736/4736-1753608539-1341377208.png,,1.12,2025-7-27,2.4M,修改工具,just the tilesheets
17081,Lnh的温馨季节性温室,,,#地图,https://www.nexusmods.com/stardewvalley/mods/17081,Lnh's Four Seasons Greenhouse,LiuNianHui,21,https://staticdelivery.nexusmods.com/mods/1303/images/17081/17081-1687169975-788839430.png,,,2024-5-8,37.4K,地图,这是一个有季节变化的温室，分为5个区域，入口，2个种植区，1个种树区，1个休闲区
15536,女巫的花园温室,,,#地图,https://www.nexusmods.com/stardewvalley/mods/15536,Wildflour's Witchy Greenhouse Map,wildflourmods,21,https://staticdelivery.nexusmods.com/mods/1303/images/15536/15536-1711507291-665087718.png,,,2024-3-27,8.8K,地图,three new interior map layouts for the greenhouse in a witchy style
23650,可爱的季节性温室,,,#地图,https://www.nexusmods.com/stardewvalley/mods/23650,Seasonal Cute Greenhouse,neuralwiles,21,https://staticdelivery.nexusmods.com/mods/1303/images/23650/23650-1714860387-1839484567.png,,1.0.0,2024-5-5,2.8K,地图,A seasonal greenhouse replacement with ample space for crops and trees.
26261,大温室（4个房间）,,,#地图,https://www.nexusmods.com/stardewvalley/mods/26261,As's dsp Greenhouse,Awassakura,21,https://staticdelivery.nexusmods.com/mods/1303/images/26261/26261-1721563487-1496230991.png,,,2024-11-6,10.6K,地图,A greenhouse where all the original crops can be planted and displayed.——Supported in version 1.6.11.
12104,整齐并有规划的特大温室（6个房间））,,,#地图,https://www.nexusmods.com/stardewvalley/mods/12104,Lnh's Greenhouse,LiuNianHui,21,https://staticdelivery.nexusmods.com/mods/1303/images/12104/12104-1653132310-1900217496.png,,,2024-3-24,9.3K,地图,一个新的温室地图，可以放118个铱洒水器，种植127棵树！有2种版本可供选择。
13542,大季节性温室（8个房间））,,,#地图,https://www.nexusmods.com/stardewvalley/mods/13542,Lnh's New Greenhouse,LiuNianHui,21,https://staticdelivery.nexusmods.com/mods/1303/images/13542/13542-1715180199-2044252703.png,,,2024-5-30,36.9K,地图,这是一个带有季节性变化的温室，尺寸有三种可选，背景有8种可选，包括玻璃颜色，玻璃窗颜色都是可以配置的，希望你喜欢它。
7497,尺寸可自选的理想温室,,,#建筑,https://www.nexusmods.com/stardewvalley/mods/7497,Ellie's Ideal Greenhouse,ellibehr,17,https://staticdelivery.nexusmods.com/mods/1303/images/7497/7497-1725091334-750340685.gif,,,2024-8-31,231.9K,建筑,Expands the greenhouse. Includes multiple layouts to choose from depending on your playstyle/installed mods.
28253,Sekun 的可建造温室,,,#建筑,https://www.nexusmods.com/stardewvalley/mods/28253,Sekun's Buildable Greenhouses,RiftstalkerSekun,17,https://staticdelivery.nexusmods.com/mods/1303/images/28253/28253-1727677724-544467902.png,,,2024-10-5,4.2K,建筑,Let's build some more greenhouses! Greenhouses come in four different sizes and two different interior customization options!
12501,超大的海滩温室,,,#地图,https://www.nexusmods.com/stardewvalley/mods/12501,Lnh's Super Greenhouse,LiuNianHui,21,https://staticdelivery.nexusmods.com/mods/1303/images/12501/12501-1655387624-1087005936.png,,,2024-3-24,1.7K,地图,一个非常非常大的超级海滩温室，大概290x140，你可以把所有的作物和树都种上。
23952,大得离谱的温室,,,#建筑,https://www.nexusmods.com/stardewvalley/mods/23952,Super Massive Greenhouse,sameerxxe,17,https://staticdelivery.nexusmods.com/mods/1303/images/23952/23952-1715569967-156164235.png,,,2024-5-17,36.9K,建筑,A massive warp-enabled replacement Greenhouse for people who never have enough space for all their crops.
23488,精密家具,,,#家具,https://www.nexusmods.com/stardewvalley/mods/23488,Precise Furniture,Espy,23,https://staticdelivery.nexusmods.com/mods/1303/images/23488/23488-1714517941-820795504.jpeg,,1.1.1,2024-5-27,230.8K,家具,Lets you move furniture pixel-by-pixel (or faster) using hotkeys. Also lets you lock furniture. A continuation of Furniture Adjustment.
9969,服饰美化前置,,,#修改工具|#前置,https://www.nexusmods.com/stardewvalley/mods/9969,Fashion Sense,PeacefulEnd,9,https://staticdelivery.nexusmods.com/mods/1303/images/9969/9969-1635337722-1851001863.gif,,7.1.0,2025-12-18,3.2M,修改工具,"Framework which allows for bigger accessories, hairstyles, hats, shirts, sleeves, pants and shoes, as well as animation support and more."
7331,优雅农夫,,,#玩家,https://www.nexusmods.com/stardewvalley/mods/7331,More Elegant  Farmer body,Kyuya,4,https://staticdelivery.nexusmods.com/mods/1303/images/7331/7331-1748256346-1603815177.png,,,2025-5-26,631.8K,玩家,A new Farmer body for 1.6.
25974,可爱农夫,,,#玩家,https://www.nexusmods.com/stardewvalley/mods/25974,CP - Even cuter farmer characters,Ms Chen,4,https://staticdelivery.nexusmods.com/mods/1303/images/25974/25974-1724158503-197580932.png,,1.5,2025-6-12,7.7K,玩家,稍微修改了农民的形象，让他们更可爱！Slightly modified the farmers' image to make them more cute!
28226,阿西莉亚的发型,,,#衣服,https://www.nexusmods.com/stardewvalley/mods/28226,Asily's hairstyle,AsiliaMMM,13,https://staticdelivery.nexusmods.com/mods/1303/images/28226/28226-1727591591-1934204965.jpeg,,,2024-9-29,13.0K,衣服,一些非常可爱美丽的发型<br />使用FS模式进行这五款发型的更换<br />欢迎下载。
20824,幽咪的金色公主发型,,,#衣服,https://www.nexusmods.com/stardewvalley/mods/20824,Yomi's Golden Princess Hairstyle-FS (Applicable 1.6),Yomi,13,https://staticdelivery.nexusmods.com/mods/1303/images/20824/20824-1743256553-84787181.png,,,2024-3-24,200.8K,衣服,小红薯：@幽咪<br />B站：@爱游戏的幽咪【80个可爱发型】FS模式更新！现有三色版和白色版。 (Applicable 1.6)
25314,洛离的上衣与裙子38,,,#衣服,https://www.nexusmods.com/stardewvalley/mods/25314,Luo Li's top and skirt38,luoli,13,https://staticdelivery.nexusmods.com/mods/1303/images/25314/25314-1718806124-182608460.png,,,2024-6-19,34.0K,衣服,Ten sets of FS-type clothing and headgear.
27540,洛离的上衣与裙子40,,,#衣服,https://www.nexusmods.com/stardewvalley/mods/27540,Luo Li's top and skirt40,luoli,13,https://staticdelivery.nexusmods.com/mods/1303/images/27540/27540-1725626549-1303891084.png,,,2024-9-6,21.3K,衣服,6 sets of clothing and headgear
33459,洛离的上衣与裙子45,,,#衣服,https://www.nexusmods.com/stardewvalley/mods/33459,Luo Li's top and skirt45,luoli,13,https://staticdelivery.nexusmods.com/mods/1303/images/33459/33459-1745325194-2118879948.png,,,2025-4-26,8.2K,衣服,10 sets of FS mode clothing and hair accessories
28683,观世吟的彩色公主裙,,,#衣服,https://www.nexusmods.com/stardewvalley/mods/28683,(FS)HD Gintyann's Clothes1,Gintyann,13,https://staticdelivery.nexusmods.com/mods/1303/images/28683/28683-1729339747-35877462.png,,,2024-10-19,15.1K,衣服,此mod包含8套二倍高清像素的服装mod（含两套改色），安装此mod需先安装FS前置，在皮埃尔处购买手持镜换装使用。
32075,幽咪的可爱连衣裙6,,,#衣服,https://www.nexusmods.com/stardewvalley/mods/32075,Yomi's Cute Dress6-FS,Yomi,13,https://staticdelivery.nexusmods.com/mods/1303/images/32075/32075-1743256222-1075407149.png,,,2025-3-3,23.1K,衣服,小红薯：@幽咪<br />B站：@爱游戏的幽咪 (Applicable 1.6&amp;1.5)
31744,鲁尼的小号靴子（适合短裙）,,,#衣服,https://www.nexusmods.com/stardewvalley/mods/31744,Small Boots For All - Fashion Sense,Luny,13,https://staticdelivery.nexusmods.com/mods/1303/images/31744/31744-1739854986-1267024109.jpeg,,,2025-2-20,34.8K,衣服,Adds small boots as an option in Fashion Sense.
25113,鲁尼的小号靴子（适合长裙）,,,#衣服,https://www.nexusmods.com/stardewvalley/mods/25113,These Boots are Made for Hiding (Small boots for long skirts) Fashion Sense,Luny,13,https://staticdelivery.nexusmods.com/mods/1303/images/25113/25113-1718223017-1750232556.jpeg,,,2024-6-13,17.7K,衣服,"Updated version, Small Boots For All, linked in description."
10137,冬至帽+小翅膀,,,#衣服,https://www.nexusmods.com/stardewvalley/mods/10137,Winter Solstice Hats,wabiii,13,https://staticdelivery.nexusmods.com/mods/1303/images/10137/10137-1637015323-297452977.png,,,2024-4-5,43.9K,衣服,A collection of winter and Christmas themed hats with some animation
23458,家具框架,,,#修改工具,https://www.nexusmods.com/stardewvalley/mods/23458,Furniture Framework,Leroymilo,9,https://staticdelivery.nexusmods.com/mods/1303/images/23458/23458-1746024897-1028084908.png,,3.2.4,2025-11-11,243.7K,修改工具,This is a Content Pack Framework to allow Content Pack makers to create highly customizable Furniture.
28162,秋千,,,#家具,https://www.nexusmods.com/stardewvalley/mods/28162,FF Gedian's swing,Gedian,23,https://staticdelivery.nexusmods.com/mods/1303/images/28162/28162-1727234594-947261652.png,,,2024-9-25,6.0K,家具,适配1.6
29617,复古家具美化,,,#家具,https://www.nexusmods.com/stardewvalley/mods/29617,(AT)(CP)Classical-furniture,Jiaojiao,23,https://staticdelivery.nexusmods.com/mods/1303/images/29617/29617-1732266930-1004988561.jpeg,,,2024-11-23,32.9K,家具,"增加了108件古典家具,分为at和cp两个模式 ，1.5/1.6都可以使用"
13893,休闲家具美化,,,#家具,https://www.nexusmods.com/stardewvalley/mods/13893,Casual Furniture Set,katestardew,23,https://staticdelivery.nexusmods.com/mods/1303/images/13893/13893-1663940720-965555023.png,,,2022-9-23,265.8K,家具,This is a furniture pack that includes cute and pastel pieces made to match with other existing furniture sets as well. The content of this mod will be updated time-to-time to add more stuff in the future! ♡
28337,冰淇淋家具美化,,,#家具,https://www.nexusmods.com/stardewvalley/mods/28337,(CP)(CF)(FF)Gintyann's Ice Cream Furniture,Gintyann,23,https://staticdelivery.nexusmods.com/mods/1303/images/28337/28337-1728042029-490956290.jpeg,,,2024-10-4,29.2K,家具,一套包含冰淇淋车和八种冰淇淋等家具的家具套装，1.5版本请下载CF版本，1.6可下载CP或者FF
25684,浴室家具美化,,,#视觉效果和图形,https://www.nexusmods.com/stardewvalley/mods/25684,Bathroom Furniture for Alternative Textures,FarmerBeans,25,https://staticdelivery.nexusmods.com/mods/1303/images/25684/25684-1719784037-151318962.png,,,2025-2-21,40.5K,视觉效果和图形,"Adds vanilla-styled Bathroom furniture to match all the ""wood"" colors in the catalog."
32094,烘焙家具美化,,,#家具,https://www.nexusmods.com/stardewvalley/mods/32094,Baking Lovers Decor,Kayyteee,23,https://staticdelivery.nexusmods.com/mods/1303/images/32094/32094-1741512892-906703312.png,,,2025-3-6,21.2K,家具,A furniture and decor mod with 300+ items ^^ Uses Alternative textures to give you more variations of each decor.
29438,法师植物家具美化,,,#家具,https://www.nexusmods.com/stardewvalley/mods/29438,Elfflower Furniture_Wizard Furniture redraw,umganil,23,https://staticdelivery.nexusmods.com/mods/1303/images/29438/29438-1731768406-521335459.png,,,2024-11-16,28.7K,家具,对于法师家具的AT版本重新绘制
20498,幽咪的星之卡比家具美化,,,#家具,https://www.nexusmods.com/stardewvalley/mods/20498,Yomi's Star Kabi Furniture Series and Kitchen Set -AT-CP-FS(Applicable 1.6),Yomi,23,https://staticdelivery.nexusmods.com/mods/1303/images/20498/20498-1743256615-1291799420.png,,,2024-3-11,25.2K,家具,小红薯：@幽咪<br />B站：@爱游戏的幽咪<br />【星之卡比系列家具、厨房和服装！卡比粉狂宠！！！~】 (Applicable 1.6)
20373,幽咪的星之卡比稻草人,,,#视觉效果和图形,https://www.nexusmods.com/stardewvalley/mods/20373,Yomi's Star Kabi Scarecrow-AT (Applicable 1.6),Yomi,25,https://staticdelivery.nexusmods.com/mods/1303/images/20373/20373-1743256679-764038385.png,,,2024-2-28,17.9K,视觉效果和图形,十一个星之卡比稻草人！ (Applicable 1.6)
3733,替换森林农场,,,#地图,https://www.nexusmods.com/stardewvalley/mods/3733,Overgrown Garden Farm,DaisyNiko,21,https://staticdelivery.nexusmods.com/mods/1303/images/3733/3733-1556458491-565604182.png,,3.2,2025-1-12,72.6K,地图,a cute little messy woodsy foresty farm map
8192,替换森林农场,,,#地图,https://www.nexusmods.com/stardewvalley/mods/8192,Secret Garden Farm,grapeponta,21,https://staticdelivery.nexusmods.com/mods/1303/images/8192/8192-1614992008-1832631084.png,,,2021-4-3,14.3K,地图,"My personal forest map replacement inspired by The Secret Garden, a comfort read of mine since childhood. Requires DaisyNiko's Tilesheets."
40019,默认替换标准农场,,,#地图,https://www.nexusmods.com/stardewvalley/mods/40019,Lnh's YunXi Farm CP And PIF,LiuNianHui,21,https://staticdelivery.nexusmods.com/mods/1303/images/40019/40019-1765376676-493604742.png,,,2025-12-10,2.2K,地图,这是来自群友幸运的约稿/This is a commission from luck
39515,替换标准农场,,,#地图,https://www.nexusmods.com/stardewvalley/mods/39515,Lnh's Rose Garden Farm,LiuNianHui,21,https://staticdelivery.nexusmods.com/mods/1303/images/39515/39515-1763649026-788196662.png,,,2025-11-20,1.4K,地图,来自群友小艾的约稿/This is a commission from 小艾
16438,农舍内部房型,,,#地图,https://www.nexusmods.com/stardewvalley/mods/16438,Aimon's Tidy Cozy Farmhouse,Aimon111,21,https://staticdelivery.nexusmods.com/mods/1303/images/16438/16438-1689189261-293954011.png,,,2025-7-11,86.8K,地图,"Changes your FarmHouse map into small and cozy place towards more realistic layout with attic, balcony and rooftop."
14411,农舍内部房型,,,#地图,https://www.nexusmods.com/stardewvalley/mods/14411,Aimon's Fancy Farmhouse,Aimon111,21,https://staticdelivery.nexusmods.com/mods/1303/images/14411/14411-1667996671-353103193.png,,,2024-5-30,97.3K,地图,Makes your farmhouse maps look new and fresh towards more realistic layout.
19295,姜岛农舍,,,#地图,https://www.nexusmods.com/stardewvalley/mods/19295,Tidy Cozy Ginger Island Farmhouse,Aimon111,21,https://staticdelivery.nexusmods.com/mods/1303/images/19295/19295-1701238461-324169380.png,,,2024-3-19,25.6K,地图,Changes your Ginger Island FarmHouse map into small and cozy place towards more realistic layout.
14896,地板壁纸,,,#室内设计,https://www.nexusmods.com/stardewvalley/mods/14896,DustBeauty's Rustic Country Walls and Floors for Alternative Textures,DustBeauty and Zyrnathos,19,https://staticdelivery.nexusmods.com/mods/1303/images/14896/14896-1672547180-1701948080.png,,,2023-1-1,56.7K,室内设计,A simple conversion of the CP version of Dustbeauty's Rustic Country Walls and Floors to an Alternative Textures(AT) content pack.<br />Note: All assets are NOT MINE!
3231,Farm Type Manager (FTM),,,#修改工具|#前置,https://www.nexusmods.com/stardewvalley/mods/3231,Farm Type Manager (FTM),Esca-MMC,9,https://staticdelivery.nexusmods.com/mods/1303/images/3231/3231-1549594226-514724928.png,,1.26.1,2025-11-15,9.3M,修改工具,"Farm Type Manager (FTM) is a framework that lets other mods spawn objects and monsters anywhere in the game, with various controls and customization options."
8626,Custom Companions,,,#修改工具|#前置,https://www.nexusmods.com/stardewvalley/mods/8626,Custom Companions,PeacefulEnd,9,https://staticdelivery.nexusmods.com/mods/1303/images/8626/8626-1619979299-1778047035.png,,5.1.0,2025-12-20,3.1M,修改工具,Framework for creating custom entities that can be spawned on maps or follow you around in Stardew Valley.
9599,Lumisteria Tilesheets - Indoor,,,#视觉效果和图形|#前置,https://www.nexusmods.com/stardewvalley/mods/9599,Lumisteria Tilesheets - Indoor,Lumisteria,25,https://staticdelivery.nexusmods.com/mods/1303/images/9599/9599-1649793216-1756365486.png,,,2024-3-22,1.2M,视觉效果和图形,This mod is a resource mod for map modder adding a new tilesheet containing various furnitures to use in their map. Pls read the instructions to know how the mod works !
10448,Lumisteria Tilesheets - Outdoor,,,#视觉效果和图形|#前置,https://www.nexusmods.com/stardewvalley/mods/10448,Lumisteria Tilesheets - Outdoor,Lumisteria,25,https://staticdelivery.nexusmods.com/mods/1303/images/10448/10448-1688069811-995469952.png,,,2024-3-21,1.0M,视觉效果和图形,This mod is a resource mod for map modder adding a new tilesheet containing various buildings to use in their map. Pls read the instructions to know how the mod works !
14493,Mapping Extensions and Extra Properties (MEEP),,,#修改工具|#前置,https://www.nexusmods.com/stardewvalley/mods/14493,Mapping Extensions and Extra Properties (MEEP),DecidedlyHuman,9,https://staticdelivery.nexusmods.com/mods/1303/images/14493/14493-1674771319-1725118752.png,,1.3.0,2025-12-7,962.2K,修改工具,"This mod does nothing on its own. Its primary purpose is to allow map authors to spice up their maps with the new custom tile properties, extra features, etc., that this mod adds."
34886,Only When It Counts - No More Wasted Stamina,,,#游戏机制|#前置,https://www.nexusmods.com/stardewvalley/mods/34886,Only When It Counts - No More Wasted Stamina,Trapyy,3,https://staticdelivery.nexusmods.com/mods/1303/images/34886/34886-1750035267-562604213.png,,1.0.6,2025-10-4,34.6K,游戏机制,Stop wasting stamina! This mod ensures stamina is only used when your tools actually work.<br />Now works in Co-op!!
5398,More Grass,,,#视觉效果和图形|#前置,https://www.nexusmods.com/stardewvalley/mods/5398,More Grass,Sonozuki,25,https://staticdelivery.nexusmods.com/mods/1303/images/5398/5398-1606347784-1953482294.png,,,2024-3-21,1.2M,视觉效果和图形,"A framework mod that lets you add custom grass sprites, locations and season dependant (including winter)"
20619,Custom Bush,,,#修改工具|#前置,https://www.nexusmods.com/stardewvalley/mods/20619,Custom Bush,LeFauxMatt,9,https://staticdelivery.nexusmods.com/mods/1303/images/20619/20619-1737617728-489319996.png,,1.5.2,2025-1-23,510.7K,修改工具,Custom Bush is a framework which allows custom bushes to be added to the game which work like the tea sapling.
20357,Item Extensions,,,#修改工具|#前置,https://www.nexusmods.com/stardewvalley/mods/20357,Item Extensions,mistyspring,9,https://staticdelivery.nexusmods.com/mods/1303/images/20357/20357-1710901164-1517036290.png,,,2025-7-5,880.0K,修改工具,"Custom resources, custom mixed seeds, eating animations, and more. 1.6 framework"
22256,Extra Machine Configs (EMC),,,#修改工具|#前置,https://www.nexusmods.com/stardewvalley/mods/22256,Extra Machine Configs (EMC),Selph aka zombifier,9,https://staticdelivery.nexusmods.com/mods/1303/images/22256/22256-1712789997-2129800860.png,,,2025-11-23,656.2K,修改工具,"Adds extra features to Content Patcher-added machine artisan recipes, such as defining extra fuels or byproducts for specific recipes."
4970,Producer Framework Mod,,,#修改工具|#前置,https://www.nexusmods.com/stardewvalley/mods/4970,Producer Framework Mod,Digus,9,https://staticdelivery.nexusmods.com/mods/1303/images/4970/4970-1577152857-2963443.png,,1.9.7,2025-4-8,1.9M,修改工具,Framework to add custom rules for producing objects. Supports code and content pack interfaces.
17265,Unlockable Bundles,,,#修改工具|#前置,https://www.nexusmods.com/stardewvalley/mods/17265,Unlockable Bundles,DeLiXx,9,https://staticdelivery.nexusmods.com/mods/1303/images/17265/17265-1688476611-180914079.png,,3.6.0,2025-11-9,811.6K,修改工具,"Unlockable Bundles enables content creators to add their own custom bundles into the game with ease.<br />Anything from a small repairable bridge to elaborate custom community centers is feasible.<br />Create farm upgrades, shortcuts, repairable structures, quest npcs or even your own ginger island expansion."
6183,Train Station,,,#游戏机制|#前置,https://www.nexusmods.com/stardewvalley/mods/6183,Train Station,Cherry,3,https://staticdelivery.nexusmods.com/mods/1303/images/6183/6183-1590624666-303429444.png,,,2025-9-8,639.5K,游戏机制,Makes the train station at the railroad functional and lets modders add more stations to create a connected travel network.
8630,Walk to the Desert Redux,,,#地图|#前置,https://www.nexusmods.com/stardewvalley/mods/8630,Walk to the Desert Redux,Taniyar and Aeywoo,21,https://staticdelivery.nexusmods.com/mods/1303/images/8630/8630-1620657498-122598044.png,,1.3.3,2024-4-19,386.5K,地图,"Walk to the Desert Redux is a new update that overwrites the old Walk to the Desert Mod. This mod connects Pelican Town to the Calico Desert! It also connects to the popular Garden Village mod, the Downtown Zuzu Mod and the Ridgeside Village mod. This mod also adds a new shop, a hidden NPC and the potential for much more to come!"
21264,BusLocations Continued,,,#游戏机制|#前置,https://www.nexusmods.com/stardewvalley/mods/21264,BusLocations Continued,ComradeSean,3,https://staticdelivery.nexusmods.com/mods/1303/images/21264/21264-1711639396-1617266291.jpeg,,,2025-12-2,200.9K,游戏机制,Replaces the vanilla bus system with a destination selector. Add new bus stops via JSON content packs—no C# required. Each destination can have custom pricing. Supports controller input and multiplayer.
6529,Expanded Preconditions Utility,,,#修改工具|#前置,https://www.nexusmods.com/stardewvalley/mods/6529,Expanded Preconditions Utility,Cherry,9,https://staticdelivery.nexusmods.com/mods/1303/images/6529/6529-1595730677-2021593035.png,,,2025-9-7,6.2M,修改工具,"Provides a conditions system mod authors can use, based on the game's event preconditions."
15792,Bush Bloom Mod,,,#游戏机制|#前置,https://www.nexusmods.com/stardewvalley/mods/15792,Bush Bloom Mod,ncarigon,3,https://staticdelivery.nexusmods.com/mods/1303/images/15792/15792-1678467151-562464229.png,,,2024-4-17,306.6K,游戏机制,"Allows creating custom bush blooming schedules to support whatever seasons, days, locations, and items you may want."
22926,Cauldron,,,#游戏机制|#前置,https://www.nexusmods.com/stardewvalley/mods/22926,Cauldron,Kedi sophiesalacia and wildflourmods,3,https://staticdelivery.nexusmods.com/mods/1303/images/22926/22926-1744039598-1113608271.png,,,2025-6-30,242.9K,游戏机制,core framework mod for Wildflour's Atelier Goods. Provides easy configuration for the user on the front end while handling game logic changes on the back end.
28261,Machine Control Panel,,,#游戏机制|#前置,https://www.nexusmods.com/stardewvalley/mods/28261,Machine Control Panel,mushymato,3,https://staticdelivery.nexusmods.com/mods/1303/images/28261/28261-1743053443-584829175.png,,1.1.1,2025-12-8,183.5K,游戏机制,"Is automate sending your items into the wrong machines? Control what items are allowed to be processed by specific machines, prevent higher quality items from being processed, and turn off machine rules you don't want.<br /><br />Press Q next to a machine to open the control panel."
28870,StardewUI,,,#用户界面|#前置,https://www.nexusmods.com/stardewvalley/mods/28870,StardewUI,focustense,10,https://staticdelivery.nexusmods.com/mods/1303/images/28870/28870-1730339066-2015866729.png,,0.6.1,2025-2-12,239.4K,用户界面,The definitive™ framework for building UI in Stardew Valley mods.
20802,不会腐坏栅栏,,,#游戏机制,https://www.nexusmods.com/stardewvalley/mods/20802,No Fence Decay Redux,EnderTedi,3,https://staticdelivery.nexusmods.com/mods/1303/images/20802/20802-1711122352-146374349.png,,1.2.0,2024-6-8,199.6K,游戏机制,"Fear no more, your fences won't decay anymore!<br /><br />Removes decay from fences, making them last forever."
16030,显示怪物血条,,,#游戏机制,https://www.nexusmods.com/stardewvalley/mods/16030,Multiplayer - Journey Of The Prairie King,Scayze,3,https://staticdelivery.nexusmods.com/mods/1303/images/16030/16030-1679930852-1425035268.png,,0.1.2,2024-4-14,12.7K,游戏机制,Adds Multiplayer to the beloved Arcade game - Journey of the Prairie King. Play with up to 4 players on your co-op worlds.
4806,跳过钓鱼,,,#钓鱼,https://www.nexusmods.com/stardewvalley/mods/4806,Eidee Easy Fishing,EideeHi,26,https://staticdelivery.nexusmods.com/mods/1303/images/4806/4806-1575626782-1480150572.png,,,2024-3-23,505.4K,钓鱼,Customizable Mod for easy fishing.
20391,跳过钓鱼,,,#钓鱼,https://www.nexusmods.com/stardewvalley/mods/20391,Yet Another Fishing Mod,NeverToxic,26,https://staticdelivery.nexusmods.com/mods/1303/images/20391/20391-1712059714-1819766098.jpeg,,1.2.0,2024-11-18,483.2K,钓鱼,Having difficulty fishing and want to skip the minigame? Want to add bait to your bamboo pole? This is yet another mod that allows you to adjust various fishing-related options.
2614,鼠标移动,,,#游戏机制,https://www.nexusmods.com/stardewvalley/mods/2614,Mouse Move Mode,ylsama,3,https://staticdelivery.nexusmods.com/mods/1303/images/2614/2614-1533410872-847797476.jpeg,,,2025-1-29,43.7K,游戏机制,- Moving by mouse via clicking or holding<br />- Enhance mouse function to let playerCtrl + wheel to zoom<br />- Alt + Enter to Fullscreen
21050,自动切换工具,,,#游戏机制,https://www.nexusmods.com/stardewvalley/mods/21050,Automate Tool Swap I Switch I Select,Trapyy,3,https://staticdelivery.nexusmods.com/mods/1303/images/21050/21050-1712512656-170541944.png,,1.5.7,2025-10-3,153.4K,游戏机制,Selects the correct tool or item for you whenever you click something that requires it<br />(Has Controller Support)
20701,稻草人不占格子,,,#游戏机制,https://www.nexusmods.com/stardewvalley/mods/20701,The Return of Immersive Scarecrows,aedenthorn,3,https://staticdelivery.nexusmods.com/mods/1303/images/20701/20701-1710967813-802246842.png,,1.0.7,2024-3-27,250.4K,游戏机制,"Originally by aedenthorn.<br />Lets you place scarecrows and rarecrows in between crops, taking up no space and more efficiently protecting your farm."
5382,分类背包（包括献祭物品包）,,,#项目,https://www.nexusmods.com/stardewvalley/mods/5382,Item Bags,SlayerDharok,15,https://staticdelivery.nexusmods.com/mods/1303/images/5382/5382-1581376500-1623731606.png,,3.0.11,2025-5-16,136.9K,项目,"Adds several new ""Bag"" items that can hold other items inside of them, while still only taking up a single inventory slot. Unlike chests, the bags will hold items while they are in your inventory, effectively increasing inventory size and organization."
5816,草原之王无敌,,,#作弊,https://www.nexusmods.com/stardewvalley/mods/5816,Easy Prairie King - Journey of the Prairie King Difficulty Changer (Fastest Fector's Challenge achievement),shanks3042,11,https://staticdelivery.nexusmods.com/mods/1303/images/5816/5816-1610573357-1568770693.jpeg,,0.6,2024-10-12,266.0K,作弊,"Adds options to change the difficulty of the minigame *Journey of the Prairie King*.<br />you can change lives, coins, movmenet speed, shooting speed,...<br />Fastest way to get the Fector's Challenge achievement. You can set the time per stage to 1 sec and start with the shotgun + more damage + fast shooting."
4734,随处自定义形象,,,#游戏机制,https://www.nexusmods.com/stardewvalley/mods/4734,Customize Anywhere,Cherry,3,https://staticdelivery.nexusmods.com/mods/1303/images/4734/4734-1575146274-1666744713.png,,,2025-9-7,676.4K,游戏机制,"Lets you customize your character and access a wardrobe with all clothing from anywhere, or via in-game items."
27005,意大利农舍,,,#建筑,https://www.nexusmods.com/stardewvalley/mods/27005,Italian Countryside Farmhouse (Seasonal),Latteholn,17,https://staticdelivery.nexusmods.com/mods/1303/images/27005/27005-1723726824-1351200256.png,,,2024-8-21,45.4K,建筑,"Replaces the Vanilla Farmhouse 1, 2, &amp; 3 with an Italian Countryside House that is Seasonal."
21413,农场建筑,,（此为1.6改版史莱姆小屋，替换本体中的即可）,#建筑,https://www.nexusmods.com/stardewvalley/mods/21413,1.6 Slime Hutch (Yellog's Wood Buildings),morphinpink,17,https://staticdelivery.nexusmods.com/mods/1303/images/21413/21413-1711842724-1955508371.png,,,2024-3-31,4.3K,建筑,1.6 Slime Hutch update for Yellog's Wood Buildings (UNOFFICIAL)
27579,意大利乡村建筑,,,#建筑,https://www.nexusmods.com/stardewvalley/mods/27579,Italian Countryside Buildings,Latteholn,17,https://staticdelivery.nexusmods.com/mods/1303/images/27579/27579-1725958343-24588184.png,,,2025-12-23,108.5K,建筑,Replaces the vanilla farm buildings with seasonal Italian-style countryside structures [CP x AT].
20044,猪牛羊,,,#牲畜和动物,https://www.nexusmods.com/stardewvalley/mods/20044,Elle's Cuter Barn Animals,Elle,7,https://staticdelivery.nexusmods.com/mods/1303/images/20044/20044-1707862646-285803872.png,,,2024-4-7,751.4K,牲畜和动物,Adds a bunch of skins for your barn animals!
20043,鸡鸭兔恐龙,,,#牲畜和动物,https://www.nexusmods.com/stardewvalley/mods/20043,Elle's Cuter Coop Animals,Elle,7,https://staticdelivery.nexusmods.com/mods/1303/images/20043/20043-1707853320-926362566.png,,,2024-4-5,732.9K,牲畜和动物,Adds a bunch of skins for your coop animals!
6776,矿洞怪物,,,#人物,https://www.nexusmods.com/stardewvalley/mods/6776,SSUL's Monster Set,SSUL,5,https://staticdelivery.nexusmods.com/mods/1303/images/6776/6776-1599212995-740920658.png,,,2020-9-4,12.9K,人物,CP version SSUL's Monster Set
26030,花草,,,#各种各样的,https://www.nexusmods.com/stardewvalley/mods/26030,(MG) DustBeauty's Wildflower Grass Field,Novaphene,2,https://staticdelivery.nexusmods.com/mods/1303/images/26030/26030-1720794403-134848890.gif,,1.0.0,2024-7-12,33.7K,各种各样的,More grass for everyone! Now compatible with SDV 1.6.
4912,农作物美化,,,#农作物,https://www.nexusmods.com/stardewvalley/mods/4912,Better Crops and Foraging,cometkins,14,https://staticdelivery.nexusmods.com/mods/1303/images/4912/4912-1576612440-759699920.png,,,2024-5-17,288.0K,农作物,Want to change up the look of the crops and forageables in the game to be more realistic? Want more toned down colors? Look no further!
26025,围栏美化,,,#制作,https://www.nexusmods.com/stardewvalley/mods/26025,(AT) DustBeauty's Seasonal Fences,Novaphene,22,https://staticdelivery.nexusmods.com/mods/1303/images/26025/26025-1720790327-414300611.gif,,1.0.0,2024-7-12,27.6K,制作,Ready to paint your fences with Dustbeauty's seasonal fences? Now compatible with SDV 1.6!
8683,木头小径/地板/地砖,,,#项目,https://www.nexusmods.com/stardewvalley/mods/8683,Gwen's Paths ( CP and AT ),Gweniaczek,15,https://staticdelivery.nexusmods.com/mods/1303/images/8683/8683-1620459376-476477933.png,,1.1.0,2023-11-16,375.9K,项目,Retextures/recolours of craftable paths and floorings
9640,蘑菇树,,,#视觉效果和图形,https://www.nexusmods.com/stardewvalley/mods/9640,Fairy Mushroom Tree,lumiepop,25,https://staticdelivery.nexusmods.com/mods/1303/images/9640/9640-1631582276-79536225.png,,,2021-9-14,34.6K,视觉效果和图形,Gives the mushroom tree a more realistic and magical appearance. <br /><br />Please ask permission to use my assets anywhere else.
27126,稻草人美化,,,#项目,https://www.nexusmods.com/stardewvalley/mods/27126,Moonflower's Scarecrows (AT and CP),Moonflower,15,https://staticdelivery.nexusmods.com/mods/1303/images/27126/27126-1724145659-1302886133.png,,,2024-8-21,15.3K,项目,"Reskins of the scarecrow, rarecrows, and deluxe scarecrow (CP &amp; AT versions included). Inspired by vanilla designs and intended to work with earthy/natural recolours."
16717,温室家具1,,,#家具,https://www.nexusmods.com/stardewvalley/mods/16717,HxW Greenhouse Furniture,Himetarts and Wildflour,23,https://staticdelivery.nexusmods.com/mods/1303/images/16717/16717-1684271636-333409413.png,,,2024-11-4,225.1K,家具,Adds 124 furniture pieces to decorate or build your dream greenhouse with! For CP &amp; AT.
24703,温室家具2,,,#家具,https://www.nexusmods.com/stardewvalley/mods/24703,(AT) Muski's Recolor of HxW's Greenhouse Furniture,KawaiiMuski,23,https://staticdelivery.nexusmods.com/mods/1303/images/24703/24703-1717534958-125332969.png,,2.0.1,2024-10-22,37.9K,家具,"An Alternative Textures pack featuring a softer, more tone downed earthy recolor of HimeTarts and Wildflourmods's ""HxW Greenhouse Furniture"".<br />Feel free to suggest more color options!<br />Includes a recolored tilesheet for the original CP mod if you prefer :)"
20839,猫猫出货箱,,,#建筑,https://www.nexusmods.com/stardewvalley/mods/20839,Berryz Kitty Shipping Bin,berryz,17,https://staticdelivery.nexusmods.com/mods/1303/images/20839/20839-1711854533-963076516.png,,1.0.0,2024-3-31,31.8K,建筑,stray kitty sitting in the shipping bin
34476,信箱美化,,,#视觉效果和图形,https://www.nexusmods.com/stardewvalley/mods/34476,Chichi's Sweet Mailbox,Chichi,25,https://staticdelivery.nexusmods.com/mods/1303/images/34476/34476-1748869903-68562200.png,,,2025-6-2,3.6K,视觉效果和图形,Adds a light seasonal mailbox
19469,复古色连衣裙,,,#衣服,https://www.nexusmods.com/stardewvalley/mods/19469,Yomi's retro colored dress-FS (Applicable 1.6),Yomi,13,https://staticdelivery.nexusmods.com/mods/1303/images/19469/19469-1702162956-325164643.png,,,2023-12-10,143.4K,衣服,小红薯：@幽咪<br />B站：@爱游戏的幽咪 (Applicable 1.6)
37712,5套衣服,,,#衣服,https://www.nexusmods.com/stardewvalley/mods/37712,Yomi's Cute Dress7-FS,Yomi,13,https://staticdelivery.nexusmods.com/mods/1303/images/37712/37712-1758087183-1844821964.png,,,2025-9-17,10.5K,衣服,小红薯：@幽咪<br />B站：@爱游戏的幽咪 (Applicable 1.6&amp;1.5)
33532,发型,,,#玩家,https://www.nexusmods.com/stardewvalley/mods/33532,(FS) Orangeblossom's Un-Braided Hair Set,orangeblossom,4,https://staticdelivery.nexusmods.com/mods/1303/images/33532/33532-1745581473-1915217950.png,,,2025-8-1,37.3K,玩家,A cozy hairstyle pack for farmers dreaming of curls | 36 hairstyles for Fashion Sense
11203,鞋子,,,#衣服,https://www.nexusmods.com/stardewvalley/mods/11203,catmao leather shoes (CP),catmao,13,https://staticdelivery.nexusmods.com/mods/1303/images/11203/11203-1646537604-903210325.jpeg,,,2022-3-8,19.1K,衣服,Have lovely little leather shoes
13618,鞋子,,,#衣服,https://www.nexusmods.com/stardewvalley/mods/13618,Luo Li's shoes,luoli,13,https://staticdelivery.nexusmods.com/mods/1303/images/13618/13618-1662104829-812781705.png,,,2022-9-2,16.8K,衣服,做了18个JA的鞋子，但是请注意我不会画鞋，所以贴图是画了其他东西代替
6166,界面UI美化,,,#用户界面,https://www.nexusmods.com/stardewvalley/mods/6166,Overgrown Flowery Interface,SugarSugarRuin,10,https://staticdelivery.nexusmods.com/mods/1303/images/6166/6166-1646578793-214446202.png,,1.6.4,2024-12-20,870.7K,用户界面,"Interface mod with fresh vines, dreamy petals and floral romance. Now updated for 1.6!"
7416,背景,,,#用户界面,https://www.nexusmods.com/stardewvalley/mods/7416,Custom Menu Background,herbivoor and seitanicbean,10,https://staticdelivery.nexusmods.com/mods/1303/images/7416/7416-1609430282-177432817.png,,1.2.0,2024-12-6,284.8K,用户界面,A completely customizable set of recolours (plus original addons) to all elements of the menu background. Over 20 million potential combinations!
20859,工具美化,,,#视觉效果和图形,https://www.nexusmods.com/stardewvalley/mods/20859,Delaney's Energetic Tools,Delaney1035,25,https://staticdelivery.nexusmods.com/mods/1303/images/20859/20859-1711212334-978660472.png,,,2024-4-18,31.4K,视觉效果和图形,对工具的重新着色，使它们看起来更有活力，包括锄头、镐头、斧子、水壶、垃圾桶、鱼竿、挤奶桶、剪刀、淘盘、传送法杖。镰刀在我的另一套武器美化里。与1.6版本兼容。
19328,武器美化,,,#视觉效果和图形,https://www.nexusmods.com/stardewvalley/mods/19328,Delaney's Quaint Weapons,Delaney1035,25,https://staticdelivery.nexusmods.com/mods/1303/images/19328/19328-1711346197-1366252899.png,,,2024-3-26,16.1K,视觉效果和图形,重新着色了武器让它们看起来古色古香。
15860,就像鸭子入水一样得心应手,,,#牲畜和动物,https://www.nexusmods.com/stardewvalley/mods/15860,Like a Duck to Water,aedenthorn,7,https://staticdelivery.nexusmods.com/mods/1303/images/15860/15860-1678903037-573837483.png,,0.4.6,2025-10-14,52.4K,牲畜和动物,Makes ducks actually want to swim in water once they have been fed and petted; also makes water tiles more accessible to ducks and adds friendship points towards the farmer when ducks are able to swim.
7948,真爱谷 - 浪漫对话扩展包,,,#对话,https://www.nexusmods.com/stardewvalley/mods/7948,True Love Valley - A Romance Dialogue Expansion Pack,linenpants,20,https://staticdelivery.nexusmods.com/mods/1303/images/7948/7948-1619990280-850454027.jpeg,,,2021-7-13,282.7K,对话,True Love Valley is a romance dialogue expansion pack for Content Patcher. Find romance and affection with your true love in Stardew Valley!
11459,约会之夜,,,#活动,https://www.nexusmods.com/stardewvalley/mods/11459,Date Night,SUPERT,18,https://staticdelivery.nexusmods.com/mods/1303/images/11459/11459-1653439608-1171746423.png,,,2023-5-3,585.5K,活动,Go on dates with your spouse! Do you ever feel like your marriage has gotten boring after a while? This mod adds repeatable dates to try and add some spice to your married life!
11881,集成矿车扩展,,,#扩展,https://www.nexusmods.com/stardewvalley/mods/11881,Integrated Minecarts - A Minecart Expansion,Jibblestein,27,https://staticdelivery.nexusmods.com/mods/1303/images/11881/11881-1717439904-1761194507.png,,4.5.16,2025-11-15,578.1K,扩展,"This mod improves the minecart menu and adds new minecarts for convenience, it also integrates minecarts from other mods such as Ridgeside Village and East Scarp into the vanilla minecart network. Placement of new minecarts also has Stardew Valley Expanded in mind."
20236,八爪的婚姻角色肖像,,,#肖像,https://www.nexusmods.com/stardewvalley/mods/20236,BaZhua's Marriable Role Portrait,YiZhiBaZhua,6,https://staticdelivery.nexusmods.com/mods/1303/images/20236/20236-1726428312-2089193844.png,,,2024-11-10,721.1K,肖像,Pixel Portraits of Twelve Marriable Role<br /><br />12个可婚角色的像素肖像
17761,农作物收割泡沫,,,#农作物,https://www.nexusmods.com/stardewvalley/mods/17761,Crop Harvest Bubbles,aedenthorn,14,https://staticdelivery.nexusmods.com/mods/1303/images/17761/17761-1691602225-1711830037.png,,0.6.2,2025-11-27,80.4K,农作物,Shows produce items in bubbles above crops that are ready to harvest.
15234,肖像美化,,,#肖像,https://www.nexusmods.com/stardewvalley/mods/15234,Portraits,LT4823,6,https://staticdelivery.nexusmods.com/mods/1303/images/15234/15234-1675604855-1750177193.jpeg,,1.5.6,2024-4-5,184.8K,肖像,Portrait of Stardew valley
25395,可婚角色肖像美化,,,#肖像,https://www.nexusmods.com/stardewvalley/mods/25395,Wenhua's Character portraits_Marriable Villagers,Wenhua,6,https://staticdelivery.nexusmods.com/mods/1303/images/25395/25395-1719048686-1523890746.png,,,2024-6-22,217.1K,肖像,星露谷可婚角色美化肖像，后续会出全镇民美化
4745,CP高清肖像,,,#肖像,https://www.nexusmods.com/stardewvalley/mods/4745,DCBurger's High Res Portrait Mod (CP),DCBurger,6,https://staticdelivery.nexusmods.com/mods/1303/images/4745/4745-1611370284-1144659335.png,,1.4.1,2021-6-28,793.7K,肖像,69 high-resolution portraits for all villagers
2181,CP肖像美化,,,#肖像,https://www.nexusmods.com/stardewvalley/mods/2181,Leyalluna's Portraits (Content Patcher),Leyalluna,6,https://staticdelivery.nexusmods.com/mods/1303/images/2181/2181-1715310728-2022651426.png,,,2025-4-20,253.5K,肖像,All NPC Portraits completed (compatible with 1.6 version)
34850,洛兰的肖像,,,#肖像,https://www.nexusmods.com/stardewvalley/mods/34850,Lowland's portraits,Lowlandperiod,6,https://staticdelivery.nexusmods.com/mods/1303/images/34850/34850-1750332744-1663849764.png,,,2025-6-30,13.6K,肖像,含可攻略角色和图上包含的村民<br />Portraits of marriageable candidates and some villagers.
30727,季节性肖像美化1.6版非官方,,,#肖像,https://www.nexusmods.com/stardewvalley/mods/30727,1oxnes and talkohlooeys' Seasonal Portraits Unofficial 1.6 Update,talkohlooeys 1oxnes l4ul4u,6,https://staticdelivery.nexusmods.com/mods/1303/images/30727/30727-1736737019-899552854.png,,,2025-3-5,10.2K,肖像,"An unofficial update of the 1oxnes and talkohlooeys' Seasonal Portraits, as the original project was retired with no 1.6 update.<br /><br />You have two versions available! Portraiture and Content Patcher (thanks to DolphinIsNotaFish). Each requires different mods to work, so please read the installation guide!"
30799,塞巴斯高分辨率肖像,,,#肖像,https://www.nexusmods.com/stardewvalley/mods/30799,Sebastian portraits high resolution by hanri,hhhannn1,6,https://staticdelivery.nexusmods.com/mods/1303/images/30799/30799-1736639095-2128761925.png,,1.1,2025-1-15,7.4K,肖像,Sebastian portraits high resolution
35352,雷恩的肖像,,,#肖像,https://www.nexusmods.com/stardewvalley/mods/35352,Rayne's Portraits,Rayne,6,https://staticdelivery.nexusmods.com/mods/1303/images/35352/35352-1751947776-1509591960.png,,,2025-7-8,4.9K,肖像,Portrait pack for portraiture handdrawn by me!
31019,CP季节性动漫风格肖像,,,#肖像,https://www.nexusmods.com/stardewvalley/mods/31019,(CP) Dacar Vanilla Seasonal anime style portraits,Dacar,6,https://staticdelivery.nexusmods.com/mods/1303/images/31019/31019-1738019125-958677282.png,,,2025-7-15,4.7K,肖像,Anime portraits for Vanilla Seasonal made in my style
40398,帅气谷原版角色高清肖像,,,#肖像,https://www.nexusmods.com/stardewvalley/mods/40398,Handsome Valley - HD Portraits of all Vanilla Characters,ElinHime,6,https://staticdelivery.nexusmods.com/mods/1303/images/40398/40398-1766167175-1331271655.png,,,2025-12-21,1.9K,肖像,"Handsome Valley – A complete HD-portrait pack for Vanilla Stardew Valley. <br />The portrait pack contains 101 portrait sheets, including all outfit variants."
40056,为喃喃自语的农夫添加的额外台词,,,#用户界面,https://www.nexusmods.com/stardewvalley/mods/40056,Additional Lines for Muttering Farmer,Potatoes,10,https://staticdelivery.nexusmods.com/mods/1303/images/40056/40056-1765262090-1251543962.png,,,2025-12-21,7.1K,用户界面,Adds over 850+ new lines and variations to the mod Muttering Farmer! So you can play longer with your talkative farmer without getting repetitive.
39885,MH活动列表,,,#用户界面,https://www.nexusmods.com/stardewvalley/mods/39885,MH Event List,mahsouto,10,https://staticdelivery.nexusmods.com/mods/1303/images/39885/39885-1764765954-133510343.png,,1.1.5,2025-12-23,13.8K,用户界面,"Ever wondered why you can't trigger a specific event? Unsure what conditions you're missing to see that heart event? MH Event List shows you every event in the game, tracks which conditions you've met, and tells you exactly what's needed to unlock each moment. No more guessing - see everything at a glance and never miss a story beat again."
40029,冬季服装包2,,,#衣服,https://www.nexusmods.com/stardewvalley/mods/40029,Winter Outfit Pack2,Chloe,13,https://staticdelivery.nexusmods.com/mods/1303/images/40029/40029-1765171747-1800955146.jpg,,,2025-12-10,5.3K,衣服,"A winter outfit pack including 1 hairstyle, 5 tops, 5 skirts, 5 hats and 1 accessory (gray scarf)."
40313,圣诞套装,,,#衣服,https://www.nexusmods.com/stardewvalley/mods/40313,FS-Layicn's Christmas Gifts Pack,Layicn,13,https://staticdelivery.nexusmods.com/mods/1303/images/40313/40313-1765892355-807281107.png,,1.1.1,2025-12-17,2.5K,衣服,Adds some Christmas packs to the game.<br />为游戏添加了几套圣诞套装~
39754,甜蛋糕套装,,,#衣服,https://www.nexusmods.com/stardewvalley/mods/39754,Sweet cake set,Chloe,13,https://staticdelivery.nexusmods.com/mods/1303/images/39754/39754-1764330358-1046799327.jpg,,,2025-11-28,2.4K,衣服,"This is a cute and sweet Cake Outfit Set, featuring: 5 tops, 5 skirts, 5 hats, 1 hairstyle and 1 accessory (strawberry crossbody bag)."
40417,圣诞礼物服装包,,,#衣服,https://www.nexusmods.com/stardewvalley/mods/40417,Xmas Gifts,Chloe,13,https://staticdelivery.nexusmods.com/mods/1303/images/40417/40417-1766218667-1365487613.jpg,,,2025-12-20,3.4K,衣服,"A Christmas outfit pack including 1 hairstyle, 5 tops, 5 skirts, 5 hats, and 1 accessory for ootd1 (off-shoulder piece used to cover sleeves)."
39948,青墨的可爱衣服,,,#衣服,https://www.nexusmods.com/stardewvalley/mods/39948,qingmo's cute clothes,loveqingmo,13,https://staticdelivery.nexusmods.com/mods/1303/images/39948/39948-1765626546-1930752827.jpg,,,2025-12-13,841,衣服,一套可爱的蕾服
40392,FS-霍格沃滋服装系列,,,#衣服,https://www.nexusmods.com/stardewvalley/mods/40392,WSilenceW's Hogwarts Clothing Collection(FS),WSilenceW,13,https://staticdelivery.nexusmods.com/mods/1303/images/40392/40392-1766150829-1813036214.png,,,2025-12-19,512,衣服,"Adds Hogwarts clothing items, featuring 16 shirts, 10 pants, 4 hairstyles, and 4 hair accessories."
40286,NIkki生日可爱服装,,,#衣服,https://www.nexusmods.com/stardewvalley/mods/40286,(FS) catissocute's Nikki HBD Cute Clothes 1,catissocute,13,https://staticdelivery.nexusmods.com/mods/1303/images/40286/40286-1765946066-1102496287.png,,,2025-12-15,741,衣服,"This is the first series of cute birthday outfits for the Nikki IP, and I drew three sets of incredibly cute clothes."
32359,凯蒂的衣橱2号,,,#衣服,https://www.nexusmods.com/stardewvalley/mods/32359,Katy's Closet No.2,Kayyteee,13,https://staticdelivery.nexusmods.com/mods/1303/images/32359/32359-1741886998-1347362382.png,,,2025-3-15,109.5K,衣服,"Adds 16 shirts, 8 skirts, 8 shorts, 16 hats and 3 accessories for fashion sense"
32180,凯蒂的衣橱1号,,,#衣服,https://www.nexusmods.com/stardewvalley/mods/32180,Katy's Closet No.1,Kayyteee,13,https://staticdelivery.nexusmods.com/mods/1303/images/32180/32180-1741865217-1864476164.png,,,2025-3-13,50.6K,衣服,"Clothing mod made for fashion sense, adds 9 new shirts and skirts (9 dresses)"
31864,趣味十足的舒适围巾,,,#衣服,https://www.nexusmods.com/stardewvalley/mods/31864,Animated Cozy Scarf for Fashion Sense,Luny,13,https://staticdelivery.nexusmods.com/mods/1303/images/31864/31864-1740284632-314397220.jpeg,,,2025-5-17,45.6K,衣服,Adds a cozy scarf to Fashion Sense. Perfect for staying warm during winter!
31994,基本款斗篷和超大兜帽,,,#衣服,https://www.nexusmods.com/stardewvalley/mods/31994,Basic Cape and Oversized Hood for Fashion Sense,Luny,13,https://staticdelivery.nexusmods.com/mods/1303/images/31994/31994-1740783804-2093705324.jpeg,,,2025-5-17,56.9K,衣服,Adds a colorable cape and hood as Fashion Sense items. Can be worn together or separately!
36615,维多利亚哥特式衣橱1,,,#衣服,https://www.nexusmods.com/stardewvalley/mods/36615,DBB's Victorian Gothic Closet 1,donutbunnybunny,13,https://staticdelivery.nexusmods.com/mods/1303/images/36615/36615-1755051887-1726970659.png,,,2025-9-24,30.7K,衣服,Adds a few victorian gothic theme clothes
32735,玉妍的头发,,,#衣服,https://www.nexusmods.com/stardewvalley/mods/32735,Yuyan's hair,yuyan,13,https://staticdelivery.nexusmods.com/mods/1303/images/32735/32735-1743316619-1094727449.jpeg,,,2025-3-30,14.6K,衣服,我的10个头发！其中最后两个为无限暖暖同人发型。<br />My 10 hairs! The last two of them are infinitely nikki fanhairstyles.
38621,婚纱,,,#衣服,https://www.nexusmods.com/stardewvalley/mods/38621,DunR_White Wedding Dress,DunR,13,https://staticdelivery.nexusmods.com/mods/1303/images/38621/38621-1760615115-2028513872.png,,,2025-10-16,7.7K,衣服,婚纱系列1
30287,FS-洛雪中国传统服装,,,#衣服,https://www.nexusmods.com/stardewvalley/mods/30287,FS-Luoxue Chinese traditional clothing,Luoxue,13,https://staticdelivery.nexusmods.com/mods/1303/images/30287/30287-1735007885-55986334.png,,,2025-2-4,9.5K,衣服,Chinese Style Series Collection<br />國風系列合集
36981,FS-可爱48件衬衫,,,#衣服,https://www.nexusmods.com/stardewvalley/mods/36981,(FS) Cute 48 Shirts,Mychocolate,13,https://staticdelivery.nexusmods.com/mods/1303/images/36981/36981-1756109389-875066479.png,,,2025-8-25,5.2K,衣服,Add 48 shirts<br />You can search ’jagle‘
32307,纺织品粉碎机,,,#衣服,https://www.nexusmods.com/stardewvalley/mods/32307,Textile Shredder - Clothing Recycle Deconstructor - Recycling unused clothes with materials from tailoring or sewing machine,MissAnaira,13,https://staticdelivery.nexusmods.com/mods/1303/images/32307/32307-1741721423-1646361361.png,,,2025-3-12,1.0K,衣服,A CP mod that allows you to recycle vanilla clothing items into cloth or materials made to originally tailor with.
38253,FS-Cannele服装包,,,#衣服,https://www.nexusmods.com/stardewvalley/mods/38253,Cannele Outfit Pack,Chloe1202,13,https://staticdelivery.nexusmods.com/mods/1303/images/38253/38253-1761310318-1875735422.jpg,,,2025-10-24,4.9K,衣服,"[FS] Cannele fashion set, including 5 hairstyles, 5 shirts ,5 pants, 4 hats, 1 accessory."
36751,FS-动物图案睡衣,,,#衣服,https://www.nexusmods.com/stardewvalley/mods/36751,(FS) Tanga Animal Pajamas,Mychocolate,13,https://staticdelivery.nexusmods.com/mods/1303/images/36751/36751-1755411402-1465301678.png,,,2025-8-17,3.6K,衣服,Add 6 cute Animal Pajamas
4154,水手月亮发型服装和服,,,#衣服|#二次元,https://www.nexusmods.com/stardewvalley/mods/4154,Sailor Moon Hairstyles Clothing and Kimono,blueberry,13,https://staticdelivery.nexusmods.com/mods/1303/images/4154/4154-1757832301-2000016289.png,,,2025-9-30,221.4K,衣服,"Shirts, skirts, kimono, yukata, hakama, tuxedos, hats, hair, and more from the world of Sailor Moon. <br />Make up with 250+ new clothes and hairstyles!"
18202,里村的季节性服饰,,,#衣服,https://www.nexusmods.com/stardewvalley/mods/18202,Seasonal Outfits for Ridgeside Village,Rafseazz and the Ridgeside Village Council,13,https://staticdelivery.nexusmods.com/mods/1303/images/18202/18202-1694438919-244282033.png,,1.0.1,2024-6-7,572.9K,衣服,The official seasonal outfits mod for Rafseazz's Ridgeside Village.
15140,女巫气息乡村风时尚造型,,,#衣服,https://www.nexusmods.com/stardewvalley/mods/15140,Witchy Rustic Looks for Fashion Sense,Alexilyn,13,https://staticdelivery.nexusmods.com/mods/1303/images/15140/15140-1679585177-801667499.png,,,2023-3-23,245.6K,衣服,Get a bit Victorian and Rustic witchy clothes for Fashion Sense in Stardew Valley.
9859,JA-Korokke制服包,,,#衣服,https://www.nexusmods.com/stardewvalley/mods/9859,JA Korokke's Uniforms Pack,korokke,13,https://staticdelivery.nexusmods.com/mods/1303/images/9859/9859-1633796639-1164505474.png,,,2021-10-29,156.0K,衣服,Adds 21 uniforms to the game.Added version of the more elegant farmer body/添加了21件新衣服，并添加适用于更优雅身体型的版本。
13682,季节性帽子,,,#衣服,https://www.nexusmods.com/stardewvalley/mods/13682,Seasonal Hats (Fashion Sense),KaileyStardew,13,https://staticdelivery.nexusmods.com/mods/1303/images/13682/13682-1718080173-1813190554.png,,,2022-9-7,160.6K,衣服,"Adds Seasonal Hats (by Beans and Maea) to Fashion sense. <br />Includes all original hats, and adds colourable and prismatic versions."
5815,钓鱼助手2（1.6兼容）,,,#钓鱼,https://www.nexusmods.com/stardewvalley/mods/5815,Fishing Assistant 2 (1.6 Compatible),I3lanketGhost,26,https://staticdelivery.nexusmods.com/mods/1303/images/5815/5815-1712480814-407535168.jpeg,,,2024-4-26,799.7K,钓鱼,"Your personal fishing assistant. that will handle the tough, boring, and tiring fishing for you, without you having to click even once."
1993,艾莉的季节性建筑,,,#建筑,https://www.nexusmods.com/stardewvalley/mods/1993,Elle's Seasonal Buildings,Elle,17,https://staticdelivery.nexusmods.com/mods/1303/images/1993/1993-1714843058-948288367.png,,1.3.4,2024-3-28,1.5M,建筑,A Content Patcher pack for seasonal replacements for all the buildings on your farm. Includes buildings for several popular map recolors!
4542,中世纪建筑,,,#建筑,https://www.nexusmods.com/stardewvalley/mods/4542,Medieval buildings,Gweniaczek,17,https://staticdelivery.nexusmods.com/mods/1303/images/4542/4542-1636487681-754185487.png,,2.2,2024-3-20,1.5M,建筑,"Full set of Farm buildings. Seasonal, multiple options.<br />For all that love Medieval Modern buildings by Eemiestardew and Flower Valley by KAYA/jina2ya as much as i do c:"
299,第二次房屋升级后的浴室,,,#建筑,https://www.nexusmods.com/stardewvalley/mods/299,Bathroom after 2nd Houseupgrade,DevilBro,17,https://staticdelivery.nexusmods.com/mods/1303/images/299-3-1460464075.jpg,,,2016-10-3,769.7K,建筑,This mod adds a bathroom in your house once you upgraded it to level 2. You can bath in your own little pool and recover stamina. Everything else is just cosmetic.
3947,季节性日本建筑,,,#建筑,https://www.nexusmods.com/stardewvalley/mods/3947,Seasonal Japanese Buildings,sonreirblah,17,https://staticdelivery.nexusmods.com/mods/1303/images/3947/3947-1558280194-780097219.gif,,,2019-5-20,226.9K,建筑,"-IF YOU WANT TO MODIFY THIS MOD IN ANY MEANS, SURE, GO AHEAD BECAUSE I HAVE NO TIME UPDATING/CHANGING IT ANYMORE, SORRY-<br /><br />Replaces the vanilla buildings into Japanese Buildings that changes with each season. Also includes animated building and statues, and craftables."
4564,杂草丛生的仙女屋,,,#建筑,https://www.nexusmods.com/stardewvalley/mods/4564,Overgrown Fairy Buildings,naeldeus,17,https://staticdelivery.nexusmods.com/mods/1303/images/4564/4564-1571077003-35343842.png,,,2021-1-25,114.5K,建筑,A content patcher conversion and updated version for Ali's Overgrown Buildings! Updated for sdv 1.5.
494,阿里的过度生长的仙女建筑,,,#建筑,https://www.nexusmods.com/stardewvalley/mods/494,Ali's Overgrown Fairy Buildings,Ali Read,17,https://staticdelivery.nexusmods.com/mods/1303/images/494-0-1468378927.png,,,2016-7-13,143.4K,建筑,cute buildings overgrown with vines
2110,建筑完整套装,,,#建筑,https://www.nexusmods.com/stardewvalley/mods/2110,Hudson Valley Buildings - Complete Pack,oomps62 and magimatica and endohare,17,https://staticdelivery.nexusmods.com/mods/1303/images/2110/2110-1717298611-219931403.png,,,2024-6-3,95.1K,建筑,"Hudson Valley buildings including: houses, barns, coops, multiplayer cabins, slime hutch, well, obelisks, gold clock, silo, shed, Shane's chicken coop, mill, fish pond, big shed, mailboxes, pet bowls, and beehouses"
5438,马厩和拖拉机车库,,,#建筑,https://www.nexusmods.com/stardewvalley/mods/5438,Stable and tractor garage,Gweniaczek,17,https://staticdelivery.nexusmods.com/mods/1303/images/5438/5438-1636406225-1821100111.png,,,2022-5-13,195.7K,建筑,Seasonal stables and tractor garages made to mach Medieval Buildings.
524,农舍地下室改造,,,#建筑,https://www.nexusmods.com/stardewvalley/mods/524,Farmhouse Basement Mod,MiniPantsu,17,https://staticdelivery.nexusmods.com/mods/1303/images/524-0-1472116549.png,,,2017-4-24,140.2K,建筑,"Adds a basement to your farmhouse. An ideal place for running your furnaces&#33;<br />...Now with a new cellar compatible bathroom which also comes with a mirror for changing your character&#39;s appearance&#33;"
4137,宽敞的温室,,,#建筑,https://www.nexusmods.com/stardewvalley/mods/4137,Spacious Greenhouse,mintgal,17,https://staticdelivery.nexusmods.com/mods/1303/images/4137/4137-1561445580-2016200372.png,,,2019-6-30,86.8K,建筑,Bigger greenhouse with seasonal glass windows.
7160,西班牙复兴式建筑,,,#建筑,https://www.nexusmods.com/stardewvalley/mods/7160,Spanish Revival Buildings (WIP),Hadi,17,https://staticdelivery.nexusmods.com/mods/1303/images/7160/7160-1614593115-94759830.png,,,2022-6-19,75.0K,建筑,"A set of seasonal buildings inspired by the Spanish Revival architectural style. Currently a WIP, with more buildings and matching craftables to be added over time."
10656,AT和CP玫瑰小屋-农舍替代,,,#建筑,https://www.nexusmods.com/stardewvalley/mods/10656,Rosy Cottage - Farmhouse replacement,wabiii,17,https://staticdelivery.nexusmods.com/mods/1303/images/10656/10656-1642213163-1033550577.png,,,2025-1-29,89.5K,建筑,A small brick cottage replacement for the farmhouse complete with winter seasonals and recolours - For AT and CP!
12093,AT中世纪现代建筑,,,#建筑,https://www.nexusmods.com/stardewvalley/mods/12093,Eemie's Medieval Modern Buildings for Alternative Textures (AT),lydocia and eemiestardew,17,https://staticdelivery.nexusmods.com/mods/1303/images/12093/12093-1652940626-1542405906.png,,,2022-5-24,67.8K,建筑,"Eemie's Medieval Modern Buildings, but repackaged to work with Alternative Textures."
1478,哈德逊河谷建筑,,,#建筑,https://www.nexusmods.com/stardewvalley/mods/1478,Hudson Valley Buildings,magimatica,17,https://staticdelivery.nexusmods.com/mods/1303/images/1478/1478-1616259607-988892407.png,,2.0.2,2024-5-14,41.2K,建筑,Hudson Valley Buildings for Content Patcher - now updated for SDV 1.6
2752,CP可爱风格农场建筑,,,#建筑,https://www.nexusmods.com/stardewvalley/mods/2752,(CP) More Buildings for Cute Valley Pink for Content Patcher,BeneathThePlass,17,https://staticdelivery.nexusmods.com/mods/1303/images/2752/2752-1535635196-1480995078.png,,,2024-7-12,54.9K,建筑,A content patcher expansion pack of cute styled farm buildings to match the house and stable included in Roalie's Cute Valley Pink set.
20429,AT中世纪主题棚屋,,,#建筑,https://www.nexusmods.com/stardewvalley/mods/20429,(AT) Medieval Themed Sheds,Shyzie,17,https://staticdelivery.nexusmods.com/mods/1303/images/20429/20429-1709605633-1522548265.png,,2.1.0,2024-5-28,115.6K,建筑,Seasonal themed medieval sheds in Gweniaczek's style using assets from Way Back Pelican Town. Playground included! For Alternative Textures.
7701,更好的温室,,,#建筑,https://www.nexusmods.com/stardewvalley/mods/7701,Better Greenhouse,DoctorHadley,17,https://staticdelivery.nexusmods.com/mods/1303/images/7701/7701-1610931126-264807516.png,,,2024-3-22,45.8K,建筑,A 15x15 greenhouse with designated areas for trees.
1078,平衡温室,,,#建筑,https://www.nexusmods.com/stardewvalley/mods/1078,Jamie's Balanced Greenhouse,JamieMage2005,17,https://staticdelivery.nexusmods.com/mods/1303/images/1078-0-1491865296.png,,,2017-4-11,30.3K,建筑,New Greenhouse design with a 15X15 plot for crops and 12 spaces for trees.
420,女巫哥特式建筑,,,#建筑,https://www.nexusmods.com/stardewvalley/mods/420,Witchy-Gothic buildings 1.1 UPDATE,Ali Read,17,https://staticdelivery.nexusmods.com/mods/1303/images/420-0-1477105469.png,,,2016-10-22,56.3K,建筑,spooky buildings for your farm!
641,阿里的魔法花园建筑,,,#建筑,https://www.nexusmods.com/stardewvalley/mods/641,Ali's Enchanted Garden Buildings,Ali Read,17,https://staticdelivery.nexusmods.com/mods/1303/images/641-0-1477142363.png,,,2016-10-23,38.5K,建筑,overgrown mossy buildings to give your farm a secret garden feel !
9704,更新后的季节性日本建筑,,,#建筑,https://www.nexusmods.com/stardewvalley/mods/9704,Updated Seasonal Japanese Buildings,leroymilo,17,https://staticdelivery.nexusmods.com/mods/1303/images/9704/9704-1712071683-839019419.png,,,2025-9-3,55.1K,建筑,Reskin of most farm buildings and some machines into a traditional Japanese style.
3459,天使的日本建筑（完整版）,,,#建筑,https://www.nexusmods.com/stardewvalley/mods/3459,Angel's Japanese Buildings (Complete),sonreirblah,17,https://staticdelivery.nexusmods.com/mods/1303/images/3459/3459-1549708012-38559662.png,,,2019-2-23,24.3K,建筑,A mod to replace the exterior of your farm house and upgrades.
40325,多人温室,,,#建筑,https://www.nexusmods.com/stardewvalley/mods/40325,Presc's Multiplayer Greenhouse,Presc,17,https://staticdelivery.nexusmods.com/mods/1303/images/40325/40325-1765918397-1360894692.png,,,2025-12-17,98,建筑,"Expands the greenhouse by adding 4 separate annex rooms,one for each player. Each room provides the full vanilla crop area (12x10)"
40208,中式温室,,,#建筑,https://www.nexusmods.com/stardewvalley/mods/40208,AT Chinese-style Greenhouse,Enoki,17,https://staticdelivery.nexusmods.com/mods/1303/images/40208/40208-1765548142-879835903.jpg,,,2025-12-12,133,建筑,"A Chinese-style greenhouse decoration, without seasonal changes."
36512,时节宁静祥和,,,#建筑,https://www.nexusmods.com/stardewvalley/mods/36512,Time is quiet and peacefulil(seasonal),Tcocumi,17,https://staticdelivery.nexusmods.com/mods/1303/images/36512/36512-1754783272-1156236181.png,,,2025-9-20,13.0K,建筑,"After five months, I have finally completed the series of seasonal architecture 'Time is quiet and peaceful' and it is now successfully finished!"
34168,CP和AT农舍,,,#建筑,https://www.nexusmods.com/stardewvalley/mods/34168,(CP)and(AT)_LBXLW's RedFox and RainFrog Farmhouse,labixiaoluwan,17,https://staticdelivery.nexusmods.com/mods/1303/images/34168/34168-1747891064-1643432460.jpeg,,,2025-5-22,4.3K,建筑,This set has [CP] and [AT] versions. Designed to match the [RedFox and RainFrog Furniture].
32677,蔬菜蓝农场建筑,,,#建筑,https://www.nexusmods.com/stardewvalley/mods/32677,AT_LBXLW's Vegetable Basket Farm Buildings,Labixiaoluwan,17,https://staticdelivery.nexusmods.com/mods/1303/images/32677/32677-1743060695-95179094.jpeg,,,2025-3-27,4.6K,建筑,"Hope you like vegetable-basket farm buildings. If you want to use this mod,you need the pre-mod [AlternativeTexures].<br />希望你喜欢“菜篮子”系列农场建筑。这是一组AT模式的mod，你需要前置mod [AlternativeTexures]。"
37741,CP和AT-可爱沼泽建筑,,,#建筑,https://www.nexusmods.com/stardewvalley/mods/37741,Luny's Cute Swamp Buildings for AT and CP,Luny,17,https://staticdelivery.nexusmods.com/mods/1303/images/37741/37741-1758229177-117587049.jpg,,,2025-9-19,5.8K,建筑,Gives the farm buildings a cute color scheme with a bog witch vibe. Cause bog witches can be cute too! ♡
34967,合作社,,,#建筑,https://www.nexusmods.com/stardewvalley/mods/34967,CocumiT's Coops,Tcocumi,17,https://staticdelivery.nexusmods.com/mods/1303/images/34967/34967-1750295812-1156405179.png,,,2025-8-12,5.4K,建筑,"I've finally brought it to you: the Coop, and I'm not far from finishing this set, which is a great thing for me, and it means I can put more energy into Food Story"
33320,蒸汽朋克农场建筑,,,#建筑,https://www.nexusmods.com/stardewvalley/mods/33320,AT_LBXLW's Steampunk Farmbuildings and Craftables,labixiaoluwan,17,https://staticdelivery.nexusmods.com/mods/1303/images/33320/33320-1744897089-476502396.jpeg,,,2025-4-17,3.4K,建筑,Tiny Steampunk Stores hided in the alley.<br />蒸汽朋克+小巷店铺=随意组合，打造一个市井气息浓厚的商业街。<br /><br />如果您是中国玩家，可以关注我的小红书账号：小鹿丸与草莓（小红书号：26201926633），我会在那里更新我的mod制作的相关讯息。希望大家喜欢我的作品！
35995,沼泽女巫农场建筑,,,#建筑,https://www.nexusmods.com/stardewvalley/mods/35995,Swamp Witch Farm Buildings,Xafyn,17,https://staticdelivery.nexusmods.com/mods/1303/images/35995/35995-1753965592-671329986.png,,,2025-8-1,2.5K,建筑,"Wanna live your cottage witchy dreams? Look no further as this mod turns your farm buildings into something that came out of a fairy tale! This mod offers cute cottage buildings that are seasonal, giving it a more immersive feel.<br /><br />This mod is heavily inspired by Pumpkin the Goblin's Frogsong mod, go check them out!!"
30855,CP矮人考古学家,,,#建筑,https://www.nexusmods.com/stardewvalley/mods/30855,CP Dwarven Archaeologist,ahri1014,17,https://staticdelivery.nexusmods.com/mods/1303/images/30855/30855-1736822964-982664559.png,,,2025-2-11,19.2K,建筑,Adds a new Artifact Trader to the Quarry Mine.
33029,自定义建筑一体化包,,,#建筑,https://www.nexusmods.com/stardewvalley/mods/33029,Voids OURple HxW Custom Buildings All in One Pack,VoidWitchCult,17,https://staticdelivery.nexusmods.com/mods/1303/images/33029/33029-1744140027-1680567368.png,,,2025-8-10,2.5K,建筑,Recolors the buildings of HxW All-in-One into something Ourple.
32979,维多利亚哥特式建筑,,,#建筑,https://www.nexusmods.com/stardewvalley/mods/32979,Victorian Gothic Town Buildings (BETA),porkiichop,17,https://staticdelivery.nexusmods.com/mods/1303/images/32979/32979-1744006570-460427021.png,,1.0.9,2025-8-11,2.2K,建筑,"This Victorian Gothic Town Buildings Mod (BETA) is a town building mod that will retexture the Pelican Town and NPC buildings alike with a witchy-gothic, dark-hued style inspired by Victorian Queen Anne architecture."
30492,森林农场建筑,,,#建筑,https://www.nexusmods.com/stardewvalley/mods/30492,Forest Farm Buildings,Jupitersandwich,17,https://staticdelivery.nexusmods.com/mods/1303/images/30492/30492-1735727758-1989824805.png,,,2025-1-1,2.2K,建筑,Replaces most farm buildings with foresty new ones.<br />requires Content Patcher and SMAPI
36389,沼泽动画月门方尖碑,,,#建筑,https://www.nexusmods.com/stardewvalley/mods/36389,Bog's Animated Moon Gate Obelisks,KoalaNet,17,https://staticdelivery.nexusmods.com/mods/1303/images/36389/36389-1754796158-1059047815.jpg,,,2025-8-14,2.9K,建筑,Bog's Obelisks; Now animated! Uploaded with permission from BogWyytch
34814,户外建筑,,,#建筑,https://www.nexusmods.com/stardewvalley/mods/34814,CP_LBXLW's RedFox and RainFrog Outdoor Buildings (Code by Mushymato),labixiaoluwan and Mushymato,17,https://staticdelivery.nexusmods.com/mods/1303/images/34814/34814-1749781375-565251293.jpeg,,,2025-6-13,3.5K,建筑,Add CP buildings and furniture for your farm.
34331,巨型温室果园,,,#建筑,https://www.nexusmods.com/stardewvalley/mods/34331,Mega Greenhouse Orchard,DENDEN,17,https://staticdelivery.nexusmods.com/mods/1303/images/34331/34331-1748519216-1598018168.png,,1.1.1,2025-6-3,1.6K,建筑,Adds a lush greenhouse dedicated to fruit tree cultivation. This spacious building allows you to grow up to 336 fruit trees year-round and includes a large free space you can decorate as you like. (An optional version is available that replaces the free space with tillable soil.)
36358,CP-加工站-农场建筑,,,#建筑,https://www.nexusmods.com/stardewvalley/mods/36358,Processing Station - Farm Building (CP),yuninocorn,17,https://staticdelivery.nexusmods.com/mods/1303/images/36358/36358-1754471307-44917783.png,,,2025-8-6,17.1K,建筑,"Conveniently process all of your crops, forage and animal products in bulk by loading them into the processing station and collect your finished artisan goods the next day. Content Patcher required."
36805,直接购买建筑物,,,#建筑,https://www.nexusmods.com/stardewvalley/mods/36805,Just Buy Buildings,Lehasan,17,https://staticdelivery.nexusmods.com/mods/1303/images/36805/36805-1755550568-1830773770.png,,,2025-9-1,1.7K,建筑,"Buy buildings from Robin and the Wizard for money - no resources required, only gold."
32140,乡之屋,,,#建筑,https://www.nexusmods.com/stardewvalley/mods/32140,Inaka no Ie - Countryside House,fiveTrillionElves,17,https://staticdelivery.nexusmods.com/mods/1303/images/32140/32140-1741231909-1514617603.png,,,2025-3-19,1.4K,建筑,A farmhouse reskin meant to resemble rural Japanese architecture. Comes with seasonal and weather overlays.
7798,独角兽彩虹马,,,#音频,https://www.nexusmods.com/stardewvalley/mods/7798,Unicorn Rainbow Horse,Roszpunka1990,12,https://staticdelivery.nexusmods.com/mods/1303/images/7798/7798-1611476857-1916535654.png,,,2021-1-27,7.7K,音频,5 different colors of unicorns
35061,传送大厅,,,#建筑,https://www.nexusmods.com/stardewvalley/mods/35061,Warp Hall (Content Patcher),yuninocorn,17,https://staticdelivery.nexusmods.com/mods/1303/images/35061/35061-1750674870-311252888.png,,,2025-6-23,1.8K,建筑,A magical farm building that merges the four warp obelisks into one compact building with several aesthetic variations to choose from.
34415,中国家具,,,#建筑,https://www.nexusmods.com/stardewvalley/mods/34415,LonOnly's Chinese Furniture,Long,17,https://staticdelivery.nexusmods.com/mods/1303/images/34415/34415-1748743744-1525589055.jpeg,,,2025-6-1,3.1K,建筑,一些中国风的窗户和屏风设计，灵感源于现实中的中国古建筑风格
32189,HxW可建造酒庄重新着色AT,,,#建筑,https://www.nexusmods.com/stardewvalley/mods/32189,VWW - HxW Buildable Winery recolor (AT),VoidWitchCult,17,https://staticdelivery.nexusmods.com/mods/1303/images/32189/32189-1741397875-1195352614.png,,,2025-3-8,1.0K,建筑,Recolors the Buildable Winery of HxW into something Ourple.
36239,Yri风格的书店和热气球,,,#建筑,https://www.nexusmods.com/stardewvalley/mods/36239,A Yri-style  bookseller and hot balloon,momo,17,https://staticdelivery.nexusmods.com/mods/1303/images/36239/36239-1755016699-2017060646.png,,,2025-8-13,3.6K,建筑,--简介--<br />这个模组将1.6新增的书商和热气球替换成欧式建筑样式，有白玫瑰装饰，专门搭配Yri的城镇大修。<br />除了书商旁边的热气球，哈维十心事件的热气球也有相应的美化。
36568,自动分拣机大楼,,,#建筑,https://www.nexusmods.com/stardewvalley/mods/36568,Auto-Sorter Building,AtlasV,17,https://staticdelivery.nexusmods.com/mods/1303/images/36568/36568-1754949546-1784520028.png,,,2025-8-14,2.3K,建筑,Hate sorting your items? looking for an automatic solution? this is the mod for you!
36462,金钟,,,#建筑,https://www.nexusmods.com/stardewvalley/mods/36462,CocumiT's Gold Clock,Tcocumi,17,https://staticdelivery.nexusmods.com/mods/1303/images/36462/36462-1754708938-1913279459.png,,,2025-8-12,1.7K,建筑,"I have finally completed Gold Clock, make full use of it to decorate your far❤"
31427,热气球方尖碑,,,#建筑,https://www.nexusmods.com/stardewvalley/mods/31427,Hot Air Balloon Obelisks for 1.6,LCKa conversion of zilch and PaulDunstan,17,https://staticdelivery.nexusmods.com/mods/1303/images/31427/31427-1738527645-275072778.png,,,2025-2-16,1.3K,建筑,Hot Air Balloon Obelisks are back for SDV 1.6. Now in CP and AT versions. Bonus: the obelisks are now available as animated furniture!
24619,宝可梦【缺少前置】,,汉化25309,#牲畜和动物,https://www.nexusmods.com/stardewvalley/mods/24619,Pokemon Ranch,plaidbees,7,https://staticdelivery.nexusmods.com/mods/1303/images/24619/24619-1725243148-2031968131.png,,1.7,2024-9-2,23.6K,牲畜和动物,"Adds Pokemon as new farm animals, with shiny skins, eggs and deluxe goods. Adds Rowlet, Charmander, Squirtle, Bulbasuar, Piplup, Turtwig, Chimchar, Pichu + evos, Mimikyu, Eeveelutions, Miltank, Wooloo, Lechonk, Vulpix, Ninetails, Minccino, Combee, Vespiquen, Solrock, Lunatone, Farfetch'd, Sunflora, Sunkern, Ditto, Magearna and Unown!"
33458,米斯特利亚牧场,,汉化33462,#牲畜和动物,https://www.nexusmods.com/stardewvalley/mods/33458,Mistria Valley,silvermoonchan,7,https://staticdelivery.nexusmods.com/mods/1303/images/33458/33458-1745321608-1156666801.png,,,2025-8-9,1.4K,牲畜和动物,"Fields of Mistria animals, now for SDV!"
29873,数码宝贝,,,#牲畜和动物,https://www.nexusmods.com/stardewvalley/mods/29873,Digimon Ranch for 1.6,DonValleyParkway silvermoonchan,7,https://staticdelivery.nexusmods.com/mods/1303/images/29873/29873-1733347460-989748448.png,,,2025-6-16,1.5K,牲畜和动物,Digimon Ranch updated for 1.6
14135,小鹦鹉,,汉化27371,#牲畜和动物,https://www.nexusmods.com/stardewvalley/mods/14135,Arrbyte's Lovebirds,Arrbyte,7,https://staticdelivery.nexusmods.com/mods/1303/images/14135/14135-1713774788-1290940090.png,,3.0.0,2024-5-27,16.5K,牲畜和动物,Adds lovebirds with real sounds~
27258,小海豹,,,#牲畜和动物,https://www.nexusmods.com/stardewvalley/mods/27258,mondluna's Seal for 1.6,mondluna silvermoonchan jonbow,7,https://staticdelivery.nexusmods.com/mods/1303/images/27258/27258-1724477543-740960900.png,,,2025-1-2,2.5K,牲畜和动物,Adds seals as a farm animal
27257,企鹅,,,#牲畜和动物,https://www.nexusmods.com/stardewvalley/mods/27257,NukaColaPrime's Penguins for 1.6,NukaColaPrime silvermoonchan,7,https://staticdelivery.nexusmods.com/mods/1303/images/27257/27257-1724477022-595761549.png,,,2025-4-24,2.2K,牲畜和动物,Adds penguins to your farm
3578,新增鱼类（140种）,,汉化9607,#钓鱼,https://www.nexusmods.com/stardewvalley/mods/3578,More New Fish,Hisameartwork and TrentXV,26,https://staticdelivery.nexusmods.com/mods/1303/images/3578/3578-1562441995-2075573888.jpeg,,3.0.3,2025-12-12,471.2K,钓鱼,Adds new fish to the game. Check list to see more info.
31099,可爱生物和黑暗生物,,,#牲畜和动物,https://www.nexusmods.com/stardewvalley/mods/31099,Dark Creatures and Cuties,xAncAx,7,https://staticdelivery.nexusmods.com/mods/1303/images/31099/31099-1744398517-1080003873.png,,2.1.0,2025-6-25,8.4K,牲畜和动物,"This mod adds 25 unique creatures to your game, some dark and mysterious, some cute and adorable."
32011,综合自然生物,,,#牲畜和动物,https://www.nexusmods.com/stardewvalley/mods/32011,Integrated Wildlife,Nature - xAncAx,7,https://staticdelivery.nexusmods.com/mods/1303/images/32011/32011-1740957033-1519358492.png,,1.0.3,2025-7-6,11.6K,牲畜和动物,"Make the world of Stardew Valley feel lived in, find animals under rocks, in the soil, in the grass, in the tree tops. This mod adds 36 new integrated wild animals, from critters to fluffy mammals and reptiles."
16642,宝可梦鱼类,,汉化24506,#钓鱼,https://www.nexusmods.com/stardewvalley/mods/16642,Pokemon Fish,otohimexoxo,26,https://staticdelivery.nexusmods.com/mods/1303/images/16642/16642-1683776704-1220503668.png,,,2024-8-11,19.0K,钓鱼,Adds 30+ Pokemon as fish/foragables/crabpot fish (+ shiny variants)
24317,驯龙高手（12种龙）,,,#牲畜和动物,https://www.nexusmods.com/stardewvalley/mods/24317,Everia's Dragons Expanded,mytigio,7,https://staticdelivery.nexusmods.com/mods/1303/images/24317/24317-1716269315-876570110.jpeg,,1.0.4,2025-1-7,26.5K,牲畜和动物,"Expands the Dragons in Everia's Dragons to include Dragon Eggs, new cooking recipes, baby textures and more.<br /><br />Dragons are now hatched from unique dragon eggs, which can be bought and sold at the Adventurer's Guild."
22450,驯龙高手（6种龙）,,,#牲畜和动物,https://www.nexusmods.com/stardewvalley/mods/22450,Murrthecat's Wyverns for 1.6,Murrthecat silvermoonchan,7,https://staticdelivery.nexusmods.com/mods/1303/images/22450/22450-1735073686-418086797.png,,,2025-1-2,3.2K,牲畜和动物,BFAV Wyverns for CP
37156,宝可梦捕捉战斗,,汉化37171,#游戏机制,https://www.nexusmods.com/stardewvalley/mods/37156,Catchable Pokemon,XanCreations,3,https://staticdelivery.nexusmods.com/mods/1303/images/37156/37156-1756563054-721420635.png,,,2025-12-26,4.2K,游戏机制,This mod adds catchable Pokémon to Stardew Valley using the Nature In The Valley framework.<br />The purpose of the mod is to not only allow players to interact with Pokémon but get a feel for it's world whilst still being grounded in Stardew Valley.<br />It will be expanded upon and continue to grow over time.
22547,怪物宠物,,,#宠物和马,https://www.nexusmods.com/stardewvalley/mods/22547,JP's Le Pets - Monsters of the Mines,Juanpa98ar,8,https://staticdelivery.nexusmods.com/mods/1303/images/22547/22547-1713142908-1363913854.png,,,2024-10-22,3.6K,宠物/马,Now you can adopt monsters at Marnie's Ranch! Treat them well and they will bring you valuable gifts. From small Slimes to a huge Pepper Rex.
28303,17种珍稀动物,,汉化30902,#牲畜和动物,https://www.nexusmods.com/stardewvalley/mods/28303,Jonbow's Animals,Jonbow,7,https://staticdelivery.nexusmods.com/mods/1303/images/28303/28303-1731881969-442640830.png,,1.5,2024-12-26,6.1K,牲畜和动物,"Adds Kangaroos, Zebra, Rhino, Porcupines, Anteaters, Antelope, Giraffe, Hippo, Moose, Okapi, Pangolins, and Tapirs as barn animals, Kiwi, Lyrebirds, Bilbies, Quokka, and Jerboa as Coop Animals. Also adds a Tent as animal housing which can accommodate larger animals which may come in the future."
35341,星露小队,,,#游戏机制,https://www.nexusmods.com/stardewvalley/mods/35341,The Stardew Squad,ThaliaFawnheart,3,https://staticdelivery.nexusmods.com/mods/1303/images/35341/35341-1751976346-505567802.png,,,2025-12-14,68.7K,游戏机制,"With this mod, you can now invite NPCs to follow you around and do tasks with you! Water crops, cut down trees, explore the mines and more with the help of your neighbors."
21231,野生动物,,,#牲畜和动物,https://www.nexusmods.com/stardewvalley/mods/21231,SH's Wild Animals (Lite),SmolHooman - plurffle,7,https://staticdelivery.nexusmods.com/mods/1303/images/21231/21231-1749733701-1874411184.png,,,2025-9-9,21.0K,牲畜和动物,Adds some wild animals to the game (locations added from other mods not included).
36362,卡皮巴拉动物摸动物,,,#牲畜和动物,https://www.nexusmods.com/stardewvalley/mods/36362,Em and Harry's Capybara,Em and HarrisonGrey,7,https://staticdelivery.nexusmods.com/mods/1303/images/36362/36362-1754932802-176191740.png,,,2025-9-6,4.6K,牲畜和动物,Adds a capybara as a late game Barn Animal; forages items and pets other Farm Animals
36140,祝尼魔畜牧业,,,#牲畜和动物,https://www.nexusmods.com/stardewvalley/mods/36140,Jeelh's Junimo Livestock,Jeelh,7,https://staticdelivery.nexusmods.com/mods/1303/images/36140/36140-1758168530-2000757569.png,,,2025-7-29,635,牲畜和动物,Adds Junimos as a livestock option!
23617,饥饿口渴,,汉化25742,#游戏机制,https://www.nexusmods.com/stardewvalley/mods/23617,Survivalistic - Hunger and Thirst (Rebooted),Ophaneom and Locked15,3,https://staticdelivery.nexusmods.com/mods/1303/images/23617/23617-1714829371-487712017.png,,1.1.0-Unofficial.4-Locked15,2024-8-31,12.6K,游戏机制,"Adds some survival odds to the game, with different penalty and feed/hydrate values to each tool/food!<br />Now with a bunch of new options.<br /><br />AND WITH SUPPORT FOR SDV 1.6!"
35360,原神作物（50+）,,汉化35849,#农作物,https://www.nexusmods.com/stardewvalley/mods/35360,Botany of Teyvat,oclarina,14,https://staticdelivery.nexusmods.com/mods/1303/images/35360/35360-1751722455-1575227580.png,,1.2.1,2025-10-31,4.3K,农作物,Adds over 50 crops from the world of Genshin Impact to Stardew Valley.
32584,上古杨桃杂交,,,#农作物,https://www.nexusmods.com/stardewvalley/mods/32584,Star Crops and Galaxy Rainbow Trees - Stardrop Tea Ancient Starfruit Fruit Sapling Mod,MissAnaira,14,https://staticdelivery.nexusmods.com/mods/1303/images/32584/32584-1745384292-1839105066.png,,,2025-6-28,5.5K,农作物,"Brew your own Stardrop Tea in a keg! Adds a galactic sapling, 2 celestial seeds, and 4 cosmic crops to the game! These crOPs are meant to help with late game progression and help with friendship (Stardrop), money (ASF), and buffs (Galaxy). Obtainable via dangerous monster loot, Qi's walnut room, or traveling cart."
23127,多肉植物,,,#农作物,https://www.nexusmods.com/stardewvalley/mods/23127,Neo's Succulent Farm Redux,Neonix,14,https://staticdelivery.nexusmods.com/mods/1303/images/23127/23127-1713939065-1458537865.png,,,2024-6-4,7.1K,农作物,Adds 20 succulent and cactus crops to the game. Updated for Stardew 1.6 and fully converted to Content Patcher!
21484,129种果蔬,,汉化25038,#农作物,https://www.nexusmods.com/stardewvalley/mods/21484,MBF More Crops Fruits and Forage (Formerly More Berries Fruits and Vegetables as Forage),Aldino112,14,https://staticdelivery.nexusmods.com/mods/1303/images/21484/21484-1718442612-1278230853.png,,,2024-9-12,18.0K,农作物,"Add 21 New Berries, add 84 New Fruits, add 24 New Vegetables as forage<br />Add Crops and Fruit Trees"
21674,151种蘑菇,,汉化24635,#农作物,https://www.nexusmods.com/stardewvalley/mods/21674,MMF More Mushrooms as Forage - Aldino112,Aldino112,14,https://staticdelivery.nexusmods.com/mods/1303/images/21674/21674-1714245882-626473830.png,,,2024-9-12,12.2K,农作物,Add 151 NEW MUSHROOMS FOR YOU TO FORAGE
32267,钓鱼难度降低,,,#钓鱼,https://www.nexusmods.com/stardewvalley/mods/32267,Fishing difficulty reduced,ganfantianzun,26,https://staticdelivery.nexusmods.com/mods/1303/images/32267/32267-1741608364-632844455.png,,,2025-4-9,6.4K,钓鱼,降低钓鱼难度，使得玩家可以更轻易的钓上鱼，体验游戏乐趣。
36032,钓鱼完美助手,,,#钓鱼,https://www.nexusmods.com/stardewvalley/mods/36032,Fishing Perfection Helper,ForgetfulDoryFish,26,https://staticdelivery.nexusmods.com/mods/1303/images/36032/36032-1753496254-735109223.png,,,2025-7-26,2.3K,钓鱼,"Press the V key to open a list of the currently catchable fish that you haven't caught yet. This helps you easily check if there's something you should go catch right now, so you don't have to track the required circumstances for fish you're missing as closely."
33980,鱼显示在哪里和如何捕获,,汉化34234,#钓鱼,https://www.nexusmods.com/stardewvalley/mods/33980,Fish Again and Again,Kitty Kaninka,26,https://staticdelivery.nexusmods.com/mods/1303/images/33980/33980-1747288642-576077378.png,,,2025-5-16,2.0K,钓鱼,"Have you managed to get your hands on a fish, but don't know how to find it again? It is a problem i face often, so I made a mod to fix it. The description of all fish, crab pot fish etc. have now been changed to show where and how to catch them."
40186,节奏钓鱼,,,#钓鱼,https://www.nexusmods.com/stardewvalley/mods/40186,Rhythm Fishing,Len,26,https://staticdelivery.nexusmods.com/mods/1303/images/40186/40186-1765506694-1787665417.jpg,,1.0.5,2025-12-23,1.2K,钓鱼,"Overhauls the fishing minigame into a timing-based rhythm game! Features dynamic difficulty, combo streaks, boss fish patterns, and treasures. Fully configurable. (Mod generated by AI)"
34807,水滴鱼和迷幻鱼,,,#钓鱼,https://www.nexusmods.com/stardewvalley/mods/34807,Eunoia's Aquarium - Blobfish and Psychrolutes,Eunoia,26,https://staticdelivery.nexusmods.com/mods/1303/images/34807/34807-1749761221-472679466.png,,1.1.0,2025-6-19,441,钓鱼,Retextures and recolours the blobfish and optionally returns it to a healthly Psychrolute.
30939,揭示最佳钓鱼地点,,,#钓鱼,https://www.nexusmods.com/stardewvalley/mods/30939,Fishing Statistics,linkoid,26,https://staticdelivery.nexusmods.com/mods/1303/images/30939/30939-1737070181-2041962975.png,,,2025-1-21,969,钓鱼,Provides statistics revealing the best place to fish to maximize profit.
23734,极端天气,,,#游戏机制,https://www.nexusmods.com/stardewvalley/mods/23734,Project Danger Weather PDW,13midnight,3,https://staticdelivery.nexusmods.com/mods/1303/images/23734/23734-1715029490-336504893.png,,,2025-9-4,25.5K,游戏机制,Adds more weather patterns to the valley. Now with weather that is angry at you.
28914,强力boss,,,#游戏机制,https://www.nexusmods.com/stardewvalley/mods/28914,Boss Battles,Nature-w8AwA8w,3,https://staticdelivery.nexusmods.com/mods/1303/images/28914/28914-1730119731-72343598.png,,,2025-1-21,30.0K,游戏机制,"Become a true adventurer! This mod adds 7 new unique bosses to the mines with varying difficulty settings and arenas, each dropping cool costumes and valuable materials."
16674,随时随地睡觉,,,#各种各样的,https://www.nexusmods.com/stardewvalley/mods/16674,Sleep Wherever,Vexorth,2,https://staticdelivery.nexusmods.com/mods/1303/images/16674/16674-1683929213-868917935.png,,,2023-5-13,2.1K,各种各样的,This mod allows you to sleep wherever you want by pressing X by default(you can change that in config.json)
27345,服装增益效果,,,#游戏机制,https://www.nexusmods.com/stardewvalley/mods/27345,Skillful Clothes Revamp,Nature-w8AwA8w,3,https://staticdelivery.nexusmods.com/mods/1303/images/27345/27345-1724955971-2054154829.png,,1.1.6,2025-3-12,31.9K,游戏机制,"A custom rendition of Skillful Clothes by Lunatic Shade, adds even more skills and buffs to shirts, pants and hats. Adds set bonuses, clothing forge and portable wardrobe."
24195,种子短缺/不卖种子,,,#游戏机制,https://www.nexusmods.com/stardewvalley/mods/24195,No Seeds For Coin - Seed Shortage,Pokky,3,https://staticdelivery.nexusmods.com/mods/1303/images/24195/24195-1718989546-1928119325.png,,1.0.2,2025-5-14,820,游戏机制,"Removes seeds from shops, so you have to make do with mixed seeds. Good luck!"
11354,大型作物和烹饪,,20多款游戏联动,#农作物,https://www.nexusmods.com/stardewvalley/mods/11354,Interdimensional Harvest,404N0F,14,https://staticdelivery.nexusmods.com/mods/1303/images/11354/11354-1722174322-1707839991.png,,,2025-12-22,2.8K,农作物,"Adds items from different Games and Fandoms like: Celeste, Deltarune, Minecraft, OMORI, The Backrooms, The S.C.P. Foundation, Undertale, Vaporwave and Yume Nikki"
21498,野花的重新构想,,,#农作物,https://www.nexusmods.com/stardewvalley/mods/21498,Wild Flowers Reimagined,jpp,14,https://staticdelivery.nexusmods.com/mods/1303/images/21498/21498-1712107299-2103409997.png,,3.3.2,2025-8-28,19.8K,农作物,"Makes seasonal, harvestable flowers grow randomly on grass"
24104,宝可梦树果,,,#农作物,https://www.nexusmods.com/stardewvalley/mods/24104,Pokemon Berry Bushes,TntDove,14,https://staticdelivery.nexusmods.com/mods/1303/images/24104/24104-1716383097-2098020395.png,,1.0.3,2024-6-14,6.0K,农作物,Adds the berries from Pokemon to Stardew Valley as growable crops. Includes giant crops and cooking recipes.
31445,21种番茄和意餐,,,#农作物,https://www.nexusmods.com/stardewvalley/mods/31445,Tomato Ancient Seeds,Damadelfalco,14,https://staticdelivery.nexusmods.com/mods/1303/images/31445/31445-1745828922-383272338.png,,,2025-5-3,2.8K,农作物,Tired of the same old tomatoes? Then unleash your inner tomato lover with Tomato Ancient Seeds!<br />New tomato varieties and recipes with lots of dishes!
28023,肉类作物,,汉化34679,#农作物,https://www.nexusmods.com/stardewvalley/mods/28023,Rose's Cruelty Free Meat (Grow Animal Meat),Roseloves109,14,https://staticdelivery.nexusmods.com/mods/1303/images/28023/28023-1753858693-550572294.png,,,2025-7-31,7.5K,农作物,Mods allows you to grow meat and all Animal Products. Mod needs Content Patcher and Extra Machine Configs to work
22975,水培作物,,,#修改工具,https://www.nexusmods.com/stardewvalley/mods/22975,Machine Terrain Framework (and Aquatic Crops - formerly Custom Tapper Framework),Selph aka zombifier,9,https://staticdelivery.nexusmods.com/mods/1303/images/22975/22975-1716594319-1364485036.png,,,2025-11-3,220.1K,修改工具,"A framework for adding machines that can be placed on trees, giant crops, and water. Also add water crops support."
35961,若叶睦-苏联理想至高无上,,,#人物,https://www.nexusmods.com/stardewvalley/mods/35961,Mutsumi,Kozeki_Ui,5,https://staticdelivery.nexusmods.com/mods/1303/images/35961/35961-1753271229-805146064.jpg,,,2025-8-2,304,人物,为鹈鹕镇新增了一位村民：若叶睦（和Mortis）。<br />位于博物馆的地下室；<br />人物原型来自BanGDream!中的乐队Ave Mujica。
21414,市场经济（期货）,,,#游戏机制,https://www.nexusmods.com/stardewvalley/mods/21414,Ferngill Simple Economy,Paul Steele,3,https://staticdelivery.nexusmods.com/mods/1303/images/21414/21414-1711833117-378753004.png,,2.0.0,2025-11-28,35.9K,游戏机制,Tired of selling millions of blueberries every summer? Want to try out various crop mods but can't resist the urge to min max? Ferngill Simple Economy introduces a randomized economy where crops follow basic rules of supply and demand. Sell too much of an item and its price may plummet! But play the market right and you might strike it big.
13043,芬吉尔银行,,,#游戏机制,https://www.nexusmods.com/stardewvalley/mods/13043,Bank of Ferngill,Mizzion,3,https://staticdelivery.nexusmods.com/mods/1303/images/13043/13043-1658619396-2129783859.png,,,2024-12-2,12.4K,游戏机制,Adds a bank function to the game.
9253,便携股市,,,#游戏机制,https://www.nexusmods.com/stardewvalley/mods/9253,Investment Maximized,MissCoriel,3,https://staticdelivery.nexusmods.com/mods/1303/images/9253/9253-1629039393-1159858934.png,,1.0.2,2024-6-16,6.3K,游戏机制,"Finally, a fully functional Investment system! Invest money and establish Economics!!"
23417,慈善捐款,,汉化23963,#项目,https://www.nexusmods.com/stardewvalley/mods/23417,Charity Donation Stand Addition,Aimon111,15,https://staticdelivery.nexusmods.com/mods/1303/images/23417/23417-1714930845-1809935206.png,,,2024-5-7,7.7K,项目,Adds donation stand in Pierre's shop in which you can donate to various charity organisations.
35054,讨价还价,,,#游戏机制,https://www.nexusmods.com/stardewvalley/mods/35054,ConversationSystem (Skill),YunHikari,3,https://staticdelivery.nexusmods.com/mods/1303/images/35054/35054-1750676985-340105298.png,,,2025-7-25,7.6K,游戏机制,"This is a brand-new Conversation Skill with 6 unique professions.<br />The mod features tons of dynamic dialogue, letting you talk about other villagers with them.<br />You can trade with villagers using your conversation skills, finding new ways to profit for your farm.<br />Or help with simple tasks and compliment villagers to build friendship."
29299,新鲜农产品大赛,,汉化29312,#游戏机制,https://www.nexusmods.com/stardewvalley/mods/29299,Fresh Farm Produce,Selph aka zombifier,3,https://staticdelivery.nexusmods.com/mods/1303/images/29299/29299-1744400758-454475353.png,,2.0.2,2025-11-5,18.5K,游戏机制,"Be rewarded for selling fresh, high quality produce. Increase sell price of high quality crops and other organic items, and add a season-long competition to crown the farm with the highest variety of fresh produce in all of the Ferngill Republic!"
21318,肥料可堆叠,,,#游戏机制,https://www.nexusmods.com/stardewvalley/mods/21318,Ultimate Fertilizer,fox_white,3,https://staticdelivery.nexusmods.com/mods/1303/images/21318/21318-1711719922-7583953.png,,,2024-6-14,35.8K,游戏机制,"Modify aspects of fertilizers in a configurable way, allow you to apply multiple fertilizer to one tile, allow you to apply fertilizer after crop have grown, allow you to modify bonus from each fertilizers."
16689,洒水器升级,,,#制作,https://www.nexusmods.com/stardewvalley/mods/16689,Upgrade Sprinklers,OchoEsLinda,22,https://staticdelivery.nexusmods.com/mods/1303/images/16689/16689-1684088733-1639525148.png,,,2024-3-25,83.2K,制作,"Ready for the next tier sprinkler, but you have all these old sprinklers laying around? Don't waste them, upgrade them!"
20648,友情价,,,#游戏机制,https://www.nexusmods.com/stardewvalley/mods/20648,Friendships Affect Prices,weissnichts vom Leben,3,https://staticdelivery.nexusmods.com/mods/1303/images/20648/20648-1710894675-503587521.jpeg,,,2025-9-18,44.9K,游戏机制,Your friendship level with store owners affects their prices. <br />Fully customisable
27432,动物会产生💩,,汉化27994,#牲畜和动物,https://www.nexusmods.com/stardewvalley/mods/27432,Immersive Manure,Selph aka zombifier,7,https://staticdelivery.nexusmods.com/mods/1303/images/27432/27432-1726711985-1943499001.png,,,2024-12-10,3.8K,牲畜和动物,"Every farm animal now drops manure, which can be processed into fertilizer or biofuel."
11013,炒股,,,#游戏机制,https://www.nexusmods.com/stardewvalley/mods/11013,Financial Call Center,Dhamos,3,https://staticdelivery.nexusmods.com/mods/1303/images/11013/11013-1644689558-1914689451.jpeg,,,2022-2-13,1.1K,游戏机制,Allow you to buy stocks of ZuzuCity and sell it after some days with profit! Money making money!
6523,智能手机,,,#用户界面,https://www.nexusmods.com/stardewvalley/mods/6523,Mobile Phone,aedenthorn,10,https://staticdelivery.nexusmods.com/mods/1303/images/6523/6523-1596702058-1534607505.png,,3.4.1,2025-9-28,741.0K,用户界面,Gives you a customizable mobile phone that lets you call and receive calls from friends to chat or replay old events! It also runs mobile apps provided by other mods.
29035,自动吃饭,,,#游戏机制,https://www.nexusmods.com/stardewvalley/mods/29035,AutoHealAndEnergize,YunHikari,3,https://staticdelivery.nexusmods.com/mods/1303/images/29035/29035-1730549194-1157554791.png,,,2024-12-1,11.9K,游戏机制,Automatically consume food to recover when your health or stamina is low!
28722,自动水壶,,,#游戏机制,https://www.nexusmods.com/stardewvalley/mods/28722,AutoWateringCan,YunHikari,3,https://staticdelivery.nexusmods.com/mods/1303/images/28722/28722-1729442038-1623537900.png,,,2024-12-2,36.1K,游戏机制,"This mod helps farmers automatically water crops, <br />Simplifying the tedious watering process. <br />By equipping a WateringCan and approaching Crops or HoeDirt, it operates seamlessly.<br />It features enhanced range detection, reducing the chances of missing any crops that need watering."
28666,自动稿子,,,#游戏机制,https://www.nexusmods.com/stardewvalley/mods/28666,AutoPickaxe,YunHikari,3,https://staticdelivery.nexusmods.com/mods/1303/images/28666/28666-1729288194-596593113.png,,,2024-12-2,16.8K,游戏机制,"This mod can help you avoid the hassle of clicking the mouse; you can mine just by moving.<br />If you care about game balance, the default configuration won't raise any concerns about cheating.<br />If you pursue efficiency, you can modify the config to significantly increase mining efficiency."
28974,自动锄头,,,#游戏机制,https://www.nexusmods.com/stardewvalley/mods/28974,AutoHoe,YunHikari,3,https://staticdelivery.nexusmods.com/mods/1303/images/28974/28974-1730361760-869612004.png,,,2024-11-29,9.3K,游戏机制,"This mod helps you easily dig up artifacts, cave soil, and prepare soil for farming with the hoe."
29058,自动斧头,,,#游戏机制,https://www.nexusmods.com/stardewvalley/mods/29058,AutoAxe,YunHikari,3,https://staticdelivery.nexusmods.com/mods/1303/images/29058/29058-1730677784-732960426.png,,,2024-11-29,13.6K,游戏机制,"This mod helps with chopping trees using an axe, making operations simpler."
29391,自动镰刀,,,#游戏机制,https://www.nexusmods.com/stardewvalley/mods/29391,AutoScythe,YunHikari,3,https://staticdelivery.nexusmods.com/mods/1303/images/29391/29391-1731577075-662800204.png,,,2024-12-2,11.1K,游戏机制,"Let you use the Scythe to automatically harvest crops, gather forage, and even collect moss and tree fruits."
38143,莫奈的花园,,,#家具,https://www.nexusmods.com/stardewvalley/mods/38143,Monet's Garden,YellowSlime,23,https://staticdelivery.nexusmods.com/mods/1303/images/38143/38143-1759590432-805279936.png,,,2025-10-4,7.5K,家具,一套灵感来自莫奈作品的家具。适配FF3.0/A set of furniture inspired by Monet's works. Compatible with FF3.0.
28423,MMAP,,,#修改工具,https://www.nexusmods.com/stardewvalley/mods/28423,Misc Map Actions Properties - MMAP,mushymato,9,https://staticdelivery.nexusmods.com/mods/1303/images/28423/28423-1728368606-1747128123.png,,,2025-12-24,288.8K,修改工具,Add a few map tile actions and properties for map makers to use.
35333,游乐园粉色城堡,,,#家具,https://www.nexusmods.com/stardewvalley/mods/35333,Pink Sweety Amusement Park,YellowSlime and Kyuya,23,https://staticdelivery.nexusmods.com/mods/1303/images/35333/35333-1751595642-1984253281.png,,,2025-8-21,6.7K,家具,粉色甜蜜风格的游乐园主题家具和小径，适用于FF3.0——xhs@榴莲牛奶流心牛角包
34682,黑金圣殿,,,#家具,https://www.nexusmods.com/stardewvalley/mods/34682,Gothic Rose Furniture,YellowSlime,23,https://staticdelivery.nexusmods.com/mods/1303/images/34682/34682-1749379674-612705028.png,,,2025-7-1,13.0K,家具,哥特风格家具和一些地板和壁纸，适用于FF3.0——xhs@榴莲牛奶流心牛角包<br />已上传CP版本√
39665,可爱小雨衣,,,#衣服,https://www.nexusmods.com/stardewvalley/mods/39665,FS- Layicn's Cute Xianluolipu Rainy Outfit,Layicn,13,https://staticdelivery.nexusmods.com/mods/1303/images/39665/39665-1764068406-1670133014.png,,,2025-11-25,3.4K,衣服,5 cute raincoats inspired by Xianluolipu. 5套灵感来源自暹罗厘普的可爱雨衣。
39514,洛可可家具,,,#衣服,https://www.nexusmods.com/stardewvalley/mods/39514,FS-Asily Goddess of Time,AsiliaMMM,13,https://staticdelivery.nexusmods.com/mods/1303/images/39514/39514-1763645231-897178053.jpg,,,2025-11-20,1.1K,衣服,时间之神美化包：包含一种发型、一件服装（遮手臂）、一个头饰
39381,绿色家具,,,#家具,https://www.nexusmods.com/stardewvalley/mods/39381,Th3Fishhh's Green Furniture,Th3Fishhh,23,https://staticdelivery.nexusmods.com/mods/1303/images/39381/39381-1763281704-946351100.png,,,2025-12-21,4.3K,家具,Add some new green furniture.
39571,蓝色家具,,,#家具,https://www.nexusmods.com/stardewvalley/mods/39571,Th3Fishhh's Blue Furnitures,Th3Fishhh,23,https://staticdelivery.nexusmods.com/mods/1303/images/39571/39571-1763812056-1499950471.png,,,2025-11-22,2.8K,家具,Add some new blue furniture.
39529,FS-基础长袖,,,#衣服,https://www.nexusmods.com/stardewvalley/mods/39529,FS Basic Long Sleeves,Chloe,13,https://staticdelivery.nexusmods.com/mods/1303/images/39529/39529-1763698253-293705833.jpg,,,2025-12-15,2.1K,衣服,Two basic FS long sleeves:  Regular Long Sleeves and Fur Long Sleeves
39345,FS-洛丽塔服装,,,#衣服,https://www.nexusmods.com/stardewvalley/mods/39345,StarryWhispers HD Outfit Pack,Chloe1202,13,https://staticdelivery.nexusmods.com/mods/1303/images/39345/39345-1766282474-34710163.jpg,,,2025-11-15,3.7K,衣服,"Cute HD Lolita-inspired outfit. Each color set includes: 1 top, 1 skirt, 1 pair of bunny shoes, 1 hat, 4 accessories,  hairstyle shared across the whole series."
39296,艾利欧特利亚行走图,,,#人物,https://www.nexusmods.com/stardewvalley/mods/39296,Leah and Elliott Character Sprites for Yuti Portraits,HYUN,5,https://staticdelivery.nexusmods.com/mods/1303/images/39296/39296-1762956240-476820643.png,,,2025-11-12,337,人物,Leah and Elliott Character Sprites for Yuti’s Portraits<br />유티’s portrait can be downloaded from the Naver Cafe!
39228,动物森友会家具,,,#家具,https://www.nexusmods.com/stardewvalley/mods/39228,Envias Furniture Inspired by Playing Too Much Animal Crossing,Envia,23,https://staticdelivery.nexusmods.com/mods/1303/images/39228/39228-1762703922-1038335008.png,,,2025-11-10,3.7K,家具,Some new furniture designs inspired by my extensive time playing Animal Crossing.
39131,欧式园林建筑家具,,,#家具,https://www.nexusmods.com/stardewvalley/mods/39131,(CP)European-style garden building components,umganil,23,https://staticdelivery.nexusmods.com/mods/1303/images/39131/39131-1762519081-856377114.png,,,2025-11-7,2.2K,家具,"A series of freely combinable garden architectural components have been added, mainly consisting of columns, partitions, and walls"
39126,FS-冬季衣服包,,,#衣服,https://www.nexusmods.com/stardewvalley/mods/39126,Winter Outfit Pack,Chloe1202,13,https://staticdelivery.nexusmods.com/mods/1303/images/39126/39126-1762498498-1620909824.jpg,,,2025-11-7,6.4K,衣服,"A winter outfit pack including 5 tops, 5 skirts, 5 hats and 5 accessories (fur collar &amp; scarfs)."
39064,神奇植物家具,,,#家具,https://www.nexusmods.com/stardewvalley/mods/39064,Miraculous Plants Furniture,Gerne,23,https://staticdelivery.nexusmods.com/mods/1303/images/39064/39064-1762270361-1064153450.jpg,,,2025-11-4,1.6K,家具,添加了奇迹大陆的24种植物作为家具。
38986,安屿的花卉蘑菇装饰,,,#家具,https://www.nexusmods.com/stardewvalley/mods/38986,Envia's botanic garden,ANYUEnvia,23,https://staticdelivery.nexusmods.com/mods/1303/images/38986/38986-1761987005-1409307511.png,,,2025-11-1,4.4K,家具,A few floral and mushroom decorations
38974,克苏鲁风格家具,,,#家具,https://www.nexusmods.com/stardewvalley/mods/38974,Halloween furniture set for 2025,YellowSlime,23,https://staticdelivery.nexusmods.com/mods/1303/images/38974/38974-1761918100-1034617686.png,,,2025-10-31,931,家具,"一些含有克系元素的家具，壁纸与地板，为2025万圣节而作。/Some Cthulhu-themed furniture, wallpapers and flooring, created for Halloween 2025."
38942,美人鱼四季动态喷泉,,,#家具,https://www.nexusmods.com/stardewvalley/mods/38942,(CPA) Clejr Mermaid Fountain,Mychocolate,23,https://staticdelivery.nexusmods.com/mods/1303/images/38942/38942-1761794537-1653402074.png,,,2025-10-30,1.0K,家具,"Add Mermaid Fountain<br />Search for 'Fountain' in CJB<br /><br />There are two versions available. If you wish to use it in Secret Forest, select the Forest version."
38927,FS-万圣节套装,,,#衣服,https://www.nexusmods.com/stardewvalley/mods/38927,Halloween Gifts,Chloe1202,13,https://staticdelivery.nexusmods.com/mods/1303/images/38927/38927-1761744652-1372406956.jpg,,,2025-10-29,6.1K,衣服,"Halloween outfit set including 5 shirts, 5 skirts, 4 hats, 4 hairstyles and 1 accessory (a pumpkin bag)."
32955,FS-虾片四套小蜜蜂,,,#衣服,https://www.nexusmods.com/stardewvalley/mods/32955,FS_xiapian's fourth outfit,xiapian,13,https://staticdelivery.nexusmods.com/mods/1303/images/32955/32955-1743923201-250612992.jpeg,,,2025-4-6,1.2K,衣服,制作了和小动物相关的服装，蜜蜂上衣的小翅膀可以动哦！
31947,FS-虾片斗篷,,,#衣服,https://www.nexusmods.com/stardewvalley/mods/31947,FS_xiapian--chiikawa' cloak,xiapian,13,https://staticdelivery.nexusmods.com/mods/1303/images/31947/31947-1740589738-1901315940.jpeg,,,2025-2-27,1.8K,衣服,关于吉伊卡哇的角色斗篷，和短发更适配哦！<br /><br />非常开心大家喜欢这个斗篷！
32035,FS-小鸟游六花,,,#衣服,https://www.nexusmods.com/stardewvalley/mods/32035,FS_xiapian-- Rikka Takanashi_ Love Chunibyo  Other Delusions,xiapian,13,https://staticdelivery.nexusmods.com/mods/1303/images/32035/32035-1740902030-445393315.jpeg,,,2025-3-2,658,衣服,小鸟游六花的两套衣服
32042,FS-吉伊卡哇衣服帽子3套,,,#衣服,https://www.nexusmods.com/stardewvalley/mods/32042,FS_xiapian--chiikawa,xiapian,13,https://staticdelivery.nexusmods.com/mods/1303/images/32042/32042-1740918956-1405613890.jpeg,,,2025-3-2,458,衣服,三套吉伊卡哇的衣服帽子
32334,FS-几种颜色游行走动态图,,,#衣服,https://www.nexusmods.com/stardewvalley/mods/32334,FS_xiapian's Dynamic Hair Pack,xiapian,13,https://staticdelivery.nexusmods.com/mods/1303/images/32334/32334-1741801404-179047855.jpeg,,,2025-3-13,1.8K,衣服,"制作的一种发型，染色了好几种，有待机与行走动态效果<br /><br />A hairstyle made, dyed several times, with standby and walking dynamic effects"
32731,FS-整套衣服,,,#衣服,https://www.nexusmods.com/stardewvalley/mods/32731,FS_Xiapian's first set of clothes,xiapian,13,https://staticdelivery.nexusmods.com/mods/1303/images/32731/32731-1743255510-345475118.jpeg,,1.6,2025-3-29,655,衣服,整套的衣服，包括 头发 上衣 裙子 帽子
32802,FS-一套服装+蝴蝶头饰可动,,,#衣服,https://www.nexusmods.com/stardewvalley/mods/32802,FS_Xiapian's second set of clothes,xiapian,13,https://staticdelivery.nexusmods.com/mods/1303/images/32802/32802-1743398388-51044669.jpeg,,,2025-3-31,256,衣服,一整套的服装，蝴蝶头饰可以动
32903,FS-裙子和发饰,,,#衣服,https://www.nexusmods.com/stardewvalley/mods/32903,FS_  Xiapian's third outfit,xiapian,13,https://staticdelivery.nexusmods.com/mods/1303/images/32903/32903-1743771975-1809544533.jpeg,,,2025-4-4,879,衣服,可爱的裙子与发饰
35410,FS-染色,,,#衣服,https://www.nexusmods.com/stardewvalley/mods/35410,FS_ xiapian's fifth outfit,xiapian,13,https://staticdelivery.nexusmods.com/mods/1303/images/35410/35410-1751886868-210109585.jpg,,,2025-7-7,349,衣服,一种款式染色
37624,FS-提拉米苏裙子,,,#衣服,https://www.nexusmods.com/stardewvalley/mods/37624,FS_xiapian--Tiramisu,xiapian,13,https://staticdelivery.nexusmods.com/mods/1303/images/37624/37624-1757872431-872352157.jpg,,,2025-9-15,205,衣服,A sweet little skirt like tiramisu
36321,FS-三丽鸥斜挎包,,,#衣服,https://www.nexusmods.com/stardewvalley/mods/36321,FS_xiapian-Sanrio-Chiikawa crossbody bag,xiapian,13,https://staticdelivery.nexusmods.com/mods/1303/images/36321/36321-1754308732-674368157.jpg,,,2025-8-4,779,衣服,三丽鸥*Chiikawa斜挎包
32357,chikawa系列光标,,,#用户界面,https://www.nexusmods.com/stardewvalley/mods/32357,CP_xiapian's small eight cursor,xiapian,10,https://staticdelivery.nexusmods.com/mods/1303/images/32357/32357-1742029902-1132676468.jpeg,,,2025-6-12,1.3K,用户界面,cp模式的小八光标
38842,FS-粉彩服装包,,,#衣服,https://www.nexusmods.com/stardewvalley/mods/38842,Pastel Outfit Pack (Purple),Chloe1202,13,https://staticdelivery.nexusmods.com/mods/1303/images/38842/38842-1761391510-377960405.jpg,,,2025-10-25,4.3K,衣服,"A pastel purple outfit pack including 5 shirts, 5 skirts, 5 hats, 4 hairstyles and 1 accessory (a purple rose bag)."
38907,可婚女高清肖像,,,#人物,https://www.nexusmods.com/stardewvalley/mods/38907,parkss's girls portrait,season park,5,https://staticdelivery.nexusmods.com/mods/1303/images/38907/38907-1761640770-162601744.png,,,2025-10-28,660,人物,결혼 가능 여자 캐릭터의 고해상도 초상화
38717,花园家具,,,#家具,https://www.nexusmods.com/stardewvalley/mods/38717,(CP)jiao's furniture102025,jiaoJ,23,https://staticdelivery.nexusmods.com/mods/1303/images/38717/38717-1760978943-1158553220.jpg,,,2025-10-22,1.9K,家具,新增42件花园家具
38685,FS-粉彩服装包蓝色,,,#衣服,https://www.nexusmods.com/stardewvalley/mods/38685,Pastel Outfit Pack (Blue),Chloe1202,13,https://staticdelivery.nexusmods.com/mods/1303/images/38685/38685-1760860819-804353626.jpg,,,2025-10-19,6.4K,衣服,"A pastel blue outfit pack including 5 shirts, 5 skirts, 5 hats, and 1 accessory (a blue rose bag). The hairstyles are in optional files.<br />一套帕斯蒂尔蓝色系穿搭，包含五件衣服，五件裙子，五个帽子，一件配饰，发型在可选文件里。"
38758,20双基础款鞋子,,,#衣服,https://www.nexusmods.com/stardewvalley/mods/38758,Feiniao's Basic Shoes,FeiNiao,13,https://staticdelivery.nexusmods.com/mods/1303/images/38758/38758-1761123509-1314714896.png,,,2025-10-22,1.4K,衣服,JA mod adding 20 shoes✨
38476,户外家具,,,#家具,https://www.nexusmods.com/stardewvalley/mods/38476,Envia's outdoor furniture,ANYUEnvia,23,https://staticdelivery.nexusmods.com/mods/1303/images/38476/38476-1760256176-651395353.png,,,2025-10-14,5.7K,家具,Some stalls and outdoor furniture that can be used to display goods.
38504,FS-服装包,,,#衣服,https://www.nexusmods.com/stardewvalley/mods/38504,Dopamine Outfit Pack-Guava x Green Grapes,Chloe1202,13,https://staticdelivery.nexusmods.com/mods/1303/images/38504/38504-1760336501-1989239401.jpg,,,2025-10-13,2.8K,衣服,"A cheerful dopamine outfit set in guava and green grape tones, including 5 hairstyles, 5 shirts and 5 skirts."
37906,泳池农场建筑绿洲美化,,,#视觉效果和图形,https://www.nexusmods.com/stardewvalley/mods/37906,The Oasis Swimming Pool,Zemruby,25,https://staticdelivery.nexusmods.com/mods/1303/images/37906/37906-1759041415-1016764783.png,,,2025-9-28,940,视觉效果和图形,An Oasis-style swimming pool Visual Mod.
35900,游泳池5x7,,,#建筑,https://www.nexusmods.com/stardewvalley/mods/35900,Swimming Pool - Farm Building (CP),yuninocorn,17,https://staticdelivery.nexusmods.com/mods/1303/images/35900/35900-1753086160-827034442.png,,,2025-7-25,39.0K,建筑,"New farm building - a 5x7 outdoor pool to replenish your energy, easily accessible by simply walking in behind the decorations. Content Patcher required."
37850,天顶农场,,,#地图,https://www.nexusmods.com/stardewvalley/mods/37850,Lnh's Peak Tower Farm CP And PIF,LiuNianHui,21,https://staticdelivery.nexusmods.com/mods/1303/images/37850/37850-1758732433-672491061.png,,,2025-9-27,3.2K,地图,"一个坐落在群山之间的门派（农场），周围云雾缭绕，如仙境般朦胧而神秘！/A sect (farm) located among the mountains, surrounded by clouds and mist, hazy and mysterious like a fairyland!"
38964,温特森肖像,,,#肖像,https://www.nexusmods.com/stardewvalley/mods/38964,Vincent portrait,Portrait making old man,6,https://staticdelivery.nexusmods.com/mods/1303/images/38964/38964-1761894352-206751798.png,,,2025-10-31,390,肖像,"Vincent Basic, Winter Portrait"
33243,贾斯,,,#肖像,https://www.nexusmods.com/stardewvalley/mods/33243,Wu-Angel Jas,xiaowugogo,6,https://staticdelivery.nexusmods.com/mods/1303/images/33243/33243-1744686432-629048874.png,,,2025-4-26,4.6K,肖像,贾斯的高清美化，包括cp行走图
38714,哈利波特-斯莱特林,,,#家具,https://www.nexusmods.com/stardewvalley/mods/38714,WSilenceW's  Slytherin Collection(PIF)(FF)(AT),WSilenceW,23,https://staticdelivery.nexusmods.com/mods/1303/images/38714/38714-1764160418-620681282.png,,,2025-11-26,2.0K,家具,Slytherin Common Room Themed Series.Includes one PIF room and a set of matching furniture.
37902,哈利波特-赫奇帕奇,,,#家具,https://www.nexusmods.com/stardewvalley/mods/37902,WSilenceW's  Hufflepuff Collection(PIF)(FF)(AT),WSilenceW,23,https://staticdelivery.nexusmods.com/mods/1303/images/37902/37902-1764159968-274089421.png,,,2025-11-26,1.8K,家具,Hufflepuff Common Room Themed Series.Includes one PIF room and a set of matching furniture.
37327,哈利波特-拉文克劳,,,#家具,https://www.nexusmods.com/stardewvalley/mods/37327,WSilenceW's  Ravenclaw Collection(PIF)(FF)(AT),WSilenceW,23,https://staticdelivery.nexusmods.com/mods/1303/images/37327/37327-1764159253-482950832.png,,,2025-11-26,2.5K,家具,Ravenclaw Common Room Themed Series.Includes one PIF room and a set of matching furniture.
39088,哈利波特-格兰芬多,,,#家具,https://www.nexusmods.com/stardewvalley/mods/39088,WSilenceW's  Gryffindor Collection(PIF)(FF)(AT),WSilenceW,23,https://staticdelivery.nexusmods.com/mods/1303/images/39088/39088-1764160310-1950137389.png,,,2025-11-26,1.1K,家具,Gryffindor Common Room Themed Series.Includes one PIF room and a set of matching furniture.
13697,猫巴士公交车美化,,,#视觉效果和图形,https://www.nexusmods.com/stardewvalley/mods/13697,Cat Bus,cozygoaty,25,https://staticdelivery.nexusmods.com/mods/1303/images/13697/13697-1662594002-1334305732.png,,,2023-1-10,6.0K,视觉效果和图形,This mod converts the bus to the Cat Bus from My Neighbor Totoro.
21147,家具放在室外,,,#家具,https://www.nexusmods.com/stardewvalley/mods/21147,Place Furniture Outside (Furniture Anywhere Redux),glymr,23,https://staticdelivery.nexusmods.com/mods/1303/images/21147/21147-1711557067-450443643.jpeg,,,2025-5-5,47.0K,家具,"This is the compilation of my other ""Place furniture outside"" mods. For 1.6 users, download the latest version. For the Legacy 1.5 version, see the ""Optional Files"" section under the Files tab."
6854,任意位置建造建筑,,,#游戏机制,https://www.nexusmods.com/stardewvalley/mods/6854,Build On Any Tile,Esca-MMC,3,https://staticdelivery.nexusmods.com/mods/1303/images/6854/6854-1600267505-1841435486.png,,1.1.3,2024-3-20,58.2K,游戏机制,"Build On Any Tile allows farm buildings to be placed on otherwise nonvalid tiles, such as water and other obstructions."
24690,农场,,,#地图,https://www.nexusmods.com/stardewvalley/mods/24690,Aimon's Small Hilltop Farm,Aimon111,21,https://staticdelivery.nexusmods.com/mods/1303/images/24690/24690-1717178689-1097786926.png,,,2025-12-9,21.1K,地图,"Changes the look of vanilla Hilltop Farm to more tidy map with summit view, some tweaks, additions and qql changes."
5825,红色建筑美化,,,#建筑,https://www.nexusmods.com/stardewvalley/mods/5825,Hisame 's pick of buildings mix,hisameartwork,17,https://staticdelivery.nexusmods.com/mods/1303/images/5825/5825-1587147378-24710109.jpeg,,,2020-4-18,14.1K,建筑,Long ago I picked and edited buildings for personal joy. Now I have the approvals to share. This is a Content patcher mod that will change how your buildings look. <br />Has seasonality.
7744,黄金钟美化,,,#建筑,https://www.nexusmods.com/stardewvalley/mods/7744,FV - Wizard's Wares AT Retexture,Luna and Anthri,17,https://staticdelivery.nexusmods.com/mods/1303/images/7744/7744-1716143073-132810927.png,,,2024-5-20,2.0K,建筑,"A Fantasy Valley series mod that offers alternative textures for the wizard's wares : Obelisks, Mini-Obelisks, Junimo Huts, and the Golden Clock."
31792,狗屋,,,#视觉效果和图形,https://www.nexusmods.com/stardewvalley/mods/31792,Seasonal Doghouses and Pet Bowls for Vanilla,donutbunnybunny,25,https://staticdelivery.nexusmods.com/mods/1303/images/31792/31792-1740077059-1010905679.png,,,2025-2-21,7.8K,视觉效果和图形,Seasonal Doghouses and Pet Bowls for Vanilla
22954,装饰树家具,,,#家具,https://www.nexusmods.com/stardewvalley/mods/22954,(CP) Nano's Decorative Tree Furniture,NanoIsNotRobot,23,https://staticdelivery.nexusmods.com/mods/1303/images/22954/22954-1713696294-1232038935.png,,,2025-9-27,81.4K,家具,A set of tree-like furniture which can be placed both indoors and outdoors
36273,HxW户外花卉家具,,,#家具,https://www.nexusmods.com/stardewvalley/mods/36273,HxW Outdoor Flower Furniture,Himetarts and Wildflour,23,https://staticdelivery.nexusmods.com/mods/1303/images/36273/36273-1754165214-1161521902.png,,,2025-8-4,51.7K,家具,Adds 100+ decorative flowers to spruce your farm with!
34044,赤狐与雨蛙家具,,,#家具,https://www.nexusmods.com/stardewvalley/mods/34044,CP_LBXLW's RedFox and RainFrog Catalogue and AT_LBXLW's RedFox and RainFrog Furnitures,labixiaoluwan,23,https://staticdelivery.nexusmods.com/mods/1303/images/34044/34044-1747466475-98391630.jpeg,,,2025-5-17,17.9K,家具,This set contains two versions:CP and AT.It's inspired by my love for the combination of orange and green : )
28767,南瓜车,,,#家具,https://www.nexusmods.com/stardewvalley/mods/28767,Yimssi's Pumpkin Carriage,Yimssi,23,https://staticdelivery.nexusmods.com/mods/1303/images/28767/28767-1729660147-828179389.jpeg,,,2024-10-23,1.0K,家具,万圣节的南瓜马车来了~<br />它们是灯具车，夜晚也会亮闪闪！
27047,藤制家具,,,#家具,https://www.nexusmods.com/stardewvalley/mods/27047,PCs Rattan Furniture,PlatinumCats,23,https://staticdelivery.nexusmods.com/mods/1303/images/27047/27047-1723958245-134790932.png,,,2025-6-28,199.6K,家具,74+ pieces of rattan furniture to decorate your farmhouse!
22216,泥土变草地,,,#视觉效果和图形,https://www.nexusmods.com/stardewvalley/mods/22216,(CP) Dirt To Grass Unofficial Update For 1.6,Xian,25,https://staticdelivery.nexusmods.com/mods/1303/images/22216/22216-1712862346-1376116412.png,,,2024-4-13,20.6K,视觉效果和图形,Dirt To Grass Unofficial Update For 1.6
23118,小图腾雕像方尖碑,,,#视觉效果和图形,https://www.nexusmods.com/stardewvalley/mods/23118,Tiny Totem Statue Obelisks,JennaJuffufles,25,https://staticdelivery.nexusmods.com/mods/1303/images/23118/23118-1757478216-551223712.png,,,2025-11-5,213.5K,视觉效果和图形,These seasonally colored tiny totem statues will replace the obelisks on your farms!
31946,Doghouse,,,#建筑,https://www.nexusmods.com/stardewvalley/mods/31946,CocumiT's DogHouses(Seasonal),Tcocumi,17,https://staticdelivery.nexusmods.com/mods/1303/images/31946/31946-1740588103-622327541.jpeg,,,2025-2-28,14.5K,建筑,Here are two seasonal dog houses I designed for the Time is quiet and peacefulil.
23071,童话季节性建筑,,,#建筑,https://www.nexusmods.com/stardewvalley/mods/23071,IdaIda's Fairy seasonal Buildings (for CP and AT),IdaIda,17,https://staticdelivery.nexusmods.com/mods/1303/images/23071/23071-1713863991-1162796724.png,,,2024-6-20,40.6K,建筑,Flowery and cottagey look for farm buildings.
16852,史莱姆小屋美化森林建筑,,,#建筑,https://www.nexusmods.com/stardewvalley/mods/16852,Tanga forest Buildings,Tanga,17,https://staticdelivery.nexusmods.com/mods/1303/images/16852/16852-1685351348-311687290.png,,,2024-4-19,73.4K,建筑,"Hello, I am Tanga who is active in Stardew Valley Naver Cafe. Many people from other countries seem to have difficulty joining the cafe, so I am posting it to Nexus as well. Have a happy Star Dew Valley :)"
5416,Lumisteria更多花草,,,#视觉效果和图形,https://www.nexusmods.com/stardewvalley/mods/5416,Lumisteria More Flowery Grass,Lumisteria,25,https://staticdelivery.nexusmods.com/mods/1303/images/5416/5416-1581891171-1196733923.png,,,2020-2-17,10.7K,视觉效果和图形,"This mod is a content pack for the ""More Grass"" mod. It adds a lot of flowery grass in spring, summer and fall."
8676,Lumisteria短花草,,,#视觉效果和图形,https://www.nexusmods.com/stardewvalley/mods/8676,Lumisteria Short Flowery Grass,Lumisteria,25,https://staticdelivery.nexusmods.com/mods/1303/images/8676/8676-1620321811-989127105.png,,,2021-5-7,159.6K,视觉效果和图形,"This mod is a content pack for the ""More Grass"" mod. It adds a lot of short flowery grass in all seasons."
12439,Idalda季节性地板,,,#视觉效果和图形,https://www.nexusmods.com/stardewvalley/mods/12439,IdaIda's Seasonal Flooring and Paths (for CP and AT),IdaIda,25,https://staticdelivery.nexusmods.com/mods/1303/images/12439/12439-1654858567-622218793.png,,,2022-6-11,63.9K,视觉效果和图形,Replace all the craftable floors and paths with new seasonal options. With options for some map recolors.
19106,DustBeauty季节性地板,,,#视觉效果和图形,https://www.nexusmods.com/stardewvalley/mods/19106,DustBeauty's Seasonal Path and Flooring for Alternative Textures,glymr,25,https://staticdelivery.nexusmods.com/mods/1303/images/19106/19106-1699978392-1315699401.png,,,2023-12-9,16.7K,视觉效果和图形,This is a conversion of DustBeauty's Seasonal Path and Flooring mod to work with Alternative Textures.
22520,可建造的大型树木包,,,#建筑,https://www.nexusmods.com/stardewvalley/mods/22520,(CP) Buildable Large Trees Pack,Tikamin557,17,https://staticdelivery.nexusmods.com/mods/1303/images/22520/22520-1713118712-1509522293.png,,,2025-8-10,18.8K,建筑,Robin is also going to start transplanting large trees as part of her business.<br />Add a large tree that can be built on the farm from the construction menu.<br />There are 4 types that change with the seasons and seasonal replicas of each tree type.
16874,HxW童话花园家具,,,#家具,https://www.nexusmods.com/stardewvalley/mods/16874,HxW Fairy Garden Furniture,Himetarts and Wildflour,23,https://staticdelivery.nexusmods.com/mods/1303/images/16874/16874-1685588192-1277826920.png,,,2024-11-4,217.9K,家具,Whimsical outdoor furniture set for Content Patcher
30743,AT向日葵主题家具,,,#家具,https://www.nexusmods.com/stardewvalley/mods/30743,Sunflower-themed furniture,Tcocumi,23,https://staticdelivery.nexusmods.com/mods/1303/images/30743/30743-1736481612-191398825.jpeg,,,2025-1-12,16.1K,家具,I repainted some of the Junimo furniture，They are full of life in the sunflower style
9989,HxW童话花园室内家具,,,#家具,https://www.nexusmods.com/stardewvalley/mods/9989,HxW Fairy Garden Furniture Indoors,Himetarts and Wildflour,23,https://staticdelivery.nexusmods.com/mods/1303/images/9989/9989-1720882844-13850263.png,,,2024-11-4,121.1K,家具,Whimsical indoor furniture set for Content Patcher ! For when you wish to turn your home into a fairy's paradise.
22767,怀旧家具,,,#家具,https://www.nexusmods.com/stardewvalley/mods/22767,(CP) (AT)  Nostalgic Old Furniture Collection,StarDust,23,https://staticdelivery.nexusmods.com/mods/1303/images/22767/22767-1713430528-1645199732.png,,1.3.1,2024-4-23,143.4K,家具,Just some Cozy and old furniture
35049,HxW森林咖啡馆,,,#家具,https://www.nexusmods.com/stardewvalley/mods/35049,HxW Forest Cafe,Himetarts and Wildflour,23,https://staticdelivery.nexusmods.com/mods/1303/images/35049/35049-1750634634-769150450.png,,,2025-6-23,40.7K,家具,A whimsical little cafe set for all your forest friends!
17127,复古风格家具,,,#家具,https://www.nexusmods.com/stardewvalley/mods/17127,(CP)(FF) Retro Style Furniture,Novaphene,23,https://staticdelivery.nexusmods.com/mods/1303/images/17127/17127-1689533562-1292515668.png,,3,2024-9-13,,家具,Ever needed to make your house even more relaxing? Design it with Retro-styled Furniture! SDV 1.6 Compatible.
33230,橙色花朵装饰,,,#家具,https://www.nexusmods.com/stardewvalley/mods/33230,CP x AT - Orange Flower Decor,ENGloomy,23,https://staticdelivery.nexusmods.com/mods/1303/images/33230/33230-1744651265-23053403.png,,,2025-7-19,,家具,Adorn your farm with flowers in warm orange hues.
36256,MCM地毯,,,#家具,https://www.nexusmods.com/stardewvalley/mods/36256,(AT)(CP) Pixie's MCM Rugs,caterpixies,23,https://staticdelivery.nexusmods.com/mods/1303/images/36256/36256-1762407325-1603200727.png,,,2025-11-6,,家具,A collection of 40+ Mid-century modern rugs
34866,家具,,,#家具,https://www.nexusmods.com/stardewvalley/mods/34866,(CP) (MMAP)Where Winds Meet Patio Furniture,umganil,23,https://staticdelivery.nexusmods.com/mods/1303/images/34866/34866-1749954700-98107701.png,,,2025-6-17,,家具,"This is the MMAP version of Wherewindsmeet_patio ancient Chinese style furniture. Compared with the original version, this version can pass under all the big tree furniture! There are also some other interactive features!"
17577,HxW浪漫家具,,,#家具,https://www.nexusmods.com/stardewvalley/mods/17577,HxW Romantic Furniture,Himetarts and Wildflour,23,https://staticdelivery.nexusmods.com/mods/1303/images/17577/17577-1690315749-373729270.png,,,2024-11-4,,家具,Romantic outdoor furniture set for Content Patcher with 50+ pieces. Seasonal and NOW with 4 different color schemes to choose from!
9992,HxW烘焙套装,,,#家具,https://www.nexusmods.com/stardewvalley/mods/9992,HxW Farmer's Market Furniture - Bakery Set,Himetarts and Wildflour,23,https://staticdelivery.nexusmods.com/mods/1303/images/9992/9992-1713713441-1360623155.png,,,2024-11-4,,家具,Farmer's Market Furniture set for all of your fresh bread needs! 40+ pieces for Content Patcher.
36501,HxW可建造花店,,,#建筑,https://www.nexusmods.com/stardewvalley/mods/36501,HxW Buildable Flower Shop,Himetarts and Wildflour,17,https://staticdelivery.nexusmods.com/mods/1303/images/36501/36501-1754758263-1645153318.png,,,2025-8-10,,建筑,"Adds a seasonal florist building that you can build from Robin's shop! Also comes with 2 optional upgrades to increase the size of the interior, and four exterior recolor skins to choose from!"
34611,HxW可建造啤酒厂,,,#建筑,https://www.nexusmods.com/stardewvalley/mods/34611,HxW Buildable Brewery,Himetarts and Wildflour,17,https://staticdelivery.nexusmods.com/mods/1303/images/34611/34611-1749218805-532222295.png,,,2025-8-10,,建筑,Adds a Brewery building to sell and produce your alcohol! (And age your casks!)
35943,HxW花店家具,,,#家具,https://www.nexusmods.com/stardewvalley/mods/35943,Hxw Florist Furniture,Himetarts and Wildflour,23,https://staticdelivery.nexusmods.com/mods/1303/images/35943/35943-1754164267-194401210.png,,,2025-11-1,,家具,Adds 200+ flowers and flower furniture for the florist run of your dreams!
16693,HxW户外家具,,,#家具,https://www.nexusmods.com/stardewvalley/mods/16693,HxW Outdoor Furniture,Himetarts and Wildflour,23,https://staticdelivery.nexusmods.com/mods/1303/images/16693/16693-1684108243-2043459823.png,,,2024-11-4,,家具,Stylish outdoor furniture set for Content Patcher and SDV 1.6
17665,浴室家具,,,#家具,https://www.nexusmods.com/stardewvalley/mods/17665,HxW Bathroom Furniture,Himetarts and Wildflour,23,https://staticdelivery.nexusmods.com/mods/1303/images/17665/17665-1691038140-1986054535.png,,,2024-11-4,,家具,Basic bathroom furniture set for Content Patcher with 45+ pieces.
27124,HxW植物爱好者家具,,,#家具,https://www.nexusmods.com/stardewvalley/mods/27124,HxW Plant Lovers Furniture,Himetarts and Wildflour,23,https://staticdelivery.nexusmods.com/mods/1303/images/27124/27124-1724113977-1972720394.png,,,2024-11-4,,家具,Adds 75+ new plant filled furniture pieces for that eco-loving heart of yours.
27595,HxW36款发型和配饰,,,#玩家,https://www.nexusmods.com/stardewvalley/mods/27595,HxW Sweetheart Hairstyles - Curls Updos and Bobs,Himetarts and Wildflour,4,https://staticdelivery.nexusmods.com/mods/1303/images/27595/27595-1725758073-1853973057.png,,,2024-11-9,,玩家,"Adds 36 new hairstyles and accessories for Fashion Sense! Enjoy short hairs, curls long and short and some cutesy updos. Very demure, very mindful."
31807,HxW厨房爱好者家具,,,#家具,https://www.nexusmods.com/stardewvalley/mods/31807,HxW Kitchen Lovers - Pantry and Clutter Furniture,Himetarts and Wildflour,23,https://staticdelivery.nexusmods.com/mods/1303/images/31807/31807-1740113376-237197834.png,,,2025-2-22,,家具,Adds 140+ wall and clutter items to decorate the kitchen of your dreams.
17606,HxW浪漫喷泉和拱门,,,#家具,https://www.nexusmods.com/stardewvalley/mods/17606,(SF) HxW Romantic Fountains and Arches,Himetarts and Wildflour,23,https://staticdelivery.nexusmods.com/mods/1303/images/17606/17606-1690594826-1577253860.png,,,2023-9-30,,家具,Romantic outdoor furniture set for SF with 15+ animated pieces.
9994,HxW农贸市场家具,,,#家具,https://www.nexusmods.com/stardewvalley/mods/9994,HxW Farmer's Market Furniture - Fishmonger and Butcher Set,Himetarts and Wildflour,23,https://staticdelivery.nexusmods.com/mods/1303/images/9994/9994-1712272280-459152609.png,,,2024-11-4,,家具,Farmer's Market Furniture set for all of your butcher and fishmonger needs! 50 pieces for Content Patcher
40589,鹈鹕镇房地产市场管理,,可以购买房屋和企业、收取租金、管理租户关系，并影响当地经济,#扩展,https://www.nexusmods.com/stardewvalley/mods/40589,Land Claims,Cosmicopal,27,https://staticdelivery.nexusmods.com/mods/1303/images/40589/40589-1766898472-884519731.png,,1.1.0,2026-1-3,,扩展,"LandClaims - Become the Tycoon of Pelican Town<br /><br />Take control of Pelican Town's real estate market! LandClaims allows you to purchase homes and businesses, collect rent, manage tenant relationships, and influence the local economy. Will you be a benevolent landlord or a profit-driven tycoon?"
40732,冰河世纪农场,,,#地图,https://www.nexusmods.com/stardewvalley/mods/40732,Lnh's Ice Age Farm,LiuNianHui,21,https://staticdelivery.nexusmods.com/mods/1303/images/40732/40732-1767258041-1602140239.png,,,2026-1-1,,地图,这是来自群友好久不见的约稿/This is a commission from 好久不见
29615,四人联机大型地图,,适合4+多人游戏。如果你喜欢和朋友一起玩，但更喜欢分流资金/拥有自己的空间，那么这张地图就是为你制作的,#地图,https://www.nexusmods.com/stardewvalley/mods/29615,Four Acres Farm,Pluviophist,21,https://staticdelivery.nexusmods.com/mods/1303/images/29615/29615-1737265419-76250809.gif,,,2025-12-8,,地图,"A large, personalized modded farm map meant for 4+ players."
21767,H&W 农贸市场家具wildflour 套装,,,#家具,https://www.nexusmods.com/stardewvalley/mods/21767,(CP) HxW Farmers Market Furniture - Wildflour Set,HimeTarts x Wildflourmods,23,https://staticdelivery.nexusmods.com/mods/1303/images/21767/21767-1712256770-305776901.png,,,2024-11-4,,家具,"a furniture add on to our HXW Farmers Market set themed around, you guessed it, flowers, crops and mushrooms from Atelier Wildflour!"
3679,资本主义梦幻农场,,替换标准农场，数吨浆果灌木，草是可耕种的，两种不同的经线，用于快速旅行，动物无法通过的围栏中的无形障碍,#地图,https://www.nexusmods.com/stardewvalley/mods/3679,Capitalist Dream Farm,DaisyNiko,21,https://staticdelivery.nexusmods.com/mods/1303/images/3679/3679-1553511138-1327206467.png,,2.5.3,2025-7-13,,地图,"a very large, very organised farm map with dedicated crop and building areas."
34784,野生天堂农场,,,#地图,https://www.nexusmods.com/stardewvalley/mods/34784,Skell's Wild Haven Farm,skellady and sophiesalacia,21,https://staticdelivery.nexusmods.com/mods/1303/images/34784/34784-1749829439-1100266743.png,,,2025-7-20,,地图,"Adds a new custom farm with lots of space to farm, decorate and build! You start with two fruit trees. Includes a teleportation network and custom bundles to unlock it!"
34906,Inh的自然农场,,,#地图,https://www.nexusmods.com/stardewvalley/mods/34906,Lnh's Natural Farm,LiuNianHui,21,https://staticdelivery.nexusmods.com/mods/1303/images/34906/34906-1750112409-309669424.png,,,2025-6-18,,地图,一个新的农场。<br />a new farm.
34736,蜘蛛农场,,,#地图,https://www.nexusmods.com/stardewvalley/mods/34736,Spiderwood Farm - Custom Forest Farm Map,calimistra,21,https://staticdelivery.nexusmods.com/mods/1303/images/34736/34736-1754596284-1403478742.png,,,2025-12-20,,地图,A custom Forest Farm Map with a variety of toggleable tweaks
33731,美丽的悬崖农场,,,#地图,https://www.nexusmods.com/stardewvalley/mods/33731,Beautiful Vista Farm Map by glymr,glymr,21,https://staticdelivery.nexusmods.com/mods/1303/images/33731/33731-1748955730-727339427.png,,,2025-12-1,,地图,"A modest, yet flexible farm map with a lovely view...and a few surprises!"
34147,孤角农场,,,#地图,https://www.nexusmods.com/stardewvalley/mods/34147,Lone Corner Farm,windvalley,21,https://staticdelivery.nexusmods.com/mods/1303/images/34147/34147-1748111615-1210154818.png,,,2025-6-28,,地图,"A new farm type - A little farm roughly the size of one corner of the four corners map - Can be configured to give the benefits and starting gifts of the forest, riverlands, hilltop and meadowlands farms."
18317,超大农场地图,,,#地图,https://www.nexusmods.com/stardewvalley/mods/18317,Forever Falls Farm,Draylon,21,https://staticdelivery.nexusmods.com/mods/1303/images/18317/18317-1739239499-844713544.jpeg,,,2025-2-22,,地图,"A new Huge Cliffy Farm type, That slopes down erratically ending in a Beach. Contains: a Warp Rod to get around, Quarries, Beach Crates, Beach Forage, All types of Fish, Blue Grass, Forest Forage, &amp; Seed Weeds. Has 9 Sub-maps with different bonuses, ranging from A Large Greenhouse Cavern, a Spa, Various Forage Areas and Mines."
14910,ZYR的多功能农舍,,,#室内设计,https://www.nexusmods.com/stardewvalley/mods/14910,Zyr's Multipurpose Shed,Zyrnathos,19,https://staticdelivery.nexusmods.com/mods/1303/images/14910/14910-1676289410-424618781.jpeg,,,2023-4-6,,室内设计,"A shed expansion to be a bit more spacious and useful. Optionally includes indoor farming areas, a ""cellar"", and toggleable cask functionality."
35186,小溪农场尾号,,,#地图,https://www.nexusmods.com/stardewvalley/mods/35186,NatureStreamFarm,MouRan1,21,https://staticdelivery.nexusmods.com/mods/1303/images/35186/35186-1751212028-1993449096.png,,,2025-7-3,,地图,This is a stream farm located in the dense forest
35091,浮空农场,,,#地图,https://www.nexusmods.com/stardewvalley/mods/35091,Kwaaal's Floating Farm,Kwaaal,21,https://staticdelivery.nexusmods.com/mods/1303/images/35091/35091-1750817692-857266834.png,,,2025-7-19,,地图,"浮空岛屿，默认替换标准农场；可开关彩虹和花朵装饰；感谢DaisyNiko贴图支持。<br />- This floating farm mod creates a dreamy, heartwarming atmosphere.<br />- It replaces the Standard farm map and allows toggling rainbow/flower decorations.<br />- Special thanks to DaisyNiko's tilesheet assets."
29915,终极农场,,,#地图,https://www.nexusmods.com/stardewvalley/mods/29915,PinkStations Ultimate Farm Map,PinkStations,21,https://staticdelivery.nexusmods.com/mods/1303/images/29915/29915-1742197318-1441085232.png,,,2025-3-27,,地图,This ultimate farm has all the space and organization you need to bring your Stardew Valley empire to life
31627,小型海滩农场,,,#地图,https://www.nexusmods.com/stardewvalley/mods/31627,Jen's Small Beach Farm,Jen,21,https://staticdelivery.nexusmods.com/mods/1303/images/31627/31627-1739297705-2074512818.png,,,2025-4-16,,地图,"A small, minimalist beach-themed farm for very casual players."
31534,微风悬崖农场,,,#地图,https://www.nexusmods.com/stardewvalley/mods/31534,Breezy Bluffs Farm v2,Windvalley,21,https://staticdelivery.nexusmods.com/mods/1303/images/31534/31534-1743991700-357587297.png,,,2025-4-7,,地图,"A small farm on a bluff between the forests and the mountains. Features respawning hardwood stumps, catchable forest and mountain fish, and naturally growing blue grass"
30416,悬崖瀑布农场,,,#地图,https://www.nexusmods.com/stardewvalley/mods/30416,Hippo's Cliffside Falls Farm - Updated for 1.6,Wildflourmods,21,https://staticdelivery.nexusmods.com/mods/1303/images/30416/30416-1735600404-634827967.png,,,2025-1-21,,地图,Hippo's Cliffside Falls Farm - Updated for 1.6
30857,发型,,北鸢老师发布,#衣服,https://www.nexusmods.com/stardewvalley/mods/30857,BeiYuan's Hairstyles Pack,BeiYuan23,13,https://staticdelivery.nexusmods.com/mods/1303/images/30857/30857-1755441484-103353729.png,,,2025-8-17,,衣服,因为没有灵感，可能到下辈子都画不出几个发型（懒狗的谎言）<br />有希望我画的可以到小红书找我，请给我送点灵感<br />ID：北鸢<br />小红书号：765247171
31572,眼睛,,北鸢老师发布,#衣服,https://www.nexusmods.com/stardewvalley/mods/31572,BeiYuan's eye,BeiYuan23,13,https://staticdelivery.nexusmods.com/mods/1303/images/31572/31572-1739076807-924793353.png,,,2025-2-9,,衣服,农夫的眼睛美化
31743,鞋子,,北鸢老师发布,#衣服,https://www.nexusmods.com/stardewvalley/mods/31743,BeiYuan's Shoe,BeiYuan23,13,https://staticdelivery.nexusmods.com/mods/1303/images/31743/31743-1739849946-357329151.png,,,2025-2-23,,衣服,一个鞋子美化，可以搭配Dun En的服装使用
31785,彩虹,,北鸢老师发布,#视觉效果和图形,https://www.nexusmods.com/stardewvalley/mods/31785,rainbow,BeiYuan23,25,https://staticdelivery.nexusmods.com/mods/1303/images/31785/31785-1740013305-738969057.png,,,2025-9-17,,视觉效果和图形,"This is a rainbow module, let's decorate your farm with a beautiful rainbow.<br />这是一个彩虹家具，为你的农场布置美丽的彩虹吧"
32350,眼睛2,,北鸢老师发布,#衣服,https://www.nexusmods.com/stardewvalley/mods/32350,beiyuan's eye 2,BeiYuan23,13,https://staticdelivery.nexusmods.com/mods/1303/images/32350/32350-1741851181-775932144.png,,,2025-3-13,,衣服,这是一个眼睛美化
33068,面部美化,,北鸢老师发布,#衣服,https://www.nexusmods.com/stardewvalley/mods/33068,bei yuan's Facial beautification,BeiYuan23,13,https://staticdelivery.nexusmods.com/mods/1303/images/33068/33068-1744262030-981016480.png,,,2025-4-10,,衣服,This is a facial beautification feature that adds some cute expressions to your face.
33794,表情气泡,,北鸢老师发布,#衣服,https://www.nexusmods.com/stardewvalley/mods/33794,The Crystal Cone and Expression Bubble of The Sims 4,BeiYuan23,13,https://staticdelivery.nexusmods.com/mods/1303/images/33794/33794-1746597720-1675039279.png,,,2025-5-7,,衣服,The Crystal Cone and Expression Bubble of The Sims™ 4
33914,发型2,,北鸢老师发布,#衣服,https://www.nexusmods.com/stardewvalley/mods/33914,BeiYuan's Hairs 2,BeiYuan23,13,https://staticdelivery.nexusmods.com/mods/1303/images/33914/33914-1747036452-1795754367.png,,,2025-5-12,,衣服,一个不太完善的发型mod
34169,地板和墙壁,,北鸢老师发布,#家具,https://www.nexusmods.com/stardewvalley/mods/34169,BeiYuan's Floors and Walls,BeiYuan,23,https://staticdelivery.nexusmods.com/mods/1303/images/34169/34169-1747891740-1123342184.png,,,2025-5-22,,家具,薄荷巧克力配色的壁纸和地砖
34219,美乐蒂,,北鸢老师发布,#宠物和马,https://www.nexusmods.com/stardewvalley/mods/34219,mymelody,BeiYuan,8,https://staticdelivery.nexusmods.com/mods/1303/images/34219/34219-1748063256-1776421416.png,,,2025-5-24,,宠物/马,美乐蒂模组<br />模组包含了[CP]宠物、[CP]家具、[FS]服装
36782,家具,,北鸢老师发布,#家具,https://www.nexusmods.com/stardewvalley/mods/36782,BeiYuan Furniture,BeiYuan,23,https://staticdelivery.nexusmods.com/mods/1303/images/36782/36782-1755481376-1771986192.png,,,2025-8-18,,家具,furniture
36861,火焰,,北鸢老师发布,#视觉效果和图形,https://www.nexusmods.com/stardewvalley/mods/36861,Flame,BeiYuan,25,https://staticdelivery.nexusmods.com/mods/1303/images/36861/36861-1755741134-1815044329.png,,,2025-8-21,,视觉效果和图形,Verander die vlamkleur
36995,配饰,,北鸢老师发布,#衣服,https://www.nexusmods.com/stardewvalley/mods/36995,BeiYuan Accessories,BeiYuan,13,https://staticdelivery.nexusmods.com/mods/1303/images/36995/36995-1756168202-692899568.png,,,2025-8-26,,衣服,"The top of the head is adorned with love and glitter, and the body is shining"
39380,大喵光标,,北鸢老师发布,#用户界面,https://www.nexusmods.com/stardewvalley/mods/39380,Momo cursor,beiyuan,10,https://staticdelivery.nexusmods.com/mods/1303/images/39380/39380-1763275785-287927247.png,,,2025-11-16,,用户界面,"This is a character from Infinite Nkiki, named Momo, wearing a yellow cloak and resembling a large white cat from the Meow clan"
40562,发型和配饰,,北鸢老师发布,#衣服,https://www.nexusmods.com/stardewvalley/mods/40562,Beiyuan's hairstyle and accessories,beiyuan,13,https://staticdelivery.nexusmods.com/mods/1303/images/40562/40562-1766801424-298239690.png,,,2025-12-27,,衣服,"The mod includes hairstyles, accessories, and coloured contact lenses"
40635,繁花温室-CP和PIF,,,#地图,https://www.nexusmods.com/stardewvalley/mods/40635,Lnh's Blossom Haven Greenhouse CP And PIF,LiuNianHui,21,https://staticdelivery.nexusmods.com/mods/1303/images/40635/40635-1767032408-551277235.png,,,2026-1-1,,地图,"一个新的温室，有季节变化，中等大小，有温泉可以恢复体力/A new greenhouse with seasonal changes, and hot spring to restore physical strength"
21531,粉草地粉海 粉树,,,#视觉效果和图形,https://www.nexusmods.com/stardewvalley/mods/21531,PinkStations Cotton Candy Recolor,PinkStations,25,https://staticdelivery.nexusmods.com/mods/1303/images/21531/21531-1712869044-848722700.png,,,2025-3-26,,视觉效果和图形,A pretty recolor based on bright &amp; cute colors!
36694,房型,,,#地图,https://www.nexusmods.com/stardewvalley/mods/36694,Luxurious Large Villa,YellowSlime and Kyuya,21,https://staticdelivery.nexusmods.com/mods/1303/images/36694/36694-1755255183-1025081116.png,,,2025-8-21,,地图,一个PIF模式下具有多层的豪华别墅/A luxurious villa with multiple floors in PIF mode
24680,艾蒙的小森林农场,,,#地图,https://www.nexusmods.com/stardewvalley/mods/24680,Aimon's Small Forest Farm,Aimon111,21,https://staticdelivery.nexusmods.com/mods/1303/images/24680/24680-1717064317-502629971.png,,,2025-12-6,,地图,"Changes the look of vanilla Foraging Farm to more tidy map with some tweaks, additions and qql changes."
20751,农场,,,#地图,https://www.nexusmods.com/stardewvalley/mods/20751,Lnh's MiNi Farm,LiuNianHui,21,https://staticdelivery.nexusmods.com/mods/1303/images/20751/20751-1712513607-1820043423.png,,,2024-5-19,,地图,"一个非常小的农场，欢迎来挑战。A very small farm, welcome to challenge."
8164,树美化,,,#视觉效果和图形,https://www.nexusmods.com/stardewvalley/mods/8164,Simple Foliage,itsanette,25,https://staticdelivery.nexusmods.com/mods/1303/images/8164/8164-1672215538-904925923.png,,3.7,2023-1-23,,视觉效果和图形,A mod to replace most trees in Stardew Valley with a more stylized version.
4966,树美化,,,#各种各样的,https://www.nexusmods.com/stardewvalley/mods/4966,Stardew Foliage Redone - Foliage Only,Hesper,2,https://staticdelivery.nexusmods.com/mods/1303/images/4966/4966-1577126899-1582513879.png,,,2021-1-16,,各种各样的,"Redesign all the trees, bushes and grasses, with config options to toggle each element. Made to be compatible with all existing map recolours."
24096,着色,,,#视觉效果和图形,https://www.nexusmods.com/stardewvalley/mods/24096,Recolor Stardew Foliage,Bitna_aa,25,https://staticdelivery.nexusmods.com/mods/1303/images/24096/24096-1718111182-381340141.png,,,2024-5-17,,视觉效果和图形,Change map color according to Stardew Foliage Redone update 1.6
23628,龙猫温室,,,#地图,https://www.nexusmods.com/stardewvalley/mods/23628,Lnh's Totoro Greenhouse,LiuNianHui,21,https://staticdelivery.nexusmods.com/mods/1303/images/23628/23628-1714833883-1623495213.png,,,2024-5-8,,地图,"龙猫温室，希望你喜欢！/Totoro Greenhouse, I hope you like it!"
28978,SVE蓝草,,,#视觉效果和图形,https://www.nexusmods.com/stardewvalley/mods/28978,Kitsch Blue Grass Recolor (basic. Mines. Stardew Valley Expanded -SVE-. Seven Deadly Sins -SDS-),Salaam,25,https://staticdelivery.nexusmods.com/mods/1303/images/28978/28978-1733567529-627085841.png,,,2025-6-23,,视觉效果和图形,"Replaces the color of the map to something kitschy! changed the colors of the buildings, plants, and other objects in and around the town."
36850,玉桂狗家具,,,#家具,https://www.nexusmods.com/stardewvalley/mods/36850,Naughty Bag's Furniture Pack,tmtmmmm,23,https://staticdelivery.nexusmods.com/mods/1303/images/36850/36850-1755698846-1755853769.jpg,,,2025-8-20,,家具,增加了一些玉桂狗和奥比岛家具<br />制作不易禁止盗卖呀盗卖4000+(′へ`、 )
27937,玉桂狗家具,,,#家具,https://www.nexusmods.com/stardewvalley/mods/27937,Cinnamoroll Furniture,otohimexoxo,23,https://staticdelivery.nexusmods.com/mods/1303/images/27937/27937-1726566914-984662025.png,,,2025-11-6,,家具,Includes 30 Cinnamoroll-themed furniture pieces + wallpaper and flooring ♡
16001,房型,,,#地图,https://www.nexusmods.com/stardewvalley/mods/16001,Lnh's Natural Slime Hutch,LiuNianHui,21,https://staticdelivery.nexusmods.com/mods/1303/images/16001/16001-1679728834-1699285811.png,,,2024-5-2,,地图,新的史莱姆小屋来了，自然风格，季节变化，小型种植区，快来体验吧！
10635,土地着色,,,#视觉效果和图形,https://www.nexusmods.com/stardewvalley/mods/10635,Blue Grass Recolor,Colling,25,https://staticdelivery.nexusmods.com/mods/1303/images/10635/10635-1642034758-1802492495.png,,,2024-5-8,,视觉效果和图形,Replaces the map color with fantasy pastel colors.
25896,云朵树,,,#农作物,https://www.nexusmods.com/stardewvalley/mods/25896,Magica Trees for Alternative Textures (Oak maple and mushroom only),Fei Niao,14,https://staticdelivery.nexusmods.com/mods/1303/images/25896/25896-1720327745-1578102786.jpeg,,,2024-7-7,,农作物,More textures for Magica Trees. Features seasonal variation. Work with Alternative Textures.
31689,作物,,,#视觉效果和图形,https://www.nexusmods.com/stardewvalley/mods/31689,(CP)Adorable Animal Crops,LunariaFaye,25,https://staticdelivery.nexusmods.com/mods/1303/images/31689/31689-1740036533-243395118.png,,1.0.4,2025-7-28,,视觉效果和图形,Make crops and their products cuter!<br />使农作物与其产物变得更可爱！
4852,地板,,,#项目,https://www.nexusmods.com/stardewvalley/mods/4852,Seasonal Path and Flooring,Hesper,15,https://staticdelivery.nexusmods.com/mods/1303/images/4852/4852-1575993282-1818856053.png,,,2021-1-1,,项目,"New colours and designs for all the floorings and paths, with a little bit of seasonal touch. Including matching thumbnails and the new path from 1.4, for content patcher."
11804,树篱,,,#视觉效果和图形,https://www.nexusmods.com/stardewvalley/mods/11804,Shardust's Fences Gate Flooring for Alternative Textures,Shardust,25,https://staticdelivery.nexusmods.com/mods/1303/images/11804/11804-1650920237-1777644756.png,,,2022-5-18,,视觉效果和图形,"A port of my earlier CP mod featuring Fences (plus Hedges), Gates and Flooring recolors/retextures.."
21488,使用较大的史莱姆屋,,,#建筑,https://www.nexusmods.com/stardewvalley/mods/21488,Slime Hutch Restored,Dolly,17,https://staticdelivery.nexusmods.com/mods/1303/images/21488/21488-1711913028-476186243.png,,,2024-4-7,,建筑,Slime Hutch fix :P
17656,椅子家具之类的,,,#家具,https://www.nexusmods.com/stardewvalley/mods/17656,(AT) DustBeauty's Industrial Furniture,Novaphene,23,https://staticdelivery.nexusmods.com/mods/1303/images/17656/17656-1691049741-1450121775.png,,4,2024-7-21,,家具,Alternative Texture conversion for DustBeauty's industrial furniture
27776,冒险岛角色,,,#家具,https://www.nexusmods.com/stardewvalley/mods/27776,Maplestory Character,Peach yogurt,23,https://staticdelivery.nexusmods.com/mods/1303/images/27776/27776-1726298163-1323913947.png,,,2024-9-16,,家具,Add Maplestory character furniture
5137,祝尼魔赛车,,,#作弊,https://www.nexusmods.com/stardewvalley/mods/5137,Junimo Kart Cheater,Ryaon,11,https://staticdelivery.nexusmods.com/mods/1303/images/5137/5137-1578402407-120627233.png,,,2020-1-7,,作弊,Make you to clear 'Junimo Kart'.
28593,农场地形,,,#地图,https://www.nexusmods.com/stardewvalley/mods/28593,(CR) Kisaa's Blossom Crest Farm,crystalinerose,21,https://staticdelivery.nexusmods.com/mods/1303/images/28593/28593-1729093332-1243853182.png,,,2025-9-14,,地图,"A flowery combined hilltop and valley farm bisected by a river. Search upwards to find a beautiful view. Features a separate quarry map, custom fish catch pools, local minecart network, and custom starter farmhouse layout. Highly configurable. For when you play the Vanilla Hilltop farm but feel like you need more space."
38505,花草树木,,,#农作物,https://www.nexusmods.com/stardewvalley/mods/38505,(AT) Cypress Tree (Italian Countryside Tree),LatteHoln,14,https://staticdelivery.nexusmods.com/mods/1303/images/38505/38505-1761136873-1844294588.jpg,,,2025-10-22,,农作物,Adds a new texture to the oak tree replacing it with an Italian-ish tree the Cypress Tree
8646,魔法树根JA,,,#农作物,https://www.nexusmods.com/stardewvalley/mods/8646,Magic Tree Roots (Json Assets),nottomention,14,https://staticdelivery.nexusmods.com/mods/1303/images/8646/8646-1643775001-2025062936.png,,,2022-2-2,,农作物,Add  Trees for decoration purposes!
35590,小风车,,,#家具,https://www.nexusmods.com/stardewvalley/mods/35590,Windmill Decor Set,ENGloomy,23,https://staticdelivery.nexusmods.com/mods/1303/images/35590/35590-1752314272-1775265907.jpg,,,2025-7-17,,家具,A collection of rustic windmills. Including 4 animated items.
37301,优化了某些模组,,,#各种各样的,https://www.nexusmods.com/stardewvalley/mods/37301,SinZational Speedy Solutions,SinZ,2,https://staticdelivery.nexusmods.com/mods/1303/images/37301/37301-1757038450-1160528506.png,,1.1.0,2025-10-20,,各种各样的,Speedy Solutions is a mod containing all of my Performance Optimizations that need to be stand-alone and not be a part of Content Patcher or SMAPI
40359,性能提升,,提高了星露谷在电脑中的资源分配优先级,#修改工具,https://www.nexusmods.com/stardewvalley/mods/40359,Stardew High Priority - Performance Boost,ZeroXPatch,9,https://staticdelivery.nexusmods.com/mods/1303/images/40359/40359-1766342006-7040051.png,,1.2,2026-1-2,,修改工具,13Lg)Improve performance by elevating Stardew Valley’s CPU process priority on Windows. Helps reduce input lag and stutters.
40439,卡顿和延迟修复,,,#修改工具,https://www.nexusmods.com/stardewvalley/mods/40439,Stardew CPU Affinity - Stutter and Lag Fix,ZeroXPatch,9,https://staticdelivery.nexusmods.com/mods/1303/images/40439/40439-1767132397-295222113.png,,,2025-12-21,,修改工具,This mod helps Stardew Valley run smoother on some PCs by changing how your computer shares its CPU power with the game.
40484,减少长时间会话中的崩溃和卡顿,,稳定器，用来解决长时间运行游戏造成的崩溃和卡顿。,#修改工具,https://www.nexusmods.com/stardewvalley/mods/40484,Stardew Stabilizer - Reduces crashes and slowdowns in long sessions,ZeroXPatch,9,https://staticdelivery.nexusmods.com/mods/1303/images/40484/40484-1767133061-1091432698.png,,1.1,2026-1-2,,修改工具,"13Lg)Keeps long modded sessions running smoother by preventing the gradual slowdown that can build up over time. It does cleanups when memory stays high, which helps reduce lag spikes and lowers the chance of crashes after hours of play."
40517,更快的地图加载,,,#修改工具,https://www.nexusmods.com/stardewvalley/mods/40517,Stardew Location Preload - Faster Map Loading,ZeroXPatch,9,https://staticdelivery.nexusmods.com/mods/1303/images/40517/40517-1767132763-212383884.png,,,2025-12-24,,修改工具,"14Lg)The mod reduces stutter and lag when entering buildings or changing areas by preloading maps ahead of time. It can run in Exit, Door, or Hybrid mode, trading a slightly longer initial load for smoother transitions later."
37929,披萨农场,,,#地图,https://www.nexusmods.com/stardewvalley/mods/37929,Pizza Farm,AlyaLyalya,21,https://staticdelivery.nexusmods.com/mods/1303/images/37929/37929-1758982277-1585045607.png,,,2025-9-27,,地图,"""Standard"" farm replacement. For those who can't choose or for those who want everything at once :)"
5221,巨型作物美化,,,#农作物,https://www.nexusmods.com/stardewvalley/mods/5221,(1.6) 6480's Giant Crops,6480,14,https://staticdelivery.nexusmods.com/mods/1303/images/5221/5221-1579318519-560666060.png,,,2024-4-14,,农作物,Adds giant versions of many vanilla crops.
28639,加工车间,,,#建筑,https://www.nexusmods.com/stardewvalley/mods/28639,Workshop,birdb,17,https://staticdelivery.nexusmods.com/mods/1303/images/28639/28639-1729533070-25958331.png,,,2024-11-10,,建筑,Adds a new building: Workshop. Has a huge kiln for pottery and coal + furnace for processing in larger quantities.
36832,制造香料建筑,,,#建筑,https://www.nexusmods.com/stardewvalley/mods/36832,Perfumery,HarrisonGrey,17,https://staticdelivery.nexusmods.com/mods/1303/images/36832/36832-1755658261-1272258279.png,,,2025-10-18,,建筑,Build a perfumery on your farm that converts batches of flowers into perfumes
34977,帐篷建筑,,,#建筑,https://www.nexusmods.com/stardewvalley/mods/34977,More Building Options - Pack 1,ASLaneZero,17,https://staticdelivery.nexusmods.com/mods/1303/images/34977/34977-1750351983-1845843342.png,,,2025-11-5,,建筑,"The first of three packs adding new constructible buildings to the game. This pack contains: Three additional tiers of hay storage, a campsite with two upgrades, an additional mailbox, and an industrial furnace."
31367,社区公园装饰,,,#视觉效果和图形,https://www.nexusmods.com/stardewvalley/mods/31367,Community Park Decorations for Content Patcher,FarmerBeans,25,https://staticdelivery.nexusmods.com/mods/1303/images/31367/31367-1738521552-349549541.png,,,2025-2-19,,视觉效果和图形,"Adds Vanilla-style Park furniture and decor with its own catalog you can buy from Robin's shop. Design Community park spaces, farmer's markets and more.  Shop at the Farmer's market stalls for rare and useful items. Requires Content Patcher and Calcifer mods."
2070,及时建筑,,,#作弊,https://www.nexusmods.com/stardewvalley/mods/2070,Instant Buildings from Farm,BitwiseJon,11,https://staticdelivery.nexusmods.com/mods/1303/images/2070/2070-1524338652-908244672.png,,,2024-3-21,,作弊,"This mod lets you build any building (Carpenter or Magician) directly from your farm. Buildings are created and upgraded instantly. You can also instantly upgrade your house/cabin from your farm to add the kitchen, nursery, and cellar! Turn off resource requirements in the config file (created on first load) for ""sandbox"" mode."
28667,冬日星树/圣诞树模组,,,#视觉效果和图形,https://www.nexusmods.com/stardewvalley/mods/28667,AT x CP - Molamole's Tree Of The Winter Star Retexture,Molamole,25,https://staticdelivery.nexusmods.com/mods/1303/images/28667/28667-1734823619-122442567.png,,,2025-7-14,,视觉效果和图形,"Here some Winter Star Retextures! -NonCatalogue version-<br />Come with 15 swatches, decoration, some furniture and more."
28399,房型,,,#地图,https://www.nexusmods.com/stardewvalley/mods/28399,Organized Big Shed,7Kana,21,https://staticdelivery.nexusmods.com/mods/1303/images/28399/28399-1728207477-1196285369.png,,,2025-4-29,,地图,"I organized the Big Shed space, this mod replaces Big Shed."
22550,配音(英语),,,#音频,https://www.nexusmods.com/stardewvalley/mods/22550,Stardew Voices - A Voice Over Mod For Stardew Valley - All Love Interests,Shannon Hobby,12,https://staticdelivery.nexusmods.com/mods/1303/images/22550/22550-1767292191-1665860019.png,,1.0.1-Beta,2026-1-2,,音频,"Stardew Voices is an effort to add full voice over to the characters of Stardew Valley. Currently only romanceable characters are dubbed as a proof of concept. This mod includes all dialogue lines, events, festivals, and text bubbles for romanceable characters."
20974,多种配色浪漫花园农场,,,#地图,https://www.nexusmods.com/stardewvalley/mods/20974,Wildflour's Romantic Garden Farm,wildflourmods,21,https://staticdelivery.nexusmods.com/mods/1303/images/20974/20974-1711321834-1120403911.png,,,2024-3-26,,地图,"a bigger, bolder custom farm map for 1.6 in a organized, English garden style with marble accents. Dedicated space for crops, animals, flower / honey production and multiple recolor options for the marble decor supported"
39609,落地窗户和门,,,#家具,https://www.nexusmods.com/stardewvalley/mods/39609,Envia Doors and Windows,Envia,23,https://staticdelivery.nexusmods.com/mods/1303/images/39609/39609-1763912652-509609647.png,,,2025-11-23,,家具,"This time, it's a variety of windows and doors with natural styles, all featuring replacement textures from JungleDecal."
37925,四季窗户下雨/雪/落叶,,CP模式添加了四种季节的窗户；AT模式额外添加了下雨，下雪，落叶的动态效果,#家具,https://www.nexusmods.com/stardewvalley/mods/37925,CP  Seasons Dynamic Window,sakurakiyo,23,https://staticdelivery.nexusmods.com/mods/1303/images/37925/37925-1760006478-1102980872.png,,,2025-9-27,,家具,添加了四种季节的窗户<br />Added four seasonal windows
39601,10种发型,,,#玩家,https://www.nexusmods.com/stardewvalley/mods/39601,(FS) Yeon Yi's Hairstyles 7,Yeon Yi,4,https://staticdelivery.nexusmods.com/mods/1303/images/39601/39601-1763887873-34876457.png,,,2025-11-23,,玩家,My hairstyles collection but at version 7! Requires Fashion Sense. (✿◡‿◡)
36493,5种新的可染发型,,,#玩家,https://www.nexusmods.com/stardewvalley/mods/36493,(FS) Yeon Yi's Hairstyles 5,Yeon Yi,4,https://staticdelivery.nexusmods.com/mods/1303/images/36493/36493-1754749627-1734987377.png,,,2025-8-9,,玩家,Hurray!!! My hair collection but now in version 5! Requires Fashion Sense. ( •̀ ω •́ )✧
36324,5种新的发型,,,#玩家,https://www.nexusmods.com/stardewvalley/mods/36324,(FS) Yeon Yi's Hairstyles 4,Yeon Yi,4,https://staticdelivery.nexusmods.com/mods/1303/images/36324/36324-1754317964-841351283.png,,,2025-8-4,,玩家,My hairstyles collection is now at version 4! Requires Fashion Sense.╰(*°▽°*)╯
36037,5种新的发型-FS,,,#玩家,https://www.nexusmods.com/stardewvalley/mods/36037,(FS) Yeon Yi's Hairstyles 3,Yeon Yi,4,https://staticdelivery.nexusmods.com/mods/1303/images/36037/36037-1753511996-628066776.png,,,2025-8-1,,玩家,Yeon Yi's Hairstyles but now at version 3 yay! Requires Fashion Sense.╰(*°▽°*)╯
40522,新年五套服装和发饰,,,#衣服,https://www.nexusmods.com/stardewvalley/mods/40522,Luo Li's top and skirt49,luoli,13,https://staticdelivery.nexusmods.com/mods/1303/images/40522/40522-1766561875-555058358.png,,,2025-12-24,,衣服,5 sets of FS mode clothing and hair accessories
40567,新年三套新的红色,,,#衣服,https://www.nexusmods.com/stardewvalley/mods/40567,weiwei's red New Year's clothes,weiwei,13,https://staticdelivery.nexusmods.com/mods/1303/images/40567/40567-1766834957-716743440.jpg,,,2025-12-27,,衣服,这是一个关于FS模组，你需要去皮埃尔那里购买手镜，然后通过手镜获取这些东西。(需要Fashion Sense前置）<br />This is about the FS mod. You need to buy a hand mirror from Pierre and then use the hand mirror to obtain these items. (FS mod requires Fashion Sense as a prerequisite.)
40110,180件新家具,,,#家具,https://www.nexusmods.com/stardewvalley/mods/40110,Luminous Jade Workshop Furniture (CP Add),labixiaoluwan,23,https://staticdelivery.nexusmods.com/mods/1303/images/40110/40110-1765434712-835322551.jpg,,,2025-12-11,,家具,Add 180 new pieces of furniture to your game.
17323,紫色薰衣草界面,,,#用户界面,https://www.nexusmods.com/stardewvalley/mods/17323,Lavender Dreams UI Recolor,Vinilla,10,https://staticdelivery.nexusmods.com/mods/1303/images/17323/17323-1711047668-1430436496.png,,,2025-10-2,,用户界面,"A UI recolor with a purple, nature-inspired aesthetic."
13694,星空蓝色界面,,,#用户界面,https://www.nexusmods.com/stardewvalley/mods/13694,Starry Blue UI (Content Patcher),sqbr,10,https://staticdelivery.nexusmods.com/mods/1303/images/13694/13694-1662606013-1580367565.png,,,2024-11-20,,用户界面,"A blue and purple user interface with stars and swirls. Compatible with version 1.6 and the in-game translation. I haven't tested the 1.6 update very thoroughly, let me know if you hit problems."
24090,星空海洋花园界面,,,#用户界面,https://www.nexusmods.com/stardewvalley/mods/24090,Starry Ocean Garden UI Theme -Available in Different Languages-,suzukiPC,10,https://staticdelivery.nexusmods.com/mods/1303/images/24090/24090-1715858155-1886778106.jpeg,,1.2.3,2024-9-29,,用户界面,"A user interface mod that predominantly uses the colours purple, blue, teal, and pink. Themed after galaxies, oceans, and gardens :) <br />(Sky not included!)"
25141,樱花界面,,,#用户界面,https://www.nexusmods.com/stardewvalley/mods/25141,Cherry Blossom UI,JustaSlime,10,https://staticdelivery.nexusmods.com/mods/1303/images/25141/25141-1718313393-1058990958.png,,,2024-9-2,,用户界面,"A UI mod for the toolbar, clock, dialogue boxes, portraits, inventory, and the title"
26299,春天花藤界面,,,#用户界面,https://www.nexusmods.com/stardewvalley/mods/26299,Spring Floral Vines UI Recolour,GoshCakes,10,https://staticdelivery.nexusmods.com/mods/1303/images/26299/26299-1721738646-1713817806.png,,,2025-7-24,,用户界面,Changes ui and title screen to spring theme.
36326,祝尼魔界面,,,#用户界面,https://www.nexusmods.com/stardewvalley/mods/36326,Junimo Takeover,GoshCakes,10,https://staticdelivery.nexusmods.com/mods/1303/images/36326/36326-1754329399-122926207.png,,,2025-8-5,,用户界面,Changes ui to Junimo theme
22253,秋季主题界面,,,#用户界面,https://www.nexusmods.com/stardewvalley/mods/22253,Fall UI,GoshCakes,10,https://staticdelivery.nexusmods.com/mods/1303/images/22253/22253-1712787992-1595079721.png,,,2025-7-24,,用户界面,Changes UI to Red &amp; brown Featuring Fall themes
13658,DaisyNiko的复古界面,,,#用户界面,https://www.nexusmods.com/stardewvalley/mods/13658,DaisyNiko's Earthy Interface,DaisyNiko,10,https://staticdelivery.nexusmods.com/mods/1303/images/13658/13658-1662424502-1463861017.png,,1.2,2024-11-11,,用户界面,"a warm, earth-toned user interface recolour"
25349,低调的春天界面,,,#用户界面,https://www.nexusmods.com/stardewvalley/mods/25349,Lowkey Spring Interface Recolor,Perlade,10,https://staticdelivery.nexusmods.com/mods/1303/images/25349/25349-1718937740-678390199.png,,,2025-2-16,,用户界面,A muted peachy UI recolor with floral accents.
14027,复古樱花界面,,,#用户界面,https://www.nexusmods.com/stardewvalley/mods/14027,Sakura Interface Redux,TheFrenchDodo and eyeyumi,10,https://staticdelivery.nexusmods.com/mods/1303/images/14027/14027-1673140821-206420932.png,,,2025-6-15,,用户界面,An interface recolor inspired by cherry blossoms! Bring some colors and flowers into your game.
20037,白花绿色界面（1.5可用，1.6未更新）,,,#用户界面,https://www.nexusmods.com/stardewvalley/mods/20037,Green and Flower Interface(CP),gedian,10,https://staticdelivery.nexusmods.com/mods/1303/images/20037/20037-1706793645-128701334.png,,,2024-2-1,,用户界面,白色鲜花主题的绿色界面
16396,粉色洛丽塔界面,,,#用户界面,https://www.nexusmods.com/stardewvalley/mods/16396,Pink Lolita Interface,otohimexoxo,10,https://staticdelivery.nexusmods.com/mods/1303/images/16396/16396-1682125838-1877766437.png,,,2024-5-6,,用户界面,makes the interface cute and pink ♡
35996,哥特风界面,,,#视觉效果和图形,https://www.nexusmods.com/stardewvalley/mods/35996,DBB's Victorian Gothic User Interface,donutbunnybunny,25,https://staticdelivery.nexusmods.com/mods/1303/images/35996/35996-1753377632-2116054404.png,,,2025-9-16,,视觉效果和图形,Changes the interface to a Victorian Gothic theme
16970,香草特色界面,,,#用户界面,https://www.nexusmods.com/stardewvalley/mods/16970,Vanilla Accent Interface,notbelovely,10,https://staticdelivery.nexusmods.com/mods/1303/images/16970/16970-1746897488-1317648937.png,,,2025-5-11,,用户界面,A vanilla interface that has been edited to make it a little cleaner.
17272,四季对话框美化,,,#用户界面,https://www.nexusmods.com/stardewvalley/mods/17272,(CP) Seasonal Vanilla UI,GalaxyRobot - VLgor - Mangozey,10,https://staticdelivery.nexusmods.com/mods/1303/images/17272/17272-1764545971-698538730.png,,,2025-11-18,,用户界面,A mod that decorates the characters' UI according to the season and festival! Now available in recolors
17356,复古对话框美化,,,#用户界面,https://www.nexusmods.com/stardewvalley/mods/17356,ricehit UI,ricehit,10,https://staticdelivery.nexusmods.com/mods/1303/images/17356/17356-1688967522-546707885.png,,,2023-7-10,,用户界面,我们为星露谷绘制了更加精致的UI美化，但目前仅包含人物对话框的美化
30493,中国风季节性对话框美化,,,#视觉效果和图形,https://www.nexusmods.com/stardewvalley/mods/30493,WU-Chinese style seasonal UI,xiaowugogo,25,https://staticdelivery.nexusmods.com/mods/1303/images/30493/30493-1735736936-1152253208.png,,,2025-1-1,,视觉效果和图形,Chinese style seasonal UI
16726,AT 暗色系地毯,,,#家具,https://www.nexusmods.com/stardewvalley/mods/16726,(AT) Shyzie's Rugs,Shyzie,23,https://staticdelivery.nexusmods.com/mods/1303/images/16726/16726-1693871598-335715096.png,,1.0.1,2023-5-18,,家具,Rugs! ♡ Peet friendly. For Alternative Textures.
20640,AT 巫师地毯,,,#家具,https://www.nexusmods.com/stardewvalley/mods/20640,(AT) Shyzie's Witchy Goblincore Rugs,Shyzie,23,https://staticdelivery.nexusmods.com/mods/1303/images/20640/20640-1710883651-1831313239.png,,,2024-3-20,,家具,☽ Witchy goblincore rugs! ☾ For Alternative Textures.
17916,AT 季节性地毯,,,#家具,https://www.nexusmods.com/stardewvalley/mods/17916,(AT) Shyzie's Seasonal Rugs,Shyzie,23,https://staticdelivery.nexusmods.com/mods/1303/images/17916/17916-1692504672-204316696.png,,1.0.1,2023-11-5,,家具,A small collection of seasonal rugs. ♡ For Alternative Textures.
28177,AT和CP 先知的地毯,,,#家具,https://www.nexusmods.com/stardewvalley/mods/28177,Prophet's Rugs,Prophet,23,https://staticdelivery.nexusmods.com/mods/1303/images/28177/28177-1727296415-1423508850.png,,,2024-9-26,,家具,A Set Of Cozy Rugs!
11107,AT 野餐地毯,,,#视觉效果和图形,https://www.nexusmods.com/stardewvalley/mods/11107,AT - Picnic Rugs,skellady,25,https://staticdelivery.nexusmods.com/mods/1303/images/11107/11107-1693580513-1812983882.png,,,2023-6-13,,视觉效果和图形,Recolors the rug from Penny's event and adds its as a furniture item you can use to decorate! 10 different variations.
14321,AT 蕾丝地毯,,,#家具,https://www.nexusmods.com/stardewvalley/mods/14321,Lacey Rugs Pt. 1 for Alternative Textures,Doxepins,23,https://staticdelivery.nexusmods.com/mods/1303/images/14321/14321-1667353254-850934567.png,,,2022-11-2,,家具,Some cute rugs for alternative textures
14390,AT 蕾丝地毯②,,,#室内设计,https://www.nexusmods.com/stardewvalley/mods/14390,Lacey Rugs Pt. 2 for Alternative Textures,Doxepins,19,https://staticdelivery.nexusmods.com/mods/1303/images/14390/14390-1668006767-1848134997.png,,,2022-11-9,,室内设计,Some more cute rugs for Alternative textures
19402,AT 宝可梦地毯,,,#家具,https://www.nexusmods.com/stardewvalley/mods/19402,(AT) Shyzie's Pokemon Rugs,Shyzie,23,https://staticdelivery.nexusmods.com/mods/1303/images/19402/19402-1701679388-1089382254.png,,1.0.1,2023-12-12,,家具,Pokemon rugs! ♡ For Alternative Textures.
26732,AT 几何地毯,,,#家具,https://www.nexusmods.com/stardewvalley/mods/26732,Even More Geometric Rugs for AT,0Logophile0,23,https://staticdelivery.nexusmods.com/mods/1303/images/26732/26732-1722821048-1795187881.png,,,2024-8-5,,家具,Adds 30 new rugs via Alternative Textures (15 new designs).
30155,AT 水果地毯,,,#家具,https://www.nexusmods.com/stardewvalley/mods/30155,(AT) Shyzie's Fruit Rugs,Shyzie,23,https://staticdelivery.nexusmods.com/mods/1303/images/30155/30155-1734543983-1339935723.png,,1.0.0,2024-12-18,,家具,Small fruit rugs! ♡ For Alternative Textures.
18217,AT 几何地毯②,,,#家具,https://www.nexusmods.com/stardewvalley/mods/18217,Geometric Rugs for AT,0Logophile0,23,https://staticdelivery.nexusmods.com/mods/1303/images/18217/18217-1694319668-1844831178.png,,,2023-9-10,,家具,Adds 14 new rugs via Alternative Textures
32464,AT 中性色调地毯,,,#家具,https://www.nexusmods.com/stardewvalley/mods/32464,Gem's Neutral-Toned Rugs (AT),gemsthetic,23,https://staticdelivery.nexusmods.com/mods/1303/images/32464/32464-1742352888-1657081374.png,,,2025-3-19,,家具,Small pack of rugs for Alternative Textures! Neutral aesthetic to fit any vibe.
34079,AT 可爱地毯,,,#家具,https://www.nexusmods.com/stardewvalley/mods/34079,AT Cute Rugs,orochifrogu,23,https://staticdelivery.nexusmods.com/mods/1303/images/34079/34079-1747556249-1211723052.png,,,2025-5-18,,家具,"49 new rugs! In 7 designs, with 7 colour options each. 5 designs of my own, and 2 are recolouring of vanilla rugs! Stay tuned for more furniture to match these colour schemes &lt;3"
19433,赛巴斯主题界面,,,#用户界面,https://www.nexusmods.com/stardewvalley/mods/19433,Sebastian UI,GoshCakes,10,https://staticdelivery.nexusmods.com/mods/1303/images/19433/19433-1711669341-503636365.png,,,2025-7-24,,用户界面,A Mod that changes the title scene and UI to blue with Sebastian features.
19815,艾利欧特主题界面,,,#用户界面,https://www.nexusmods.com/stardewvalley/mods/19815,Elliott UI (nautical),GoshCakes,10,https://staticdelivery.nexusmods.com/mods/1303/images/19815/19815-1704929078-868245763.png,,,2025-7-24,,用户界面,A mod that changes the user interface to a nautical theme featuring Elliott.
19527,哈维主题界面,,,#用户界面,https://www.nexusmods.com/stardewvalley/mods/19527,Harvey UI,Kaycakes,10,https://staticdelivery.nexusmods.com/mods/1303/images/19527/19527-1702686984-2133921082.png,,,2025-7-24,,用户界面,A mod that changes the ui colour and features Harvey themes.
20201,海莉主题界面,,,#用户界面,https://www.nexusmods.com/stardewvalley/mods/20201,Haley UI,GoshCakes,10,https://staticdelivery.nexusmods.com/mods/1303/images/20201/20201-1707922844-273221323.png,,,2025-7-24,,用户界面,Changes the user interface to blue and pink featuring Haley
22120,潘妮主题界面,,,#用户界面,https://www.nexusmods.com/stardewvalley/mods/22120,Penny UI (Fall),GoshCakes,10,https://staticdelivery.nexusmods.com/mods/1303/images/22120/22120-1712613223-1461135063.png,,,2024-4-9,,用户界面,"Changes UI to red with yellow vines, fall themed, featuring Penny"
23647,谢恩主题界面,,,#用户界面,https://www.nexusmods.com/stardewvalley/mods/23647,Shane UI,GoshCakes,10,https://staticdelivery.nexusmods.com/mods/1303/images/23647/23647-1714858798-99547738.png,,,2025-7-24,,用户界面,Changes ui to blue and Brown with Shane features.
36188,莉亚主题界面,,,#用户界面,https://www.nexusmods.com/stardewvalley/mods/36188,Leah UI,GoshCakes,10,https://staticdelivery.nexusmods.com/mods/1303/images/36188/36188-1753894295-912480631.png,,,2025-7-31,,用户界面,Changes ui colours (check pics)
21632,猫猫岛,,,#地图,https://www.nexusmods.com/stardewvalley/mods/21632,Lnh's More Custom Farms,LiuNianHui,21,https://staticdelivery.nexusmods.com/mods/1303/images/21632/21632-1712095265-2056996970.png,,,2025-7-12,,地图,"这个mod可以让你同时拥有多个农场，并且可以建造农场建筑，不影响现有存档(This mod allows you to have multiple custom farms at the same time, without affecting your farm, and old game saves can be used directly)"
5727,怪物消失,,,#游戏机制,https://www.nexusmods.com/stardewvalley/mods/5727,Remove All Monsters,dejelly,3,https://staticdelivery.nexusmods.com/mods/1303/images/5727/5727-1586026458-131706944.gif,,,2020-4-5,,游戏机制,Removes all monsters from all locations in the game.
16854,AT 森系工艺品美化,,,#制作,https://www.nexusmods.com/stardewvalley/mods/16854,Forest Wood Craftables,TangaS2,22,https://staticdelivery.nexusmods.com/mods/1303/images/16854/16854-1685353290-934129782.png,,,2024-4-12,,制作,It is a manufacturing machine based on Tanga forest building.
20727,CP+AT 粉色系工艺品美化,,,#制作,https://www.nexusmods.com/stardewvalley/mods/20727,Delaney's Energetic Craftables,Delaney1035,22,https://staticdelivery.nexusmods.com/mods/1303/images/20727/20727-1711186089-1487595583.png,,,2024-4-21,,制作,对Craftables的重新着色，使它们看起来更有活力（1.6版本更新的新物品暂时不包含）。与1.6版本兼容，此模组将会进一步更新。
15907,AT 可爱的粉色工艺品,,,#视觉效果和图形,https://www.nexusmods.com/stardewvalley/mods/15907,(AT) Cute Pink and White Craftables for Alternative Textures,BeneathThePlass,25,https://staticdelivery.nexusmods.com/mods/1303/images/15907/15907-1679213665-1087090914.png,,1.2.1,2025-12-16,,视觉效果和图形,A set of cute pink and white craftables for Alternative Textures!
34465,CP chichi的甜美工艺品,,,#制作,https://www.nexusmods.com/stardewvalley/mods/34465,(CP) Chichi's Sweet Craftables,Chichi,22,https://staticdelivery.nexusmods.com/mods/1303/images/34465/34465-1748844646-663445270.png,,,2025-6-4,,制作,A mod that retextured a couple of craftables to a soft white and pink palette.
5513,CP 中世纪工艺品美化,,,#制作,https://www.nexusmods.com/stardewvalley/mods/5513,Gwen's Medieval Craftables,Gweniaczek,22,https://staticdelivery.nexusmods.com/mods/1303/images/5513/5513-1587907393-1583568803.png,,2.5,2024-3-27,,制作,Seasonal craftables retexture/recolor c:
38273,献给Sleep Token家具,,,#家具,https://www.nexusmods.com/stardewvalley/mods/38273,(AT) Offerings To Sleep,reyphorian,23,https://staticdelivery.nexusmods.com/mods/1303/images/38273/38273-1760567431-1698050277.png,,,2025-12-4,,家具,Adds furniture based on album artworks and visuals from Sleep Token
38492,原神毛绒玩具,,,#家具,https://www.nexusmods.com/stardewvalley/mods/38492,Genshin Impact Plushies - Fontaine,vikich3rry,23,https://staticdelivery.nexusmods.com/mods/1303/images/38492/38492-1762906198-655228209.png,,,2025-12-3,,家具,"Adds 14 new plushies, featuring all currently playable Fontainian characters from Genshin Impact!"
38391,地板美化,,,#视觉效果和图形,https://www.nexusmods.com/stardewvalley/mods/38391,Old Town Paving Stones,euzcian,25,https://staticdelivery.nexusmods.com/mods/1303/images/38391/38391-1760074833-457288688.png,,,2025-11-20,,视觉效果和图形,Add 10 new paths
37864,白色窗户和地毯,,,#家具,https://www.nexusmods.com/stardewvalley/mods/37864,White windows and Grid rugs,Natsuume,23,https://staticdelivery.nexusmods.com/mods/1303/images/37864/37864-1758814561-754325910.png,,,2025-9-25,,家具,cp新增窗户和地毯
37840,Miku毛绒玩具,,,#家具,https://www.nexusmods.com/stardewvalley/mods/37840,AT Yingluo's Magical Mirai 2013-2025 Miku Fufu,yingluoqianmeng,23,https://staticdelivery.nexusmods.com/mods/1303/images/37840/37840-1758714714-208776024.png,,,2025-9-24,,家具,Magical Mirai 2013-2025 Miku Fufu
36090,复古家具,,,#家具,https://www.nexusmods.com/stardewvalley/mods/36090,Vintage Industrial Decor,ENGloomy,23,https://staticdelivery.nexusmods.com/mods/1303/images/36090/36090-1753656003-1721016105.jpg,,,2025-8-2,,家具,Adds 120+ furniture items that blend vintage charm with industrial aesthetics.
36084,草莓奶昔家具,,,#家具,https://www.nexusmods.com/stardewvalley/mods/36084,Strawberry Milkshake furniture,YanSe,23,https://staticdelivery.nexusmods.com/mods/1303/images/36084/36084-1753635251-2083124691.png,,,2025-7-28,,家具,Pink and tender strawberry series furniture
35934,土豆的家具,,,#家具,https://www.nexusmods.com/stardewvalley/mods/35934,Potatoes' Cozy Furniture - Joja's Replacement,Potatoes and LunariaFaye,23,https://staticdelivery.nexusmods.com/mods/1303/images/35934/35934-1753190541-399636592.png,,,2026-1-3,,家具,"Replace Jojas's Furniture OR use the standalone version! Bathroom furniture + A palette option to go with Bogs' mods, to match their style. &lt;3"
35782,祝尼莫地毯,,,#家具,https://www.nexusmods.com/stardewvalley/mods/35782,CP-MMAP Junimo Rug - Spawns Junimos and Firefly,catissocute,23,https://staticdelivery.nexusmods.com/mods/1303/images/35782/35782-1752749660-189981849.png,,,2025-7-17,,家具,This can spawn some junimos and fireflies as you walk through these junimos rugs.
35529,天鹅绒家具,,,#家具,https://www.nexusmods.com/stardewvalley/mods/35529,Victorian Furniture - Swan Set,PlatinumCats,23,https://staticdelivery.nexusmods.com/mods/1303/images/35529/35529-1752320892-246913096.png,,,2025-7-12,,家具,"A vintage, swan-themed Victorian furniture pack to decorate your farmhouse."
35613,裁缝铺家具,,,#家具,https://www.nexusmods.com/stardewvalley/mods/35613,CP and AT_LBXLW_Tailor's Shop Furniture Catalogue,labixiaoluwan,23,https://staticdelivery.nexusmods.com/mods/1303/images/35613/35613-1752326850-638127447.jpg,,,2025-7-12,,家具,Add 65 pieces of furniture to your game. [CP] and [AT] versions .
35559,燕云十六声家具,,,#家具,https://www.nexusmods.com/stardewvalley/mods/35559,(CP)(MMAP)Wherewindsmeet Qinghe,umganil,23,https://staticdelivery.nexusmods.com/mods/1303/images/35559/35559-1752219090-701839550.png,,,2025-7-12,,家具,Added some Chinese style interior antique furniture from the Wherewindsmee game.
35462,户外露营家具,,,#项目,https://www.nexusmods.com/stardewvalley/mods/35462,CatUpLover's Outdoor furniture for camping,CatUpLover-mychocolate,15,https://staticdelivery.nexusmods.com/mods/1303/images/35462/35462-1751985899-1578297867.png,,,2025-7-12,,项目,CatUpLover's Outdoor furniture for camping<br />케첩러버의 캠핑용 야외 가구<br /><br />An old mode created in 2022 mychocolate made it work with the latest version.<br />22년도에 제작된 오래된 모드를  mychocolate 씨가 최신 버전에서 작동되도록 만들어 주셨습니다.
36221,果果的发型,,,#衣服,https://www.nexusmods.com/stardewvalley/mods/36221,BL8Mgugugu Hairs1,BL8Mgugugu,13,https://staticdelivery.nexusmods.com/mods/1303/images/36221/36221-1754031625-911805927.png,,,2025-8-1,,衣服,五种发型
36216,洛离的服装,,,#衣服,https://www.nexusmods.com/stardewvalley/mods/36216,Luo Li's top and skirt47,luoli,13,https://staticdelivery.nexusmods.com/mods/1303/images/36216/36216-1754025546-1345838923.png,,,2025-8-1,,衣服,10 sets of FS mode clothing and hair accessories
36083,sid的发型,,,#衣服,https://www.nexusmods.com/stardewvalley/mods/36083,Sid's daily hair,Sid,13,https://staticdelivery.nexusmods.com/mods/1303/images/36083/36083-1753634604-527578273.png,,,2025-7-29,,衣服,根据我自己会扎的发型画的一些 以后应该还会更新更多的mod 有需要可以去小红书@Sid 找我
35998,小芽服装,,,#衣服,https://www.nexusmods.com/stardewvalley/mods/35998,Little Sprout for Fashion Sense,Rivuke,13,https://staticdelivery.nexusmods.com/mods/1303/images/35998/35998-1753380000-1484749370.png,,,2025-7-25,,衣服,"some little sprouts in droopy or standing versions, with or without flowers!"
35908,幸运星服装,,,#衣服,https://www.nexusmods.com/stardewvalley/mods/35908,FS-HD-Luoxue lucky star,Luoxue,13,https://staticdelivery.nexusmods.com/mods/1303/images/35908/35908-1753097052-842405174.png,,,2025-7-21,,衣服,Seven new high-definition dresses<br /><br />新增7套高清洋裝
35847,yeon yi的发型②,,,#玩家,https://www.nexusmods.com/stardewvalley/mods/35847,(FS) Yeon Yi's Hairstyles 2,Yeon Yi,4,https://staticdelivery.nexusmods.com/mods/1303/images/35847/35847-1752912741-200109605.png,,,2025-7-19,,玩家,The version 2 of my hairstyles mod. Requires Fashion Sense. (●'◡'●)
35677,鹿耳装饰,,,#衣服,https://www.nexusmods.com/stardewvalley/mods/35677,Deer Ears for Fashion Sense,Rivuke,13,https://staticdelivery.nexusmods.com/mods/1303/images/35677/35677-1752439490-1929141500.png,,,2025-7-14,,衣服,a cute pair of deer ears with little antlers!
36220,AT 送客的中秋桂树（替代小屋）,,,#建筑,https://www.nexusmods.com/stardewvalley/mods/36220,(AT)Song Ke's Mid-Autumn Festival Laurel,SongKe,17,https://staticdelivery.nexusmods.com/mods/1303/images/36220/36220-1754028709-1735144414.jpg,,,2025-8-1,,建筑,"This is a special gift for Song Ke's fans (Mid-Autumn Festival Osmanthus Tree), replacing the shed in the game. It is available in two orientations."
36198,安逸的季节性巴士,,,#建筑,https://www.nexusmods.com/stardewvalley/mods/36198,A Yri-style seasonal floral bus,momo,17,https://staticdelivery.nexusmods.com/mods/1303/images/36198/36198-1755169696-1520284574.png,,,2025-8-14,,建筑,--简介--<br />这个模组将户外的公交车替换成欧式建筑样式，有四季花朵装饰，适配Yri的城镇大修。<br />希望你喜欢我的模组！
36142,AT 丝带🎀小屋（仅农舍）,,,#建筑,https://www.nexusmods.com/stardewvalley/mods/36142,(AT)ribbon cottage,UsagiQwQ,17,https://staticdelivery.nexusmods.com/mods/1303/images/36142/36142-1753793060-32646265.jpg,,,2025-7-29,,建筑,"这个模组美化了星露谷的小屋外观，采用蝴蝶结与可爱风元素，适用于AT模式，为你的农场增添梦幻温馨的气氛。<br />This mod beautifies the Stardew Valley farmhouse with a ribbon and cute style. Designed for Alternative Textures (AT), it adds a sweet and dreamy vibe to your farm."
36116,仙女巴士,,,#视觉效果和图形,https://www.nexusmods.com/stardewvalley/mods/36116,Fairy Buses,cozysweetpotato,25,https://staticdelivery.nexusmods.com/mods/1303/images/36116/36116-1753748568-521686000.png,,,2025-7-29,,视觉效果和图形,5 fairy buses for your fairycore farm &lt;3
35844,粉色巴士,,,#建筑,https://www.nexusmods.com/stardewvalley/mods/35844,Sakura Mochi Bus,cozysweetpotato,17,https://staticdelivery.nexusmods.com/mods/1303/images/35844/35844-1752892652-505072996.png,,,2025-7-19,,建筑,Recolors the bus to be a creamy pink sakura mochi flowery design
33974,发型,,,#衣服,https://www.nexusmods.com/stardewvalley/mods/33974,(FS)jiao's hairs0514,jiaojiao,13,https://staticdelivery.nexusmods.com/mods/1303/images/33974/33974-1747213517-1276020141.jpeg,,,2025-5-14,,衣服,12顶卷发发型
34018,三套小礼服,,,#衣服,https://www.nexusmods.com/stardewvalley/mods/34018,Three dress outfits,BL8Mgugugu,13,https://staticdelivery.nexusmods.com/mods/1303/images/34018/34018-1747382581-770148459.png,,,2025-5-16,,衣服,我制作了三套服装
34013,假期套装,,,#衣服,https://www.nexusmods.com/stardewvalley/mods/34013,(FS)Summer vacation set,Arkneru,13,https://staticdelivery.nexusmods.com/mods/1303/images/34013/34013-1747372278-1478522022.png,,,2025-5-21,,衣服,Summer is coming! ready with Summer Vacation-theme clothes and hats!
33977,华丽礼服,,,#衣服,https://www.nexusmods.com/stardewvalley/mods/33977,Oriyado's Clothing pack0003,marind,13,https://staticdelivery.nexusmods.com/mods/1303/images/33977/33977-1747218054-59699181.jpeg,,,2025-5-14,,衣服,They are three gorgeous dresses!
33972,狐狸女巫套装,,,#衣服,https://www.nexusmods.com/stardewvalley/mods/33972,(FS) Kitsune Miko set,Arkneru,13,https://staticdelivery.nexusmods.com/mods/1303/images/33972/33972-1747200026-85097597.png,,,2025-5-14,,衣服,Japanese style Kitsune Set
33963,舒适的衣服,,,#衣服,https://www.nexusmods.com/stardewvalley/mods/33963,Green Cozy Wardrobe,vvcni,13,https://staticdelivery.nexusmods.com/mods/1303/images/33963/33963-1759880618-1080028720.png,,,2025-5-14,,衣服,"A cozy collection of 6 green-toned outfits + a straw hat with a bow , perfect for bringing seasonal style to your farm"
34001,小花仙家具,,,#家具,https://www.nexusmods.com/stardewvalley/mods/34001,Flower Fairy Series Furniture,Long,23,https://staticdelivery.nexusmods.com/mods/1303/images/34001/34001-1747332810-1682940275.jpeg,,,2025-5-16,,家具,源于《小花仙》游戏中的家具，禁止二改二传，感谢使用
33825,新增床,,,#家具,https://www.nexusmods.com/stardewvalley/mods/33825,FF3.0-Qiaozisang's newly added furniture_unofficial,qiaozisang and cuteissocute,23,https://staticdelivery.nexusmods.com/mods/1303/images/33825/33825-1746700984-1309667233.png,,,2025-5-8,,家具,Some beautiful furniture.
33318,咖啡面包店家具,,,#家具,https://www.nexusmods.com/stardewvalley/mods/33318,(CR) Kisaa's Cozy Rustic Bakery n' Cafe Furniture,crystalinerose,23,https://staticdelivery.nexusmods.com/mods/1303/images/33318/33318-1746424697-305662482.png,,,2025-6-10,,家具,"A 230+ items furniture pack to build a Cozy Rustic bakery and cafe. A professional commercial kitchen and a modern cafe storefront is possible! Featuring wood, tile, and metal countertops, 2 cabinet styles, 9 wood palettes, 4 tile palettes, and 6 metal palettes designed to match the original Cozy Rustic Kitchen."
33686,咖啡店家具,,,#家具,https://www.nexusmods.com/stardewvalley/mods/33686,AT_LBXLW's Cafe Furnitures,labixiaoluwan,23,https://staticdelivery.nexusmods.com/mods/1303/images/33686/33686-1746154484-174750423.jpeg,,,2025-5-2,,家具,"This set is based on a real cafe run by my friend. You can use them to create a coffee shop of your own.Combine those parts as you like .<br />For [AT].<br />Before you install this mod, you need to download the following two pre-mods and learn how to use them on their description pages:<br />SMAPI  &amp; Alternative Textures."
33630,甜梦家具,,,#家具,https://www.nexusmods.com/stardewvalley/mods/33630,AT Yingluo's Sweet Dream Furniture Series,yingluoqianmeng,23,https://staticdelivery.nexusmods.com/mods/1303/images/33630/33630-1747756455-1417741536.png,,,2025-5-20,,家具,Yingluo's Sweet Dream Furniture Series
33282,新增家具,,,#家具,https://www.nexusmods.com/stardewvalley/mods/33282,PC's Old World Furniture(Chinese),sora6949,23,https://staticdelivery.nexusmods.com/mods/1303/images/33282/33282-1744805356-509391132.png,,1.01,2025-4-19,,家具,家具翻译，这个作者做的家具很好看
32813,AT 蒸汽朋克风农舍,,,#建筑,https://www.nexusmods.com/stardewvalley/mods/32813,AT_LBXLW's Steampunk Farmhouse(Basic and Seasonal),Labixiaoluwan,17,https://staticdelivery.nexusmods.com/mods/1303/images/32813/32813-1743424158-2012811418.jpeg,,,2025-3-31,,建筑,Containing Farmhouses for four grades(basic and seasonal version) AND Mailboxes(basic and seasonal version).<br />包含四个等级的农舍（基础版和季节性版本）；包含邮筒（基础版和季节性版本）。
32444,菜篮子农舍,,,#建筑,https://www.nexusmods.com/stardewvalley/mods/32444,LBXLW's Vegetable Basket Farmhouse(seasonal)_AT,Labixiaoluwan,17,https://staticdelivery.nexusmods.com/mods/1303/images/32444/32444-1742177404-1154018918.jpeg,,,2025-3-17,,建筑,AT.<br /><br />Seasonal Farmhouses.Hope you like them.<br /><br />“菜篮子计划”季节性农舍，农夫们，收获满满吧！
31568,浣熊屋农舍,,,#视觉效果和图形,https://www.nexusmods.com/stardewvalley/mods/31568,Raccoon Style Farmhouse,sadnumbme,25,https://staticdelivery.nexusmods.com/mods/1303/images/31568/31568-1739067354-675480494.png,,,2025-2-9,,视觉效果和图形,Makes the farmhouse exterior into raccoon style farmhouse.
30094,巫师农舍,,,#建筑,https://www.nexusmods.com/stardewvalley/mods/30094,AT-Miss Witch's small farmhouse and shipping box,Luoxue,17,https://staticdelivery.nexusmods.com/mods/1303/images/30094/30094-1734256724-1784122673.png,,,2024-12-15,,建筑,Add farmhouse and shipping crate<br />新增農舍和運輸箱
29679,鹅卵石农舍,,,#建筑,https://www.nexusmods.com/stardewvalley/mods/29679,Cobbled Farmhouse (CP or AT),fiveTrillionElves,17,https://staticdelivery.nexusmods.com/mods/1303/images/29679/29679-1732412315-1793348562.png,,,2024-11-25,,建筑,"A cobbled together farmhouse in a solarpunk style, reminiscent of Caravan Sand-Witch or Summer House."
30828,AT 天然家具,,,#家具,https://www.nexusmods.com/stardewvalley/mods/30828,Reisha's Natural Furniture,Reisha,23,https://staticdelivery.nexusmods.com/mods/1303/images/30828/30828-1736739507-219829634.png,,1.0.1,2025-9-8,,家具,Alternative Textures mod pack of rattan and ocean inspired furniture
30507,CP 美乐蒂家具,,,#家具,https://www.nexusmods.com/stardewvalley/mods/30507,My Melody Furniture,otohimexoxo,23,https://staticdelivery.nexusmods.com/mods/1303/images/30507/30507-1735797613-890287915.png,,,2025-11-6,,家具,Includes 29 My Melody-themed furniture pieces + wallpaper and flooring ♡
30488,AT Gotoh hitori家具,,,#家具,https://www.nexusmods.com/stardewvalley/mods/30488,AT Yingluo's Gotoh Hitori-themed furniture,yingluoqianmeng,23,https://staticdelivery.nexusmods.com/mods/1303/images/30488/30488-1735716025-402445251.jpeg,,,2025-1-1,,家具,This is a set of furniture landscaping with the theme of Gotoh Hitori.
30135,CF+CP+FF 鲜花与诗歌家具,,,#家具,https://www.nexusmods.com/stardewvalley/mods/30135,Flowers And Poetry FURNITURE,Sisa,23,https://staticdelivery.nexusmods.com/mods/1303/images/30135/30135-1734408445-1643510495.jpeg,,,2025-5-22,,家具,复刻了食物语的繁花与诗家具全套，共计30项。
29917,浴室家具,,,#家具,https://www.nexusmods.com/stardewvalley/mods/29917,Cozy Modern Bathroom Furniture,Pixeltica,23,https://staticdelivery.nexusmods.com/mods/1303/images/29917/29917-1735942321-642133801.png,,1.1.0,2024-12-29,,家具,A large vanilla-friendly collection of bathroom fixtures and furniture for Content Patcher.
29762,粉色浴室家具,,,#家具,https://www.nexusmods.com/stardewvalley/mods/29762,Oku's Basic Bathroom Furniture - AT,Oku,23,https://staticdelivery.nexusmods.com/mods/1303/images/29762/29762-1732821748-952586269.png,,,2024-11-30,,家具,adds 20+ bathroom furniture with alternative textures | sdv 1.6+
29416,向日葵家具,,,#家具,https://www.nexusmods.com/stardewvalley/mods/29416,(AT)(CP)Gintyann's Sunflower Furniture,Gintyann,23,https://staticdelivery.nexusmods.com/mods/1303/images/29416/29416-1731666747-411717700.png,,,2024-11-15,,家具,这是一套含向日葵元素的深色系家具
28986,万圣节家具,,,#家具,https://www.nexusmods.com/stardewvalley/mods/28986,yuyan Halloween Furniture,yuyan,23,https://staticdelivery.nexusmods.com/mods/1303/images/28986/28986-1730307649-1649539002.png,,,2024-10-31,,家具,鱼眼的万圣节家具！大部分来源于Decole玩具的万圣节系列！！<br />（如果侵权请联系我)<br />Decole 系列都特别特别萌XD
20188,blight的高清装饰,,,#衣服,https://www.nexusmods.com/stardewvalley/mods/20188,(FS)blight's dynamic HD accessories,blight,13,https://staticdelivery.nexusmods.com/mods/1303/images/20188/20188-1707806279-385603266.png,,,2024-2-13,,衣服,该模组为游戏增添了20件动态高清FS服装配件和四个动态发型，建议搭配高清服饰食用，希望大家用的开心！<br />需注意手机版无法使用，需要Fashion sence前置<br />2024—2.13<br />blight
12107,kyuya的服饰包,,,#衣服,https://www.nexusmods.com/stardewvalley/mods/12107,Kyuya's accessories pack,Kyuya,13,https://staticdelivery.nexusmods.com/mods/1303/images/12107/12107-1691167891-120377841.png,,,2023-8-5,,衣服,A collection of my accessories creations.
11635,蝴蝶面纱,,,#衣服,https://www.nexusmods.com/stardewvalley/mods/11635,Butterfly Veil,Kyuya,13,https://staticdelivery.nexusmods.com/mods/1303/images/11635/11635-1649748587-1555444828.gif,,,2023-8-1,,衣服,A veil held by butterflies.
23676,yeon的发饰,,,#衣服,https://www.nexusmods.com/stardewvalley/mods/23676,(FS) Yeon Yi's Hair Bows,Yeon Yi,13,https://staticdelivery.nexusmods.com/mods/1303/images/23676/23676-1720323537-1352992992.png,,,2025-2-18,,衣服,Adds new hair bows for your farmer! Requires Fashion Sense!!! ( •̀ .̫ •́ )✧
19682,Yomi的头饰,,,#衣服,https://www.nexusmods.com/stardewvalley/mods/19682,Yomi's Cute HD Headwear-JA(Applicable 1.5),Yomi,13,https://staticdelivery.nexusmods.com/mods/1303/images/19682/19682-1743263468-1639723079.png,,,2024-1-2,,衣服,小红薯：@幽咪<br />B站：@爱游戏的幽咪 新年快乐！！！
26804,装饰角和长裙,,,#衣服,https://www.nexusmods.com/stardewvalley/mods/26804,Mossy Witchy Outfits and Horns by b0rszcz for Fashion Sense,b0rszcz,13,https://staticdelivery.nexusmods.com/mods/1303/images/26804/26804-1724365738-1696601230.png,,,2024-8-27,,衣服,"Adds 3 new long dresses, 2 pairs of horns (in two variants) and 2 new crowns (also in two variants)."
20622,damiemie的十个头饰,,,#衣服,https://www.nexusmods.com/stardewvalley/mods/20622,Da Miemie's Ten headdresses,Da Miemie,13,https://staticdelivery.nexusmods.com/mods/1303/images/20622/20622-1710860169-544582037.jpeg,,,2024-3-26,,衣服,ja模式的10种头饰
19838,鲜花发饰,,,#衣服,https://www.nexusmods.com/stardewvalley/mods/19838,FS-HD-Luoxue Accessories collection2,Luoxue0426,13,https://staticdelivery.nexusmods.com/mods/1303/images/19838/19838-1731325626-185781318.png,,,2024-11-11,,衣服,高清頭飾
19925,蝴蝶翅膀,,,#衣服,https://www.nexusmods.com/stardewvalley/mods/19925,(FS)wing of the butterfly,No0023,13,https://staticdelivery.nexusmods.com/mods/1303/images/19925/19925-1705767499-356424738.jpeg,,,2024-1-21,,衣服,一个静态的穿戴翅膀，灵感来自光明女神蝶。
25106,dawn的翅膀,,,#衣服,https://www.nexusmods.com/stardewvalley/mods/25106,Dawn's Hummingbird Wings for Fashion Sense,Luny,13,https://staticdelivery.nexusmods.com/mods/1303/images/25106/25106-1718213438-1853030861.jpeg,,,2024-6-13,,衣服,Adds two pairs of hummingbird wings to Fashion Sense.
26851,帽子拓展包,,,#衣服,https://www.nexusmods.com/stardewvalley/mods/26851,(FS) Vanilla Hats Extended,Tea-Loving Lad,13,https://staticdelivery.nexusmods.com/mods/1303/images/26851/26851-1723222026-378339529.png,,,2024-8-17,,衣服,"A Fashion Sense Pack that adds all base-game hats and additional variants as hats and/or accesories, including versions with full color customization.."
11780,FS kyuya的帽子,,,#衣服,https://www.nexusmods.com/stardewvalley/mods/11780,Kyuya's hats pack,Kyuya,13,https://staticdelivery.nexusmods.com/mods/1303/images/11780/11780-1650718293-533765211.png,,,2023-8-4,,衣服,A collection of my hats creations.
17405,FS 帽子和角,,,#衣服,https://www.nexusmods.com/stardewvalley/mods/17405,Hats and Horns,PlatinumCats,13,https://staticdelivery.nexusmods.com/mods/1303/images/17405/17405-1689515608-326042466.png,,,2024-3-23,,衣服,Adds a collection of headwear for your farmer via Fashion Sense.
13735,FS 女巫帽,,,#衣服,https://www.nexusmods.com/stardewvalley/mods/13735,Witch Hats (Fashion Sense),KaileyStardew,13,https://staticdelivery.nexusmods.com/mods/1303/images/13735/13735-1662847634-1806338797.png,,,2022-9-11,,衣服,"Adds Witch Hats (by 7yrsofbadluck) to Fashion sense.<br />Includes all original hats, and adds colourable and prismatic versions."
20457,FS 可爱帽子,,,#衣服,https://www.nexusmods.com/stardewvalley/mods/20457,Arkneru's cutie hats,Arkneru,13,https://staticdelivery.nexusmods.com/mods/1303/images/20457/20457-1709820511-1229858807.png,,,2025-5-14,,衣服,Cutie hats made by.Arkneru<br />+<br />FS version is updated and added 1 hat !
25195,FS luny的帽子,,,#衣服,https://www.nexusmods.com/stardewvalley/mods/25195,Luny's Witch Hats for Fashion Sense,Luny,13,https://staticdelivery.nexusmods.com/mods/1303/images/25195/25195-1718462897-1260877190.jpeg,,,2024-6-15,,衣服,"Adds three styles of witch hats to Fashion Sense, all are dyeable! (´꒳`)♡"
25118,FS ellinan的发型,,,#衣服,https://www.nexusmods.com/stardewvalley/mods/25118,Elliana's Soft Hairstyles,Elliana4515,13,https://staticdelivery.nexusmods.com/mods/1303/images/25118/25118-1718235044-289116178.png,,1.0.1,2024-6-13,,衣服,28 hairstyles for fashion sense in Stardew Valley
16747,FS 糯米熊的发型,,,#衣服,https://www.nexusmods.com/stardewvalley/mods/16747,NuoMiXiong's Hairstyles,NuoMiXiong,13,https://staticdelivery.nexusmods.com/mods/1303/images/16747/16747-1684593913-1193295166.png,,,2023-5-20,,衣服,10种简单的发型，需要Fashion Sense
19769,FS 发型包,,,#玩家,https://www.nexusmods.com/stardewvalley/mods/19769,FS-Mercury star hair,Luoxue0426,4,https://staticdelivery.nexusmods.com/mods/1303/images/19769/19769-1734521288-1011648768.png,,,2024-12-18,,玩家,fs頭髮<br />划水人專用的髮型(๑•̀ᄇ•́)و ✧
19480,FS 果仁的藤蔓发型包,,,#衣服,https://www.nexusmods.com/stardewvalley/mods/19480,GuoRen's vine-wrapped hairstyle,GuoRen1116,13,https://staticdelivery.nexusmods.com/mods/1303/images/19480/19480-1702212627-1547306391.png,,,2023-12-12,,衣服,18个新发型，其中12个发型缠绕着藤蔓，每个发型都会漏出一点耳朵。
21077,FS 拼色头发,,,#衣服,https://www.nexusmods.com/stardewvalley/mods/21077,FS - Two Toned Hairs,mimikyuu,13,https://staticdelivery.nexusmods.com/mods/1303/images/21077/21077-1712693616-2141433507.png,,,2024-4-10,,衣服,A few two toned hairstyles to work with FS
19547,FS 甜美发型包,,,#玩家,https://www.nexusmods.com/stardewvalley/mods/19547,FS-Sweet hair and sweet cool hair,Luoxue0426,4,https://staticdelivery.nexusmods.com/mods/1303/images/19547/19547-1734705321-1992740340.png,,,2024-12-20,,玩家,Thank you very much ❤️asjdfhasuidfh12387❤️ for helping to create fs mode
27931,FS belight男性发型包,,,#衣服,https://www.nexusmods.com/stardewvalley/mods/27931,FS Belight's HD Male hair,blight,13,https://staticdelivery.nexusmods.com/mods/1303/images/27931/27931-1726551061-2126370113.png,,,2024-9-17,,衣服,本模组为游戏添加了11款高清男农夫发型，祝大家中秋快乐！！<br />电脑需要9969的fashionsence 前置，手机需额外下载26897的配置文件替换5.8.1版本的fashion sence的Fashion sence.dll文件替换，进入游戏后在皮埃尔处购买手持镜（Hand mirror）即可换装
28128,FS AY的发型包,,,#衣服,https://www.nexusmods.com/stardewvalley/mods/28128,Ay's hairstyle,Ayoyaiyao1,13,https://staticdelivery.nexusmods.com/mods/1303/images/28128/28128-1727097886-2019637696.png,,,2024-9-23,,衣服,FS模式的16顶发型，希望你喜欢这个modʕ ᵔᴥᵔ ʔ
19471,FS 洛雪圣诞发型,,,#玩家,https://www.nexusmods.com/stardewvalley/mods/19471,FS-Christmas hair,Luoxue0426,4,https://staticdelivery.nexusmods.com/mods/1303/images/19471/19471-1734698360-2081760099.png,,,2024-12-20,,玩家,新增時尚感<br />13款聖誕節頭髮
24849,FS 自带帽子的发型,,,#衣服,https://www.nexusmods.com/stardewvalley/mods/24849,(FS)Five Hairstyles That Bring Your Own Hat,Toffee71,13,https://staticdelivery.nexusmods.com/mods/1303/images/24849/24849-1717531747-1836344185.jpeg,,,2024-6-4,,衣服,Five Hairstyles with Hats<br />Need a sense of fashion
37562,鸡,,,#活动,https://www.nexusmods.com/stardewvalley/mods/37562,Romanced NPCs in CC Ceremony - RUS,A1ZZM,18,https://staticdelivery.nexusmods.com/mods/1303/images/37562/37562-1757626444-1232716275.png,,,2025-9-14,,活动,Ваш любимый NPC примет участие в церемонии восстановления Общественного центра.
18296,洛离的美发包,,,#玩家,https://www.nexusmods.com/stardewvalley/mods/18296,Luoli's FS Hair Pack3,luoli,4,https://staticdelivery.nexusmods.com/mods/1303/images/18296/18296-1694847812-2088441773.png,,,2023-9-16,,玩家,"Ten types of hair, they are FS patterns"
20060,果仁的头发和衣服,,,#衣服,https://www.nexusmods.com/stardewvalley/mods/20060,GuoRen's clothes and hair1,GuoRen1116,13,https://staticdelivery.nexusmods.com/mods/1303/images/20060/20060-1708508700-439772188.png,,,2024-2-3,,衣服,六套衣服+头饰 其中五套是ja 一套是fs<br />两个fs的长袖子 一个fs的发型<br />希望你喜欢ʌʌ
5916,AquaRC的衣服发型包,,,#人物,https://www.nexusmods.com/stardewvalley/mods/5916,AquaRC Clothing and Hair Compilation Pack,AquaRC,5,https://staticdelivery.nexusmods.com/mods/1303/images/5916/5916-1587909991-644917735.png,,,2021-3-21,,人物,"Contains the hairstyles I've previously made and some new ones!<br />Adds in a number of new shirt items and a few hats too to match the characters in this mod.<br />To obtain the clothing, you'll need to spawn them in with CJB Item Spawner.<br />I also reccomend the Dynamic Sleeves Mod By Lavender Light if you want the outfits to have long sleeves"
16600,GY的发型和帽子,,,#衣服,https://www.nexusmods.com/stardewvalley/mods/16600,Hairstyles And Hats byGY,GwendolineQAQ,13,https://staticdelivery.nexusmods.com/mods/1303/images/16600/16600-1683446053-622532005.jpeg,,,2023-5-7,,衣服,一些自制发型和发饰
19593,日常发型包,,,#玩家,https://www.nexusmods.com/stardewvalley/mods/19593,FS-daily hair,Luoxue0426,4,https://staticdelivery.nexusmods.com/mods/1303/images/19593/19593-1734779937-572588399.png,,,2024-12-21,,玩家,新增時尚感<br /><br />男生和女生的日常頭髮
19322,洛离的发型包,,,#玩家,https://www.nexusmods.com/stardewvalley/mods/19322,Luoli's FS Hair Pack4,luoli,4,https://staticdelivery.nexusmods.com/mods/1303/images/19322/19322-1701177588-1869547239.png,,,2023-11-29,,玩家,"Ten types of hair, they are FS patterns"
20442,iiinnn的发型,,,#衣服,https://www.nexusmods.com/stardewvalley/mods/20442,iiinnn's hairs 1.6,iiinnn,13,https://staticdelivery.nexusmods.com/mods/1303/images/20442/20442-1709708383-1421487865.png,,,2024-3-30,,衣服,FS模式的8个可爱发型，希望你能喜欢
22085,洛离的发型包②,,,#玩家,https://www.nexusmods.com/stardewvalley/mods/22085,Luoli's FS Hair Pack6,luoli,4,https://staticdelivery.nexusmods.com/mods/1303/images/22085/22085-1712576193-1894475780.png,,,2024-4-8,,玩家,"Ten types of hair, they are FS patterns"
22339,siffyy的发型,,,#人物,https://www.nexusmods.com/stardewvalley/mods/22339,Siffyy's FS Hairs,Siffyy,5,https://staticdelivery.nexusmods.com/mods/1303/images/22339/22339-1712900870-1334781129.png,,,2024-4-12,,人物,Siffyy's FS Hairs
19481,belight的发型,,,#衣服,https://www.nexusmods.com/stardewvalley/mods/19481,FS belight's hair,belight,13,https://staticdelivery.nexusmods.com/mods/1303/images/19481/19481-1702229693-583892779.jpeg,,,2023-12-11,,衣服,FS模式的头发模组，为游戏新绘制了13种发型
2869,发型包,,,#玩家,https://www.nexusmods.com/stardewvalley/mods/2869,Coii's Hair Sets Pack,Coii,4,https://staticdelivery.nexusmods.com/mods/1303/images/2869/2869-1537901961-84133299.png,,,2020-1-19,,玩家,Adds to farmer's hairstyles. (Long and Short version.)
2393,Yuri的发型包,,,#玩家,https://www.nexusmods.com/stardewvalley/mods/2393,Yuriyuri's Hairstyles,snowcmpie,4,https://staticdelivery.nexusmods.com/mods/1303/images/2393/2393-1529035050-684222825.png,,,2018-7-9,,玩家,32 new girl's hairstyle
11909,shardust的发型,,,#视觉效果和图形,https://www.nexusmods.com/stardewvalley/mods/11909,(FS) Shardust's Hairstyes -Direct port of my Content Patcher hair mod-,Shardust,25,https://staticdelivery.nexusmods.com/mods/1303/images/11909/11909-1680211282-768979289.png,,,2025-11-15,,视觉效果和图形,"This is a -direct- port of my Content Patcher hairstyle mod which -only features custom hairstyles-, so the hair is -not- animated.<br />Will be updated along the Content Patcher mod and my other Fashion Sense hair mod."
17460,洛离的发型,,,#衣服,https://www.nexusmods.com/stardewvalley/mods/17460,Luoli's FS Hair Pack,luoli,13,https://staticdelivery.nexusmods.com/mods/1303/images/17460/17460-1689579357-416208776.png,,,2023-7-17,,衣服,"Ten hairs, they are FS patterns"
17702,日常发型,,,#玩家,https://www.nexusmods.com/stardewvalley/mods/17702,Daily hairstyles,Kyuya,4,https://staticdelivery.nexusmods.com/mods/1303/images/17702/17702-1691246970-778429868.png,,,2023-8-5,,玩家,八款日常的发型。/Eight daily hairstyles.
24015,优雅发型包,,,#玩家,https://www.nexusmods.com/stardewvalley/mods/24015,(FS - CP) Kkunma Hair collection,Halpyy,4,https://staticdelivery.nexusmods.com/mods/1303/images/24015/24015-1715697755-1676853241.png,,,2024-5-14,,玩家,A collection of my Kkunma conversions.
17836,洛离的发型包③,,,#衣服,https://www.nexusmods.com/stardewvalley/mods/17836,Luoli's FS Hair Pack2,luoli,13,https://staticdelivery.nexusmods.com/mods/1303/images/17836/17836-1692017241-278426977.png,,,2023-8-14,,衣服,"Ten types of hair, they are FS patterns"
14710,洛离的衣服,,,#衣服,https://www.nexusmods.com/stardewvalley/mods/14710,JA_FS_Luo Li's top and skirt11 and hat,luoli,13,https://staticdelivery.nexusmods.com/mods/1303/images/14710/14710-1670499957-1165302716.png,,,2023-7-24,,衣服,十套衣服加帽子
23504,连衣裙,,,#衣服,https://www.nexusmods.com/stardewvalley/mods/23504,(FS) Orangeblossom's Sundresses,orangeblossom,13,https://staticdelivery.nexusmods.com/mods/1303/images/23504/23504-1714564851-136934087.png,,,2024-5-1,,衣服,sundresses in 6 colors
15135,idaida衬衣包,,,#衣服,https://www.nexusmods.com/stardewvalley/mods/15135,IdaIda's Farmer's Shirts (for CP and FS),IdaIda,13,https://staticdelivery.nexusmods.com/mods/1303/images/15135/15135-1674130613-1718936241.png,,,2023-1-24,,衣服,This mod changes the farmer shirts.
14201,洛离老师的三套服饰,,,#衣服,https://www.nexusmods.com/stardewvalley/mods/14201,JA_FS_Luo Li's top and skirt3,luoli,13,https://staticdelivery.nexusmods.com/mods/1303/images/14201/14201-1666448015-1991739479.png,,,2023-7-24,,衣服,画了三套套装
21849,冬装,,,#衣服,https://www.nexusmods.com/stardewvalley/mods/21849,(FS) 12 winter suits,Mychocolate,13,https://staticdelivery.nexusmods.com/mods/1303/images/21849/21849-1712335303-1865751866.png,,,2024-4-11,,衣服,添加12件棉服上衣+11种帽子+3种棉服补充下装（是羽绒服的延长，不是裤子），需要9969时尚感前置，我使用的身体型是桃体，瘦，高
23925,luny的连衣裙,,,#衣服,https://www.nexusmods.com/stardewvalley/mods/23925,Luny's Farm Dresses for FS,Luny,13,https://staticdelivery.nexusmods.com/mods/1303/images/23925/23925-1718655077-874535956.jpeg,,,2025-5-20,,衣服,"This is my first mod, but I tried my best with it! It adds a custom shirt and skirt to Fashion Sense, themed around a farming cottagecore aesthetic. :3"
24633,海中小动物服饰,,,#衣服,https://www.nexusmods.com/stardewvalley/mods/24633,FS  Clothing and size of small animals in the sea,ggeggs,13,https://staticdelivery.nexusmods.com/mods/1303/images/24633/24633-1717473902-1237385606.png,,,2024-8-14,,衣服,
19534,粉色可爱洒水器,,,#制作,https://www.nexusmods.com/stardewvalley/mods/19534,Berryz Sanrio Sprinklers,berryz,22,https://staticdelivery.nexusmods.com/mods/1303/images/19534/19534-1702739806-926233697.png,,,2023-12-16,,制作,sanrio themed sprinklers for alternative textures
15876,库洛米洒水器,,,#视觉效果和图形,https://www.nexusmods.com/stardewvalley/mods/15876,cp-Kuromi Sprinkler,Annie,25,https://staticdelivery.nexusmods.com/mods/1303/images/15876/15876-1679052361-705013787.png,,,2023-3-17,,视觉效果和图形,♡这是一个洒水器美化，望食用愉快♡
19246,三丽鸥稻草人,,,#制作,https://www.nexusmods.com/stardewvalley/mods/19246,Sanrio Scarecrow (Content Patcher),hummingmints,22,https://staticdelivery.nexusmods.com/mods/1303/images/19246/19246-1700463148-1890860665.png,,,2023-11-20,,制作,"A WIP mod that replaces scarecrows and rarecrows with sanrio characters. Currently contains: Keroppi, Badtz Maru, Hello Kitty, Pompompurin, Kuromi, and My Melody. Suggest a character in posts/comments if you'd like!"
15983,三丽鸥立牌稻草人,,,#视觉效果和图形,https://www.nexusmods.com/stardewvalley/mods/15983,JA-Sanrio's Scarecrows,Annie,25,https://staticdelivery.nexusmods.com/mods/1303/images/15983/15983-1679656575-971645800.png,,,2023-3-24,,视觉效果和图形,♡添加了12种稻草人♡
17826,三丽鸥毛绒玩偶,,,#家具,https://www.nexusmods.com/stardewvalley/mods/17826,kawaii sanrio n friendz plushies for alternative texture,jwnrz,23,https://staticdelivery.nexusmods.com/mods/1303/images/17826/17826-1691972066-547649297.jpeg,,,2023-8-14,,家具,"plushies for all ur y2k, scenemo, gyaru n kawaii needs!!"
13622,第二组毛绒玩具,,,#家具,https://www.nexusmods.com/stardewvalley/mods/13622,Sanrio Plushies (AT),smampai,23,https://staticdelivery.nexusmods.com/mods/1303/images/13622/13622-1711132725-1496904189.png,,,2024-3-23,,家具,Turns the small junimo plush and the decorative lantern into cute little SANRIO PLUSHIES!!!
12712,三丽鸥出物箱,,,#建筑,https://www.nexusmods.com/stardewvalley/mods/12712,Berryz Sanrio Bins,Berryz,17,https://staticdelivery.nexusmods.com/mods/1303/images/12712/12712-1656622008-796473497.png,,1.0.0,2024-4-3,,建筑,sanrio themed shipping bin recolor
12623,小熊出物箱,,,#建筑,https://www.nexusmods.com/stardewvalley/mods/12623,Berryz Bear Shipping Bin,Berryz,17,https://staticdelivery.nexusmods.com/mods/1303/images/12623/12623-1656276098-1651866846.png,,1.0.0,2025-10-30,,建筑,a recolour for the shipping bin with a cute bear popping out when opened
14125,游乐场玩滑滑梯,,,#游戏机制,https://www.nexusmods.com/stardewvalley/mods/14125,Playground Mod,aedenthorn,3,https://staticdelivery.nexusmods.com/mods/1303/images/14125/14125-1665845066-1505528126.png,,0.5.0,2025-4-27,,游戏机制,"Lets you swing on the swings, slide down the slide, and rock on the rocking duck in the Pelican Town playground."
7332,回到鹈鹕镇,,,#建筑,https://www.nexusmods.com/stardewvalley/mods/7332,Way Back Pelican Town,Gweniaczek,17,https://staticdelivery.nexusmods.com/mods/1303/images/7332/7332-1713074679-1210663410.png,,,2024-4-14,,建筑,Seasonal retexture of all town buildings/structures/decor.
40575,果树积累到28个（默认3个）,,,#游戏机制,https://www.nexusmods.com/stardewvalley/mods/40575,Fruit Tree Accumulation,Sable17,3,https://staticdelivery.nexusmods.com/mods/1303/images/40575/40575-1766889512-1328183868.png,,1.0.0,2025-12-28,,游戏机制,"Fruit trees can accumulate up to 28 fruit, instead of just 3, before needing to be harvested."
40775,动态阴影效果,,,#视觉效果和图形,https://www.nexusmods.com/stardewvalley/mods/40775,Dynamic Shader,Nook,25,https://staticdelivery.nexusmods.com/mods/1303/images/40775/40775-1767367130-1318646864.png,,1.0.0,2026-1-2,,视觉效果和图形,"Introduces shader system to Stardew Valley.<br />Currently features realistic dynamic shadows, with Bloom, Volumetric Fog, and Water Reflections planned."
40711,活泼好动的宠物,,,#游戏机制,https://www.nexusmods.com/stardewvalley/mods/40711,Active and Useful Pets,recht,3,https://staticdelivery.nexusmods.com/mods/1303/images/40711/40711-1767206228-1210654828.png,,,2026-1-1,,游戏机制,"Useful Pets! makes your pet an active companion. Pets explore town/farm on a schedule, level up with XP, unlock abilities (Forager + Watchdog/crow protection), and develop a personality that affects exploration frequency. Includes an in-menu Pet Status tab."